Warning: You are sending unauthenticated requests to the HF Hub. Please set a HF_TOKEN to enable higher rate limits and faster downloads.
Loading weights:   0%|          | 0/436 [00:00<?, ?it/s]Loading weights:  51%|█████     | 223/436 [00:00<00:00, 2229.68it/s]Loading weights: 100%|██████████| 436/436 [00:00<00:00, 1728.20it/s]
HFLensModel(GPT2LMHeadModel, n_layers=36, d_model=1280)
[     6s +  6.16s] fit: n_layers=36 d_model=1280, fitting 35 source layers (target=L35) on 1000 prompts
[    58s + 52.54s]   prompt 1/1000  seq_len=128 n_valid=111  49s  max||J||/sqrt(d)=1.214  max_d_mean=nan
[  2m00s + 61.30s]   prompt 2/1000  seq_len=106 n_valid=89  61s  max||J||/sqrt(d)=1.152  max_d_mean=4.61e-01
[  2m57s + 57.71s]   prompt 3/1000  seq_len=111 n_valid=94  58s  max||J||/sqrt(d)=1.198  max_d_mean=3.27e-01
[  3m54s + 56.59s]   prompt 4/1000  seq_len=128 n_valid=111  57s  max||J||/sqrt(d)=1.244  max_d_mean=3.18e-01
[  4m51s + 57.50s]   prompt 5/1000  seq_len=128 n_valid=111  58s  max||J||/sqrt(d)=1.311  max_d_mean=3.15e-01
[  5m54s + 62.30s]   prompt 6/1000  seq_len=90 n_valid=73  62s  max||J||/sqrt(d)=1.232  max_d_mean=2.19e-01
[  6m50s + 55.90s]   prompt 7/1000  seq_len=128 n_valid=111  56s  max||J||/sqrt(d)=1.177  max_d_mean=1.75e-01
[  7m48s + 58.21s]   prompt 8/1000  seq_len=128 n_valid=111  58s  max||J||/sqrt(d)=1.206  max_d_mean=1.95e-01
[  8m44s + 56.49s]   prompt 9/1000  seq_len=128 n_valid=111  56s  max||J||/sqrt(d)=1.251  max_d_mean=1.92e-01
[  9m40s + 56.11s]   prompt 10/1000  seq_len=128 n_valid=111  56s  max||J||/sqrt(d)=1.192  max_d_mean=1.00e-01
[ 10m38s + 57.19s]   prompt 11/1000  seq_len=128 n_valid=111  57s  max||J||/sqrt(d)=1.237  max_d_mean=1.19e-01
[ 11m26s + 48.30s]   prompt 12/1000  seq_len=128 n_valid=111  48s  max||J||/sqrt(d)=1.200  max_d_mean=8.92e-02
[ 12m13s + 47.40s]   prompt 13/1000  seq_len=128 n_valid=111  47s  max||J||/sqrt(d)=1.206  max_d_mean=7.31e-02
W0818 05:40:54.372000 140793 torch/_dynamo/convert_frame.py:1016] [0/8] torch._dynamo hit config.recompile_limit (8)
W0818 05:40:54.372000 140793 torch/_dynamo/convert_frame.py:1016] [0/8]    function: '__call__' (/usr/local/lib/python3.12/dist-packages/transformers/modeling_layers.py:79)
W0818 05:40:54.372000 140793 torch/_dynamo/convert_frame.py:1016] [0/8]    last reason: 0/1: tensor 'args[0]' requires_grad mismatch. expected requires_grad=1
W0818 05:40:54.372000 140793 torch/_dynamo/convert_frame.py:1016] [0/8] To log all recompilation reasons, use TORCH_LOGS="recompiles".
W0818 05:40:54.372000 140793 torch/_dynamo/convert_frame.py:1016] [0/8] To diagnose recompilation issues, see https://pytorch.org/docs/main/torch.compiler_troubleshooting.html.
[ 13m05s + 51.60s]   prompt 14/1000  seq_len=99 n_valid=82  52s  max||J||/sqrt(d)=1.218  max_d_mean=6.69e-02
[ 13m55s + 50.20s]   prompt 15/1000  seq_len=77 n_valid=60  50s  max||J||/sqrt(d)=1.229  max_d_mean=8.70e-02
[ 14m44s + 48.81s]   prompt 16/1000  seq_len=128 n_valid=111  49s  max||J||/sqrt(d)=1.168  max_d_mean=5.36e-02
[ 15m37s + 53.29s]   prompt 17/1000  seq_len=128 n_valid=111  53s  max||J||/sqrt(d)=1.260  max_d_mean=6.29e-02
[ 16m31s + 54.00s]   prompt 18/1000  seq_len=104 n_valid=87  54s  max||J||/sqrt(d)=1.171  max_d_mean=4.58e-02
[ 17m20s + 49.30s]   prompt 19/1000  seq_len=80 n_valid=63  49s  max||J||/sqrt(d)=1.200  max_d_mean=7.93e-02
[ 18m12s + 51.11s]   prompt 20/1000  seq_len=128 n_valid=111  51s  max||J||/sqrt(d)=1.165  max_d_mean=5.69e-02
[ 19m03s + 51.70s]   prompt 21/1000  seq_len=128 n_valid=111  52s  max||J||/sqrt(d)=1.196  max_d_mean=5.64e-02
[ 19m56s + 52.70s]   prompt 22/1000  seq_len=128 n_valid=111  53s  max||J||/sqrt(d)=1.164  max_d_mean=5.32e-02
[ 20m45s + 48.90s]   prompt 23/1000  seq_len=111 n_valid=94  49s  max||J||/sqrt(d)=1.191  max_d_mean=4.86e-02
[ 21m35s + 50.30s]   prompt 24/1000  seq_len=95 n_valid=78  50s  max||J||/sqrt(d)=1.199  max_d_mean=5.75e-02
[ 22m29s + 54.20s]   prompt 25/1000  seq_len=128 n_valid=111  54s  max||J||/sqrt(d)=1.195  max_d_mean=5.02e-02
[ 23m19s + 49.60s]   prompt 26/1000  seq_len=128 n_valid=111  50s  max||J||/sqrt(d)=1.206  max_d_mean=5.28e-02
[ 24m10s + 51.21s]   prompt 27/1000  seq_len=95 n_valid=78  51s  max||J||/sqrt(d)=1.179  max_d_mean=9.08e-02
[ 25m02s + 51.79s]   prompt 28/1000  seq_len=128 n_valid=111  52s  max||J||/sqrt(d)=1.240  max_d_mean=6.90e-02
[ 25m54s + 52.10s]   prompt 29/1000  seq_len=128 n_valid=111  52s  max||J||/sqrt(d)=1.222  max_d_mean=1.01e-01
[ 26m46s + 51.90s]   prompt 30/1000  seq_len=47 n_valid=30  52s  max||J||/sqrt(d)=1.130  max_d_mean=4.03e-02
[ 27m38s + 51.70s]   prompt 31/1000  seq_len=81 n_valid=64  52s  max||J||/sqrt(d)=1.172  max_d_mean=4.31e-02
[ 28m33s + 55.09s]   prompt 32/1000  seq_len=88 n_valid=71  55s  max||J||/sqrt(d)=1.192  max_d_mean=3.95e-02
[ 29m28s + 55.80s]   prompt 33/1000  seq_len=70 n_valid=53  56s  max||J||/sqrt(d)=1.251  max_d_mean=5.13e-02
[ 30m21s + 52.51s]   prompt 34/1000  seq_len=128 n_valid=111  53s  max||J||/sqrt(d)=1.241  max_d_mean=5.68e-02
[ 31m14s + 53.20s]   prompt 35/1000  seq_len=91 n_valid=74  53s  max||J||/sqrt(d)=1.180  max_d_mean=5.31e-02
[ 32m06s + 52.30s]   prompt 36/1000  seq_len=67 n_valid=50  52s  max||J||/sqrt(d)=1.167  max_d_mean=4.70e-02
[ 32m59s + 52.70s]   prompt 37/1000  seq_len=128 n_valid=111  53s  max||J||/sqrt(d)=1.188  max_d_mean=5.03e-02
[ 33m52s + 52.80s]   prompt 38/1000  seq_len=128 n_valid=111  53s  max||J||/sqrt(d)=1.227  max_d_mean=4.43e-02
[ 34m45s + 52.50s]   prompt 39/1000  seq_len=128 n_valid=111  52s  max||J||/sqrt(d)=1.186  max_d_mean=2.82e-02
[ 35m37s + 52.80s]   prompt 40/1000  seq_len=128 n_valid=111  53s  max||J||/sqrt(d)=1.240  max_d_mean=4.19e-02
[ 36m30s + 52.30s]   prompt 41/1000  seq_len=98 n_valid=81  52s  max||J||/sqrt(d)=1.203  max_d_mean=4.27e-02
[ 37m25s + 54.90s]   prompt 42/1000  seq_len=83 n_valid=66  55s  max||J||/sqrt(d)=1.331  max_d_mean=5.45e-02
[ 38m16s + 51.40s]   prompt 43/1000  seq_len=58 n_valid=41  51s  max||J||/sqrt(d)=1.128  max_d_mean=2.85e-02
[ 39m06s + 50.20s]   prompt 44/1000  seq_len=98 n_valid=81  50s  max||J||/sqrt(d)=1.334  max_d_mean=4.59e-02
[ 39m56s + 49.90s]   prompt 45/1000  seq_len=128 n_valid=111  50s  max||J||/sqrt(d)=1.200  max_d_mean=3.28e-02
[ 40m47s + 51.40s]   prompt 46/1000  seq_len=127 n_valid=110  51s  max||J||/sqrt(d)=1.209  max_d_mean=2.68e-02
[ 41m38s + 50.51s]   prompt 47/1000  seq_len=128 n_valid=111  51s  max||J||/sqrt(d)=1.192  max_d_mean=2.25e-02
[ 42m30s + 51.90s]   prompt 48/1000  seq_len=123 n_valid=106  52s  max||J||/sqrt(d)=1.229  max_d_mean=2.68e-02
[ 43m23s + 52.89s]   prompt 49/1000  seq_len=68 n_valid=51  53s  max||J||/sqrt(d)=1.148  max_d_mean=2.82e-02
[ 44m15s + 51.80s]   prompt 50/1000  seq_len=128 n_valid=111  52s  max||J||/sqrt(d)=1.237  max_d_mean=2.55e-02
[ 45m07s + 52.30s]   prompt 51/1000  seq_len=45 n_valid=28  52s  max||J||/sqrt(d)=1.129  max_d_mean=2.81e-02
[ 45m57s + 50.00s]   prompt 52/1000  seq_len=128 n_valid=111  50s  max||J||/sqrt(d)=1.220  max_d_mean=2.24e-02
[ 46m45s + 47.80s]   prompt 53/1000  seq_len=115 n_valid=98  48s  max||J||/sqrt(d)=1.212  max_d_mean=2.09e-02
[ 47m32s + 47.60s]   prompt 54/1000  seq_len=95 n_valid=78  48s  max||J||/sqrt(d)=1.197  max_d_mean=2.25e-02
[ 48m18s + 46.20s]   prompt 55/1000  seq_len=98 n_valid=81  46s  max||J||/sqrt(d)=1.181  max_d_mean=2.47e-02
[ 49m06s + 47.10s]   prompt 56/1000  seq_len=92 n_valid=75  47s  max||J||/sqrt(d)=1.210  max_d_mean=2.85e-02
[ 49m51s + 46.00s]   prompt 57/1000  seq_len=93 n_valid=76  46s  max||J||/sqrt(d)=1.169  max_d_mean=2.36e-02
[ 50m38s + 46.20s]   prompt 58/1000  seq_len=84 n_valid=67  46s  max||J||/sqrt(d)=1.156  max_d_mean=3.10e-02
[ 51m22s + 44.30s]   prompt 59/1000  seq_len=53 n_valid=36  44s  max||J||/sqrt(d)=1.131  max_d_mean=2.28e-02
[ 52m08s + 45.61s]   prompt 60/1000  seq_len=92 n_valid=75  46s  max||J||/sqrt(d)=1.171  max_d_mean=1.99e-02
[ 52m53s + 45.19s]   prompt 61/1000  seq_len=91 n_valid=74  45s  max||J||/sqrt(d)=1.227  max_d_mean=2.42e-02
[ 53m43s + 50.51s]   prompt 62/1000  seq_len=100 n_valid=83  51s  max||J||/sqrt(d)=1.169  max_d_mean=1.89e-02
[ 54m32s + 48.20s]   prompt 63/1000  seq_len=94 n_valid=77  48s  max||J||/sqrt(d)=1.174  max_d_mean=1.97e-02
[ 55m18s + 46.30s]   prompt 64/1000  seq_len=122 n_valid=105  46s  max||J||/sqrt(d)=1.182  max_d_mean=2.30e-02
[ 56m03s + 45.00s]   prompt 65/1000  seq_len=128 n_valid=111  45s  max||J||/sqrt(d)=1.235  max_d_mean=2.01e-02
[ 56m49s + 46.61s]   prompt 66/1000  seq_len=41 n_valid=24  47s  max||J||/sqrt(d)=1.133  max_d_mean=2.75e-02
[ 57m37s + 47.49s]   prompt 67/1000  seq_len=90 n_valid=73  47s  max||J||/sqrt(d)=1.142  max_d_mean=1.93e-02
[ 58m23s + 46.20s]   prompt 68/1000  seq_len=128 n_valid=111  46s  max||J||/sqrt(d)=1.227  max_d_mean=2.11e-02
[ 59m13s + 50.40s]   prompt 69/1000  seq_len=101 n_valid=84  50s  max||J||/sqrt(d)=1.145  max_d_mean=1.87e-02
[  1h00m + 47.91s]   prompt 70/1000  seq_len=73 n_valid=56  48s  max||J||/sqrt(d)=1.152  max_d_mean=1.82e-02
[  1h00m + 47.99s]   prompt 71/1000  seq_len=88 n_valid=71  48s  max||J||/sqrt(d)=1.177  max_d_mean=2.12e-02
[  1h01m + 48.60s]   prompt 72/1000  seq_len=93 n_valid=76  49s  max||J||/sqrt(d)=1.178  max_d_mean=1.91e-02
[  1h02m + 49.50s]   prompt 73/1000  seq_len=84 n_valid=67  49s  max||J||/sqrt(d)=1.171  max_d_mean=1.96e-02
[  1h03m + 49.00s]   prompt 74/1000  seq_len=128 n_valid=111  49s  max||J||/sqrt(d)=1.207  max_d_mean=1.80e-02
[  1h04m + 50.21s]   prompt 75/1000  seq_len=128 n_valid=111  50s  max||J||/sqrt(d)=1.271  max_d_mean=2.23e-02
[  1h05m + 55.40s]   prompt 76/1000  seq_len=128 n_valid=111  55s  max||J||/sqrt(d)=1.192  max_d_mean=1.73e-02
[  1h05m + 51.00s]   prompt 77/1000  seq_len=128 n_valid=111  51s  max||J||/sqrt(d)=1.251  max_d_mean=2.07e-02
[  1h06m + 53.29s]   prompt 78/1000  seq_len=120 n_valid=103  53s  max||J||/sqrt(d)=1.221  max_d_mean=1.83e-02
[  1h07m + 56.10s]   prompt 79/1000  seq_len=128 n_valid=111  56s  max||J||/sqrt(d)=1.258  max_d_mean=2.01e-02
[  1h08m + 51.80s]   prompt 80/1000  seq_len=51 n_valid=34  52s  max||J||/sqrt(d)=1.212  max_d_mean=1.93e-02
[  1h09m + 46.50s]   prompt 81/1000  seq_len=82 n_valid=65  46s  max||J||/sqrt(d)=1.181  max_d_mean=1.62e-02
[  1h10m + 47.00s]   prompt 82/1000  seq_len=115 n_valid=98  47s  max||J||/sqrt(d)=1.200  max_d_mean=1.46e-02
[  1h10m + 51.30s]   prompt 83/1000  seq_len=128 n_valid=111  51s  max||J||/sqrt(d)=1.252  max_d_mean=2.04e-02
[  1h11m + 50.20s]   prompt 84/1000  seq_len=128 n_valid=111  50s  max||J||/sqrt(d)=1.165  max_d_mean=1.92e-02
[  1h12m + 50.80s]   prompt 85/1000  seq_len=128 n_valid=111  51s  max||J||/sqrt(d)=1.195  max_d_mean=2.48e-02
[  1h13m + 50.20s]   prompt 86/1000  seq_len=128 n_valid=111  50s  max||J||/sqrt(d)=1.237  max_d_mean=2.20e-02
[  1h14m + 47.10s]   prompt 87/1000  seq_len=128 n_valid=111  47s  max||J||/sqrt(d)=1.284  max_d_mean=2.69e-02
[  1h15m + 48.71s]   prompt 88/1000  seq_len=128 n_valid=111  49s  max||J||/sqrt(d)=1.269  max_d_mean=2.44e-02
[  1h15m + 50.09s]   prompt 89/1000  seq_len=128 n_valid=111  50s  max||J||/sqrt(d)=1.153  max_d_mean=1.71e-02
[  1h16m + 49.10s]   prompt 90/1000  seq_len=99 n_valid=82  49s  max||J||/sqrt(d)=1.162  max_d_mean=1.63e-02
[  1h17m + 49.40s]   prompt 91/1000  seq_len=128 n_valid=111  49s  max||J||/sqrt(d)=1.227  max_d_mean=2.32e-02
[  1h18m + 49.30s]   prompt 92/1000  seq_len=128 n_valid=111  49s  max||J||/sqrt(d)=1.218  max_d_mean=1.67e-02
[  1h19m + 48.10s]   prompt 93/1000  seq_len=113 n_valid=96  48s  max||J||/sqrt(d)=1.201  max_d_mean=1.27e-02
[  1h19m + 47.29s]   prompt 94/1000  seq_len=123 n_valid=106  47s  max||J||/sqrt(d)=1.165  max_d_mean=1.14e-02
[  1h20m + 48.81s]   prompt 95/1000  seq_len=88 n_valid=71  49s  max||J||/sqrt(d)=1.165  max_d_mean=1.51e-02
[  1h21m + 48.19s]   prompt 96/1000  seq_len=128 n_valid=111  48s  max||J||/sqrt(d)=1.211  max_d_mean=1.30e-02
[  1h22m + 43.81s]   prompt 97/1000  seq_len=128 n_valid=111  44s  max||J||/sqrt(d)=1.210  max_d_mean=1.28e-02
[  1h23m + 44.59s]   prompt 98/1000  seq_len=128 n_valid=111  45s  max||J||/sqrt(d)=1.191  max_d_mean=1.42e-02
[  1h23m + 46.20s]   prompt 99/1000  seq_len=128 n_valid=111  46s  max||J||/sqrt(d)=1.185  max_d_mean=1.18e-02
[  1h24m + 46.90s]   prompt 100/1000  seq_len=128 n_valid=111  47s  max||J||/sqrt(d)=1.223  max_d_mean=1.53e-02
[  1h25m + 47.61s]   prompt 101/1000  seq_len=128 n_valid=111  47s  max||J||/sqrt(d)=1.180  max_d_mean=1.27e-02
[  1h26m + 48.39s]   prompt 102/1000  seq_len=128 n_valid=111  48s  max||J||/sqrt(d)=1.227  max_d_mean=1.47e-02
[  1h27m + 48.80s]   prompt 103/1000  seq_len=128 n_valid=111  49s  max||J||/sqrt(d)=1.192  max_d_mean=1.16e-02
[  1h27m + 45.00s]   prompt 104/1000  seq_len=128 n_valid=111  45s  max||J||/sqrt(d)=1.211  max_d_mean=1.24e-02
[  1h28m + 45.00s]   prompt 105/1000  seq_len=128 n_valid=111  45s  max||J||/sqrt(d)=1.196  max_d_mean=1.27e-02
[  1h29m + 47.60s]   prompt 106/1000  seq_len=106 n_valid=89  48s  max||J||/sqrt(d)=1.204  max_d_mean=1.20e-02
[  1h30m + 46.70s]   prompt 107/1000  seq_len=84 n_valid=67  47s  max||J||/sqrt(d)=1.155  max_d_mean=1.11e-02
[  1h30m + 47.30s]   prompt 108/1000  seq_len=68 n_valid=51  47s  max||J||/sqrt(d)=1.141  max_d_mean=1.19e-02
[  1h31m + 46.61s]   prompt 109/1000  seq_len=96 n_valid=79  47s  max||J||/sqrt(d)=1.237  max_d_mean=1.61e-02
[  1h32m + 45.19s]   prompt 110/1000  seq_len=128 n_valid=111  45s  max||J||/sqrt(d)=1.232  max_d_mean=1.33e-02
[  1h33m + 46.60s]   prompt 111/1000  seq_len=128 n_valid=111  47s  max||J||/sqrt(d)=1.189  max_d_mean=1.01e-02
[  1h33m + 45.10s]   prompt 112/1000  seq_len=128 n_valid=111  45s  max||J||/sqrt(d)=1.164  max_d_mean=1.11e-02
[  1h34m + 46.70s]   prompt 113/1000  seq_len=128 n_valid=111  47s  max||J||/sqrt(d)=1.176  max_d_mean=1.16e-02
[  1h35m + 46.19s]   prompt 114/1000  seq_len=128 n_valid=111  46s  max||J||/sqrt(d)=1.192  max_d_mean=1.33e-02
[  1h36m + 46.80s]   prompt 115/1000  seq_len=128 n_valid=111  47s  max||J||/sqrt(d)=1.213  max_d_mean=1.72e-02
[  1h37m + 45.11s]   prompt 116/1000  seq_len=128 n_valid=111  45s  max||J||/sqrt(d)=1.254  max_d_mean=1.84e-02
[  1h37m + 47.29s]   prompt 117/1000  seq_len=101 n_valid=84  47s  max||J||/sqrt(d)=1.138  max_d_mean=1.42e-02
[  1h38m + 46.80s]   prompt 118/1000  seq_len=128 n_valid=111  47s  max||J||/sqrt(d)=1.202  max_d_mean=1.37e-02
[  1h39m + 47.20s]   prompt 119/1000  seq_len=60 n_valid=43  47s  max||J||/sqrt(d)=1.178  max_d_mean=1.68e-02
[  1h40m + 45.59s]   prompt 120/1000  seq_len=128 n_valid=111  46s  max||J||/sqrt(d)=1.239  max_d_mean=1.22e-02
[  1h40m + 44.60s]   prompt 121/1000  seq_len=128 n_valid=111  45s  max||J||/sqrt(d)=1.253  max_d_mean=1.38e-02
[  1h41m + 48.29s]   prompt 122/1000  seq_len=128 n_valid=111  48s  max||J||/sqrt(d)=1.218  max_d_mean=1.15e-02
[  1h42m + 46.10s]   prompt 123/1000  seq_len=128 n_valid=111  46s  max||J||/sqrt(d)=1.175  max_d_mean=1.28e-02
[  1h43m + 46.90s]   prompt 124/1000  seq_len=128 n_valid=111  47s  max||J||/sqrt(d)=1.212  max_d_mean=1.40e-02
[  1h44m + 47.00s]   prompt 125/1000  seq_len=128 n_valid=111  47s  max||J||/sqrt(d)=1.209  max_d_mean=1.04e-02
[  1h44m + 45.60s]   prompt 126/1000  seq_len=128 n_valid=111  45s  max||J||/sqrt(d)=1.304  max_d_mean=1.51e-02
[  1h45m + 45.90s]   prompt 127/1000  seq_len=128 n_valid=111  46s  max||J||/sqrt(d)=1.289  max_d_mean=1.29e-02
[  1h46m + 48.30s]   prompt 128/1000  seq_len=128 n_valid=111  48s  max||J||/sqrt(d)=1.208  max_d_mean=1.17e-02
[  1h47m + 49.70s]   prompt 129/1000  seq_len=128 n_valid=111  50s  max||J||/sqrt(d)=1.212  max_d_mean=1.26e-02
[  1h48m + 47.70s]   prompt 130/1000  seq_len=128 n_valid=111  48s  max||J||/sqrt(d)=1.206  max_d_mean=1.21e-02
[  1h48m + 46.71s]   prompt 131/1000  seq_len=128 n_valid=111  47s  max||J||/sqrt(d)=1.189  max_d_mean=1.83e-02
[  1h49m + 46.00s]   prompt 132/1000  seq_len=128 n_valid=111  46s  max||J||/sqrt(d)=1.212  max_d_mean=1.30e-02
[  1h50m + 47.00s]   prompt 133/1000  seq_len=128 n_valid=111  47s  max||J||/sqrt(d)=1.268  max_d_mean=1.68e-02
[  1h51m + 48.20s]   prompt 134/1000  seq_len=128 n_valid=111  48s  max||J||/sqrt(d)=1.268  max_d_mean=1.95e-02
[  1h51m + 47.40s]   prompt 135/1000  seq_len=128 n_valid=111  47s  max||J||/sqrt(d)=1.217  max_d_mean=1.08e-02
[  1h52m + 48.30s]   prompt 136/1000  seq_len=128 n_valid=111  48s  max||J||/sqrt(d)=1.241  max_d_mean=1.58e-02
[  1h53m + 50.70s]   prompt 137/1000  seq_len=128 n_valid=111  51s  max||J||/sqrt(d)=1.198  max_d_mean=1.91e-02
[  1h54m + 51.79s]   prompt 138/1000  seq_len=110 n_valid=93  52s  max||J||/sqrt(d)=1.227  max_d_mean=2.33e-02
[  1h55m + 49.20s]   prompt 139/1000  seq_len=128 n_valid=111  49s  max||J||/sqrt(d)=1.217  max_d_mean=1.84e-02
[  1h56m + 47.70s]   prompt 140/1000  seq_len=128 n_valid=111  48s  max||J||/sqrt(d)=1.225  max_d_mean=1.44e-02
[  1h56m + 48.71s]   prompt 141/1000  seq_len=128 n_valid=111  49s  max||J||/sqrt(d)=1.212  max_d_mean=1.15e-02
[  1h57m + 49.59s]   prompt 142/1000  seq_len=74 n_valid=57  50s  max||J||/sqrt(d)=1.196  max_d_mean=9.73e-03
[  1h58m + 48.50s]   prompt 143/1000  seq_len=128 n_valid=111  49s  max||J||/sqrt(d)=1.212  max_d_mean=1.21e-02
[  1h59m + 48.20s]   prompt 144/1000  seq_len=52 n_valid=35  48s  max||J||/sqrt(d)=1.130  max_d_mean=1.05e-02
[  2h00m + 48.91s]   prompt 145/1000  seq_len=128 n_valid=111  49s  max||J||/sqrt(d)=1.215  max_d_mean=8.84e-03
[  2h00m + 47.60s]   prompt 146/1000  seq_len=128 n_valid=111  48s  max||J||/sqrt(d)=1.183  max_d_mean=1.01e-02
[  2h01m + 47.50s]   prompt 147/1000  seq_len=128 n_valid=111  47s  max||J||/sqrt(d)=1.158  max_d_mean=9.62e-03
[  2h02m + 47.70s]   prompt 148/1000  seq_len=128 n_valid=111  48s  max||J||/sqrt(d)=1.157  max_d_mean=1.19e-02
[  2h03m + 48.20s]   prompt 149/1000  seq_len=128 n_valid=111  48s  max||J||/sqrt(d)=1.170  max_d_mean=8.65e-03
[  2h04m + 48.20s]   prompt 150/1000  seq_len=128 n_valid=111  48s  max||J||/sqrt(d)=1.129  max_d_mean=9.75e-03
[  2h04m + 47.30s]   prompt 151/1000  seq_len=128 n_valid=111  47s  max||J||/sqrt(d)=1.181  max_d_mean=1.09e-02
[  2h05m + 49.10s]   prompt 152/1000  seq_len=128 n_valid=111  49s  max||J||/sqrt(d)=1.170  max_d_mean=7.91e-03
[  2h06m + 48.10s]   prompt 153/1000  seq_len=128 n_valid=111  48s  max||J||/sqrt(d)=1.201  max_d_mean=1.01e-02
[  2h07m + 46.00s]   prompt 154/1000  seq_len=128 n_valid=111  46s  max||J||/sqrt(d)=1.190  max_d_mean=1.18e-02
[  2h08m + 47.80s]   prompt 155/1000  seq_len=111 n_valid=94  48s  max||J||/sqrt(d)=1.191  max_d_mean=9.25e-03
[  2h08m + 46.90s]   prompt 156/1000  seq_len=79 n_valid=62  47s  max||J||/sqrt(d)=1.171  max_d_mean=9.88e-03
[  2h09m + 47.40s]   prompt 157/1000  seq_len=128 n_valid=111  47s  max||J||/sqrt(d)=1.187  max_d_mean=8.36e-03
[  2h10m + 47.71s]   prompt 158/1000  seq_len=122 n_valid=105  48s  max||J||/sqrt(d)=1.144  max_d_mean=8.66e-03
[  2h11m + 47.29s]   prompt 159/1000  seq_len=128 n_valid=111  47s  max||J||/sqrt(d)=1.216  max_d_mean=9.30e-03
[  2h12m + 46.60s]   prompt 160/1000  seq_len=128 n_valid=111  47s  max||J||/sqrt(d)=1.240  max_d_mean=8.16e-03
[  2h12m + 45.20s]   prompt 161/1000  seq_len=128 n_valid=111  45s  max||J||/sqrt(d)=1.203  max_d_mean=6.77e-03
[  2h13m + 48.00s]   prompt 162/1000  seq_len=117 n_valid=100  48s  max||J||/sqrt(d)=1.179  max_d_mean=7.67e-03
[  2h14m + 46.20s]   prompt 163/1000  seq_len=73 n_valid=56  46s  max||J||/sqrt(d)=1.200  max_d_mean=8.19e-03
[  2h15m + 47.30s]   prompt 164/1000  seq_len=71 n_valid=54  47s  max||J||/sqrt(d)=1.113  max_d_mean=7.02e-03
[  2h15m + 44.81s]   prompt 165/1000  seq_len=90 n_valid=73  45s  max||J||/sqrt(d)=1.173  max_d_mean=8.41e-03
[  2h16m + 46.10s]   prompt 166/1000  seq_len=128 n_valid=111  46s  max||J||/sqrt(d)=1.195  max_d_mean=8.33e-03
[  2h17m + 46.80s]   prompt 167/1000  seq_len=128 n_valid=111  47s  max||J||/sqrt(d)=1.179  max_d_mean=6.38e-03
[  2h18m + 45.20s]   prompt 168/1000  seq_len=128 n_valid=111  45s  max||J||/sqrt(d)=1.168  max_d_mean=5.92e-03
[  2h18m + 47.49s]   prompt 169/1000  seq_len=128 n_valid=111  47s  max||J||/sqrt(d)=1.202  max_d_mean=7.54e-03
[  2h19m + 48.60s]   prompt 170/1000  seq_len=128 n_valid=111  49s  max||J||/sqrt(d)=1.197  max_d_mean=7.46e-03
[  2h20m + 46.20s]   prompt 171/1000  seq_len=128 n_valid=111  46s  max||J||/sqrt(d)=1.174  max_d_mean=5.84e-03
[  2h21m + 47.71s]   prompt 172/1000  seq_len=114 n_valid=97  48s  max||J||/sqrt(d)=1.182  max_d_mean=7.07e-03
[  2h22m + 45.90s]   prompt 173/1000  seq_len=128 n_valid=111  46s  max||J||/sqrt(d)=1.219  max_d_mean=1.24e-02
[  2h22m + 45.80s]   prompt 174/1000  seq_len=85 n_valid=68  46s  max||J||/sqrt(d)=1.140  max_d_mean=8.65e-03
[  2h23m + 48.80s]   prompt 175/1000  seq_len=127 n_valid=110  49s  max||J||/sqrt(d)=1.184  max_d_mean=6.66e-03
[  2h24m + 46.69s]   prompt 176/1000  seq_len=118 n_valid=101  47s  max||J||/sqrt(d)=1.180  max_d_mean=8.61e-03
[  2h25m + 48.31s]   prompt 177/1000  seq_len=113 n_valid=96  48s  max||J||/sqrt(d)=1.174  max_d_mean=7.89e-03
[  2h26m + 45.70s]   prompt 178/1000  seq_len=42 n_valid=25  46s  max||J||/sqrt(d)=1.139  max_d_mean=1.09e-02
[  2h26m + 45.40s]   prompt 179/1000  seq_len=128 n_valid=111  45s  max||J||/sqrt(d)=1.179  max_d_mean=9.89e-03
[  2h27m + 43.40s]   prompt 180/1000  seq_len=66 n_valid=49  43s  max||J||/sqrt(d)=1.184  max_d_mean=1.02e-02
[  2h28m + 44.60s]   prompt 181/1000  seq_len=81 n_valid=64  45s  max||J||/sqrt(d)=1.229  max_d_mean=1.16e-02
[  2h28m + 42.79s]   prompt 182/1000  seq_len=128 n_valid=111  43s  max||J||/sqrt(d)=1.211  max_d_mean=1.11e-02
[  2h29m + 44.20s]   prompt 183/1000  seq_len=128 n_valid=111  44s  max||J||/sqrt(d)=1.276  max_d_mean=1.47e-02
[  2h30m + 43.70s]   prompt 184/1000  seq_len=128 n_valid=111  44s  max||J||/sqrt(d)=1.275  max_d_mean=1.28e-02
[  2h31m + 43.80s]   prompt 185/1000  seq_len=128 n_valid=111  44s  max||J||/sqrt(d)=1.248  max_d_mean=9.94e-03
[  2h31m + 45.30s]   prompt 186/1000  seq_len=128 n_valid=111  45s  max||J||/sqrt(d)=1.195  max_d_mean=9.06e-03
[  2h32m + 43.51s]   prompt 187/1000  seq_len=69 n_valid=52  44s  max||J||/sqrt(d)=1.147  max_d_mean=8.75e-03
[  2h33m + 44.09s]   prompt 188/1000  seq_len=118 n_valid=101  44s  max||J||/sqrt(d)=1.183  max_d_mean=6.75e-03
[  2h34m + 42.01s]   prompt 189/1000  seq_len=66 n_valid=49  42s  max||J||/sqrt(d)=1.198  max_d_mean=1.00e-02
[  2h34m + 45.30s]   prompt 190/1000  seq_len=128 n_valid=111  45s  max||J||/sqrt(d)=1.257  max_d_mean=9.91e-03
[  2h35m + 44.99s]   prompt 191/1000  seq_len=83 n_valid=66  45s  max||J||/sqrt(d)=1.178  max_d_mean=8.94e-03
[  2h36m + 42.70s]   prompt 192/1000  seq_len=85 n_valid=68  43s  max||J||/sqrt(d)=1.177  max_d_mean=6.15e-03
[  2h37m + 44.90s]   prompt 193/1000  seq_len=128 n_valid=111  45s  max||J||/sqrt(d)=1.204  max_d_mean=7.25e-03
[  2h37m + 44.40s]   prompt 194/1000  seq_len=128 n_valid=111  44s  max||J||/sqrt(d)=1.216  max_d_mean=6.49e-03
[  2h38m + 45.10s]   prompt 195/1000  seq_len=128 n_valid=111  45s  max||J||/sqrt(d)=1.220  max_d_mean=7.93e-03
[  2h39m + 44.40s]   prompt 196/1000  seq_len=128 n_valid=111  44s  max||J||/sqrt(d)=1.215  max_d_mean=6.90e-03
[  2h40m + 45.90s]   prompt 197/1000  seq_len=116 n_valid=99  46s  max||J||/sqrt(d)=1.169  max_d_mean=6.12e-03
[  2h40m + 40.89s]   prompt 198/1000  seq_len=92 n_valid=75  41s  max||J||/sqrt(d)=1.183  max_d_mean=6.38e-03
[  2h41m + 45.11s]   prompt 199/1000  seq_len=60 n_valid=43  45s  max||J||/sqrt(d)=1.170  max_d_mean=7.42e-03
[  2h42m + 47.09s]   prompt 200/1000  seq_len=128 n_valid=111  47s  max||J||/sqrt(d)=1.237  max_d_mean=7.83e-03
[  2h43m + 51.40s]   prompt 201/1000  seq_len=113 n_valid=96  51s  max||J||/sqrt(d)=1.197  max_d_mean=6.83e-03
[  2h43m + 50.60s]   prompt 202/1000  seq_len=128 n_valid=111  51s  max||J||/sqrt(d)=1.224  max_d_mean=6.40e-03
[  2h44m + 45.60s]   prompt 203/1000  seq_len=128 n_valid=111  46s  max||J||/sqrt(d)=1.210  max_d_mean=6.86e-03
[  2h45m + 45.20s]   prompt 204/1000  seq_len=70 n_valid=53  45s  max||J||/sqrt(d)=1.232  max_d_mean=9.90e-03
[  2h46m + 43.50s]   prompt 205/1000  seq_len=128 n_valid=111  43s  max||J||/sqrt(d)=1.194  max_d_mean=1.10e-02
[  2h46m + 46.70s]   prompt 206/1000  seq_len=128 n_valid=111  47s  max||J||/sqrt(d)=1.214  max_d_mean=9.10e-03
[  2h47m + 52.10s]   prompt 207/1000  seq_len=80 n_valid=63  52s  max||J||/sqrt(d)=1.181  max_d_mean=8.83e-03
[  2h48m + 49.10s]   prompt 208/1000  seq_len=128 n_valid=111  49s  max||J||/sqrt(d)=1.239  max_d_mean=8.52e-03
[  2h49m + 44.90s]   prompt 209/1000  seq_len=119 n_valid=102  45s  max||J||/sqrt(d)=1.179  max_d_mean=9.07e-03
[  2h50m + 46.49s]   prompt 210/1000  seq_len=128 n_valid=111  46s  max||J||/sqrt(d)=1.252  max_d_mean=8.23e-03
[  2h50m + 42.00s]   prompt 211/1000  seq_len=128 n_valid=111  42s  max||J||/sqrt(d)=1.246  max_d_mean=9.05e-03
[  2h51m + 42.00s]   prompt 212/1000  seq_len=128 n_valid=111  42s  max||J||/sqrt(d)=1.253  max_d_mean=7.65e-03
[  2h52m + 41.71s]   prompt 213/1000  seq_len=128 n_valid=111  42s  max||J||/sqrt(d)=1.291  max_d_mean=9.95e-03
[  2h53m + 43.90s]   prompt 214/1000  seq_len=128 n_valid=111  44s  max||J||/sqrt(d)=1.230  max_d_mean=6.49e-03
[  2h53m + 43.29s]   prompt 215/1000  seq_len=90 n_valid=73  43s  max||J||/sqrt(d)=1.242  max_d_mean=7.15e-03
[  2h54m + 43.20s]   prompt 216/1000  seq_len=97 n_valid=80  43s  max||J||/sqrt(d)=1.212  max_d_mean=8.45e-03
[  2h55m + 43.41s]   prompt 217/1000  seq_len=128 n_valid=111  43s  max||J||/sqrt(d)=1.221  max_d_mean=9.82e-03
[  2h55m + 44.59s]   prompt 218/1000  seq_len=66 n_valid=49  45s  max||J||/sqrt(d)=1.196  max_d_mean=6.44e-03
[  2h56m + 44.30s]   prompt 219/1000  seq_len=128 n_valid=111  44s  max||J||/sqrt(d)=1.247  max_d_mean=6.84e-03
[  2h57m + 42.60s]   prompt 220/1000  seq_len=128 n_valid=111  43s  max||J||/sqrt(d)=1.312  max_d_mean=7.18e-03
[  2h58m + 42.80s]   prompt 221/1000  seq_len=95 n_valid=78  43s  max||J||/sqrt(d)=1.294  max_d_mean=1.05e-02
[  2h58m + 42.90s]   prompt 222/1000  seq_len=128 n_valid=111  43s  max||J||/sqrt(d)=1.237  max_d_mean=6.35e-03
[  2h59m + 44.80s]   prompt 223/1000  seq_len=128 n_valid=111  45s  max||J||/sqrt(d)=1.345  max_d_mean=8.07e-03
[  3h00m + 43.09s]   prompt 224/1000  seq_len=128 n_valid=111  43s  max||J||/sqrt(d)=1.256  max_d_mean=7.50e-03
[  3h01m + 46.10s]   prompt 225/1000  seq_len=128 n_valid=111  46s  max||J||/sqrt(d)=1.341  max_d_mean=9.85e-03
[  3h01m + 46.71s]   prompt 226/1000  seq_len=128 n_valid=111  47s  max||J||/sqrt(d)=1.273  max_d_mean=8.18e-03
[  3h02m + 42.00s]   prompt 227/1000  seq_len=128 n_valid=111  42s  max||J||/sqrt(d)=1.202  max_d_mean=5.21e-03
[  3h03m + 42.00s]   prompt 228/1000  seq_len=128 n_valid=111  42s  max||J||/sqrt(d)=1.251  max_d_mean=6.92e-03
[  3h03m + 44.01s]   prompt 229/1000  seq_len=128 n_valid=111  44s  max||J||/sqrt(d)=1.278  max_d_mean=6.37e-03
[  3h04m + 41.99s]   prompt 230/1000  seq_len=128 n_valid=111  42s  max||J||/sqrt(d)=1.190  max_d_mean=5.92e-03
[  3h05m + 42.70s]   prompt 231/1000  seq_len=128 n_valid=111  43s  max||J||/sqrt(d)=1.225  max_d_mean=5.45e-03
[  3h06m + 43.60s]   prompt 232/1000  seq_len=128 n_valid=111  44s  max||J||/sqrt(d)=1.301  max_d_mean=7.76e-03
[  3h06m + 41.81s]   prompt 233/1000  seq_len=128 n_valid=111  42s  max||J||/sqrt(d)=1.247  max_d_mean=6.63e-03
[  3h07m + 42.10s]   prompt 234/1000  seq_len=128 n_valid=111  42s  max||J||/sqrt(d)=1.222  max_d_mean=5.84e-03
[  3h08m + 44.00s]   prompt 235/1000  seq_len=128 n_valid=111  44s  max||J||/sqrt(d)=1.214  max_d_mean=5.80e-03
[  3h08m + 42.90s]   prompt 236/1000  seq_len=128 n_valid=111  43s  max||J||/sqrt(d)=1.299  max_d_mean=6.63e-03
[  3h09m + 43.40s]   prompt 237/1000  seq_len=58 n_valid=41  43s  max||J||/sqrt(d)=1.172  max_d_mean=6.00e-03
[  3h10m + 44.20s]   prompt 238/1000  seq_len=128 n_valid=111  44s  max||J||/sqrt(d)=1.257  max_d_mean=6.88e-03
[  3h11m + 44.50s]   prompt 239/1000  seq_len=128 n_valid=111  45s  max||J||/sqrt(d)=1.275  max_d_mean=8.94e-03
[  3h11m + 44.10s]   prompt 240/1000  seq_len=128 n_valid=111  44s  max||J||/sqrt(d)=1.231  max_d_mean=6.60e-03
[  3h12m + 42.60s]   prompt 241/1000  seq_len=75 n_valid=58  43s  max||J||/sqrt(d)=1.212  max_d_mean=6.19e-03
[  3h13m + 44.50s]   prompt 242/1000  seq_len=128 n_valid=111  45s  max||J||/sqrt(d)=1.251  max_d_mean=8.34e-03
[  3h14m + 42.10s]   prompt 243/1000  seq_len=128 n_valid=111  42s  max||J||/sqrt(d)=1.245  max_d_mean=8.97e-03
[  3h14m + 44.30s]   prompt 244/1000  seq_len=128 n_valid=111  44s  max||J||/sqrt(d)=1.231  max_d_mean=5.38e-03
[  3h15m + 43.80s]   prompt 245/1000  seq_len=42 n_valid=25  44s  max||J||/sqrt(d)=1.177  max_d_mean=8.65e-03
[  3h16m + 43.70s]   prompt 246/1000  seq_len=108 n_valid=91  44s  max||J||/sqrt(d)=1.194  max_d_mean=7.75e-03
[  3h16m + 45.30s]   prompt 247/1000  seq_len=128 n_valid=111  45s  max||J||/sqrt(d)=1.252  max_d_mean=6.06e-03
[  3h17m + 42.19s]   prompt 248/1000  seq_len=128 n_valid=111  42s  max||J||/sqrt(d)=1.234  max_d_mean=7.19e-03
[  3h18m + 49.40s]   prompt 249/1000  seq_len=128 n_valid=111  49s  max||J||/sqrt(d)=1.221  max_d_mean=8.99e-03
[  3h19m + 54.60s]   prompt 250/1000  seq_len=128 n_valid=111  55s  max||J||/sqrt(d)=1.220  max_d_mean=5.42e-03
[  3h20m + 54.10s]   prompt 251/1000  seq_len=128 n_valid=111  54s  max||J||/sqrt(d)=1.270  max_d_mean=5.67e-03
[  3h21m + 54.50s]   prompt 252/1000  seq_len=128 n_valid=111  55s  max||J||/sqrt(d)=1.199  max_d_mean=5.05e-03
[  3h22m + 54.50s]   prompt 253/1000  seq_len=60 n_valid=43  54s  max||J||/sqrt(d)=1.140  max_d_mean=4.77e-03
[  3h22m + 51.31s]   prompt 254/1000  seq_len=105 n_valid=88  51s  max||J||/sqrt(d)=1.180  max_d_mean=4.76e-03
[  3h23m + 43.60s]   prompt 255/1000  seq_len=96 n_valid=79  44s  max||J||/sqrt(d)=1.186  max_d_mean=5.42e-03
[  3h24m + 44.51s]   prompt 256/1000  seq_len=128 n_valid=111  45s  max||J||/sqrt(d)=1.231  max_d_mean=6.34e-03
[  3h25m + 43.60s]   prompt 257/1000  seq_len=128 n_valid=111  44s  max||J||/sqrt(d)=1.208  max_d_mean=6.55e-03
[  3h25m + 43.49s]   prompt 258/1000  seq_len=128 n_valid=111  43s  max||J||/sqrt(d)=1.238  max_d_mean=6.85e-03
[  3h26m + 43.40s]   prompt 259/1000  seq_len=109 n_valid=92  43s  max||J||/sqrt(d)=1.185  max_d_mean=5.36e-03
[  3h27m + 45.00s]   prompt 260/1000  seq_len=128 n_valid=111  45s  max||J||/sqrt(d)=1.236  max_d_mean=5.68e-03
[  3h28m + 43.10s]   prompt 261/1000  seq_len=128 n_valid=111  43s  max||J||/sqrt(d)=1.157  max_d_mean=4.45e-03
[  3h28m + 43.90s]   prompt 262/1000  seq_len=111 n_valid=94  44s  max||J||/sqrt(d)=1.205  max_d_mean=6.27e-03
[  3h29m + 45.50s]   prompt 263/1000  seq_len=73 n_valid=56  46s  max||J||/sqrt(d)=1.180  max_d_mean=6.42e-03
[  3h30m + 46.50s]   prompt 264/1000  seq_len=128 n_valid=111  46s  max||J||/sqrt(d)=1.193  max_d_mean=4.37e-03
[  3h31m + 46.60s]   prompt 265/1000  seq_len=110 n_valid=93  47s  max||J||/sqrt(d)=1.161  max_d_mean=4.75e-03
[  3h31m + 48.90s]   prompt 266/1000  seq_len=128 n_valid=111  49s  max||J||/sqrt(d)=1.160  max_d_mean=5.41e-03
[  3h32m + 50.90s]   prompt 267/1000  seq_len=128 n_valid=111  51s  max||J||/sqrt(d)=1.252  max_d_mean=6.64e-03
[  3h33m + 48.81s]   prompt 268/1000  seq_len=128 n_valid=111  49s  max||J||/sqrt(d)=1.185  max_d_mean=4.45e-03
[  3h34m + 47.69s]   prompt 269/1000  seq_len=128 n_valid=111  48s  max||J||/sqrt(d)=1.230  max_d_mean=6.03e-03
[  3h35m + 46.70s]   prompt 270/1000  seq_len=128 n_valid=111  47s  max||J||/sqrt(d)=1.248  max_d_mean=6.18e-03
[  3h35m + 46.60s]   prompt 271/1000  seq_len=128 n_valid=111  47s  max||J||/sqrt(d)=1.237  max_d_mean=7.13e-03
[  3h36m + 47.70s]   prompt 272/1000  seq_len=108 n_valid=91  48s  max||J||/sqrt(d)=1.245  max_d_mean=6.94e-03
[  3h37m + 48.50s]   prompt 273/1000  seq_len=128 n_valid=111  48s  max||J||/sqrt(d)=1.264  max_d_mean=6.52e-03
[  3h38m + 46.81s]   prompt 274/1000  seq_len=128 n_valid=111  47s  max||J||/sqrt(d)=1.198  max_d_mean=4.20e-03
[  3h39m + 50.60s]   prompt 275/1000  seq_len=128 n_valid=111  51s  max||J||/sqrt(d)=1.221  max_d_mean=6.38e-03
[  3h39m + 48.69s]   prompt 276/1000  seq_len=128 n_valid=111  49s  max||J||/sqrt(d)=1.253  max_d_mean=6.09e-03
[  3h40m + 49.30s]   prompt 277/1000  seq_len=87 n_valid=70  49s  max||J||/sqrt(d)=1.197  max_d_mean=6.81e-03
[  3h41m + 50.00s]   prompt 278/1000  seq_len=128 n_valid=111  50s  max||J||/sqrt(d)=1.304  max_d_mean=7.23e-03
[  3h42m + 50.39s]   prompt 279/1000  seq_len=128 n_valid=111  50s  max||J||/sqrt(d)=1.248  max_d_mean=7.60e-03
[  3h43m + 59.00s]   prompt 280/1000  seq_len=104 n_valid=87  59s  max||J||/sqrt(d)=1.204  max_d_mean=7.24e-03
[  3h44m + 49.40s]   prompt 281/1000  seq_len=128 n_valid=111  49s  max||J||/sqrt(d)=1.231  max_d_mean=5.27e-03
[  3h45m + 56.90s]   prompt 282/1000  seq_len=128 n_valid=111  57s  max||J||/sqrt(d)=1.217  max_d_mean=4.52e-03
[  3h46m + 51.30s]   prompt 283/1000  seq_len=128 n_valid=111  51s  max||J||/sqrt(d)=1.251  max_d_mean=6.26e-03
[  3h46m + 52.19s]   prompt 284/1000  seq_len=128 n_valid=111  52s  max||J||/sqrt(d)=1.201  max_d_mean=5.34e-03
[  3h47m + 55.61s]   prompt 285/1000  seq_len=128 n_valid=111  56s  max||J||/sqrt(d)=1.264  max_d_mean=5.59e-03
[  3h48m + 50.10s]   prompt 286/1000  seq_len=85 n_valid=68  50s  max||J||/sqrt(d)=1.266  max_d_mean=6.37e-03
[  3h49m + 52.10s]   prompt 287/1000  seq_len=128 n_valid=111  52s  max||J||/sqrt(d)=1.226  max_d_mean=6.51e-03
[  3h50m + 54.10s]   prompt 288/1000  seq_len=128 n_valid=111  54s  max||J||/sqrt(d)=1.218  max_d_mean=5.39e-03
[  3h51m + 50.31s]   prompt 289/1000  seq_len=128 n_valid=111  50s  max||J||/sqrt(d)=1.258  max_d_mean=5.54e-03
[  3h52m + 51.30s]   prompt 290/1000  seq_len=128 n_valid=111  51s  max||J||/sqrt(d)=1.214  max_d_mean=6.66e-03
[  3h53m + 56.10s]   prompt 291/1000  seq_len=108 n_valid=91  56s  max||J||/sqrt(d)=1.259  max_d_mean=5.53e-03
[  3h54m + 52.81s]   prompt 292/1000  seq_len=108 n_valid=91  53s  max||J||/sqrt(d)=1.239  max_d_mean=6.03e-03
[  3h54m + 52.39s]   prompt 293/1000  seq_len=128 n_valid=111  52s  max||J||/sqrt(d)=1.274  max_d_mean=5.89e-03
[  3h55m + 50.80s]   prompt 294/1000  seq_len=57 n_valid=40  51s  max||J||/sqrt(d)=1.190  max_d_mean=4.59e-03
[  3h56m + 52.00s]   prompt 295/1000  seq_len=128 n_valid=111  52s  max||J||/sqrt(d)=1.251  max_d_mean=6.57e-03
[  3h57m + 52.40s]   prompt 296/1000  seq_len=125 n_valid=108  52s  max||J||/sqrt(d)=1.255  max_d_mean=6.25e-03
[  3h58m + 49.80s]   prompt 297/1000  seq_len=120 n_valid=103  50s  max||J||/sqrt(d)=1.237  max_d_mean=1.10e-02
[  3h59m + 49.00s]   prompt 298/1000  seq_len=128 n_valid=111  49s  max||J||/sqrt(d)=1.246  max_d_mean=7.13e-03
[  4h00m + 54.70s]   prompt 299/1000  seq_len=128 n_valid=111  55s  max||J||/sqrt(d)=1.246  max_d_mean=6.08e-03
[  4h00m + 53.20s]   prompt 300/1000  seq_len=128 n_valid=111  53s  max||J||/sqrt(d)=1.256  max_d_mean=5.78e-03
[  4h01m + 48.40s]   prompt 301/1000  seq_len=128 n_valid=111  48s  max||J||/sqrt(d)=1.256  max_d_mean=5.72e-03
[  4h02m + 49.60s]   prompt 302/1000  seq_len=84 n_valid=67  50s  max||J||/sqrt(d)=1.213  max_d_mean=5.14e-03
[  4h03m + 44.50s]   prompt 303/1000  seq_len=50 n_valid=33  44s  max||J||/sqrt(d)=1.148  max_d_mean=4.94e-03
[  4h04m + 46.71s]   prompt 304/1000  seq_len=120 n_valid=103  47s  max||J||/sqrt(d)=1.206  max_d_mean=6.48e-03
[  4h04m + 46.99s]   prompt 305/1000  seq_len=65 n_valid=48  47s  max||J||/sqrt(d)=1.186  max_d_mean=5.90e-03
[  4h05m + 47.81s]   prompt 306/1000  seq_len=125 n_valid=108  48s  max||J||/sqrt(d)=1.267  max_d_mean=8.07e-03
[  4h06m + 46.90s]   prompt 307/1000  seq_len=128 n_valid=111  47s  max||J||/sqrt(d)=1.234  max_d_mean=6.36e-03
[  4h07m + 47.59s]   prompt 308/1000  seq_len=122 n_valid=105  48s  max||J||/sqrt(d)=1.212  max_d_mean=5.37e-03
[  4h08m + 48.00s]   prompt 309/1000  seq_len=128 n_valid=111  48s  max||J||/sqrt(d)=1.195  max_d_mean=5.15e-03
[  4h08m + 48.90s]   prompt 310/1000  seq_len=128 n_valid=111  49s  max||J||/sqrt(d)=1.239  max_d_mean=7.97e-03
[  4h09m + 48.80s]   prompt 311/1000  seq_len=118 n_valid=101  49s  max||J||/sqrt(d)=1.240  max_d_mean=5.49e-03
[  4h10m + 50.40s]   prompt 312/1000  seq_len=128 n_valid=111  50s  max||J||/sqrt(d)=1.263  max_d_mean=5.67e-03
[  4h11m + 48.20s]   prompt 313/1000  seq_len=124 n_valid=107  48s  max||J||/sqrt(d)=1.233  max_d_mean=6.67e-03
[  4h12m + 51.60s]   prompt 314/1000  seq_len=128 n_valid=111  52s  max||J||/sqrt(d)=1.211  max_d_mean=4.73e-03
[  4h12m + 48.60s]   prompt 315/1000  seq_len=128 n_valid=111  49s  max||J||/sqrt(d)=1.201  max_d_mean=4.57e-03
[  4h13m + 49.30s]   prompt 316/1000  seq_len=128 n_valid=111  49s  max||J||/sqrt(d)=1.219  max_d_mean=5.41e-03
[  4h14m + 49.70s]   prompt 317/1000  seq_len=128 n_valid=111  50s  max||J||/sqrt(d)=1.279  max_d_mean=9.70e-03
[  4h15m + 52.10s]   prompt 318/1000  seq_len=128 n_valid=111  52s  max||J||/sqrt(d)=1.294  max_d_mean=7.26e-03
[  4h16m + 57.10s]   prompt 319/1000  seq_len=113 n_valid=96  57s  max||J||/sqrt(d)=1.190  max_d_mean=4.33e-03
[  4h17m + 54.70s]   prompt 320/1000  seq_len=128 n_valid=111  55s  max||J||/sqrt(d)=1.188  max_d_mean=4.40e-03
[  4h18m + 53.11s]   prompt 321/1000  seq_len=91 n_valid=74  53s  max||J||/sqrt(d)=1.178  max_d_mean=6.54e-03
[  4h19m + 59.10s]   prompt 322/1000  seq_len=128 n_valid=111  59s  max||J||/sqrt(d)=1.240  max_d_mean=5.51e-03
[  4h20m + 51.00s]   prompt 323/1000  seq_len=128 n_valid=111  51s  max||J||/sqrt(d)=1.225  max_d_mean=4.86e-03
[  4h20m + 55.60s]   prompt 324/1000  seq_len=88 n_valid=71  56s  max||J||/sqrt(d)=1.182  max_d_mean=7.23e-03
[  4h21m + 50.21s]   prompt 325/1000  seq_len=128 n_valid=111  50s  max||J||/sqrt(d)=1.233  max_d_mean=5.31e-03
[  4h22m + 52.30s]   prompt 326/1000  seq_len=128 n_valid=111  52s  max||J||/sqrt(d)=1.200  max_d_mean=4.51e-03
[  4h23m + 51.49s]   prompt 327/1000  seq_len=87 n_valid=70  51s  max||J||/sqrt(d)=1.157  max_d_mean=4.17e-03
[  4h24m + 49.20s]   prompt 328/1000  seq_len=128 n_valid=111  49s  max||J||/sqrt(d)=1.212  max_d_mean=4.94e-03
[  4h25m + 57.40s]   prompt 329/1000  seq_len=128 n_valid=111  57s  max||J||/sqrt(d)=1.204  max_d_mean=4.65e-03
[  4h26m + 47.11s]   prompt 330/1000  seq_len=63 n_valid=46  47s  max||J||/sqrt(d)=1.227  max_d_mean=5.45e-03
[  4h27m + 54.50s]   prompt 331/1000  seq_len=128 n_valid=111  55s  max||J||/sqrt(d)=1.303  max_d_mean=8.62e-03
[  4h27m + 50.69s]   prompt 332/1000  seq_len=128 n_valid=111  51s  max||J||/sqrt(d)=1.197  max_d_mean=5.68e-03
[  4h28m + 50.90s]   prompt 333/1000  seq_len=128 n_valid=111  51s  max||J||/sqrt(d)=1.208  max_d_mean=5.79e-03
[  4h29m + 54.11s]   prompt 334/1000  seq_len=128 n_valid=111  54s  max||J||/sqrt(d)=1.209  max_d_mean=5.50e-03
[  4h30m + 48.60s]   prompt 335/1000  seq_len=45 n_valid=28  49s  max||J||/sqrt(d)=1.125  max_d_mean=4.37e-03
[  4h31m + 49.39s]   prompt 336/1000  seq_len=128 n_valid=111  49s  max||J||/sqrt(d)=1.205  max_d_mean=5.24e-03
[  4h32m + 50.60s]   prompt 337/1000  seq_len=122 n_valid=105  51s  max||J||/sqrt(d)=1.201  max_d_mean=4.70e-03
[  4h33m + 57.30s]   prompt 338/1000  seq_len=74 n_valid=57  57s  max||J||/sqrt(d)=1.162  max_d_mean=3.63e-03
[  4h33m + 51.30s]   prompt 339/1000  seq_len=125 n_valid=108  51s  max||J||/sqrt(d)=1.198  max_d_mean=3.85e-03
[  4h34m + 52.30s]   prompt 340/1000  seq_len=77 n_valid=60  52s  max||J||/sqrt(d)=1.202  max_d_mean=5.43e-03
[  4h35m + 48.30s]   prompt 341/1000  seq_len=83 n_valid=66  48s  max||J||/sqrt(d)=1.246  max_d_mean=4.72e-03
[  4h36m + 50.30s]   prompt 342/1000  seq_len=94 n_valid=77  50s  max||J||/sqrt(d)=1.199  max_d_mean=3.78e-03
[  4h37m + 48.99s]   prompt 343/1000  seq_len=128 n_valid=111  49s  max||J||/sqrt(d)=1.259  max_d_mean=4.92e-03
[  4h38m + 54.60s]   prompt 344/1000  seq_len=106 n_valid=89  55s  max||J||/sqrt(d)=1.193  max_d_mean=3.84e-03
[  4h38m + 49.10s]   prompt 345/1000  seq_len=128 n_valid=111  49s  max||J||/sqrt(d)=1.210  max_d_mean=5.16e-03
[  4h39m + 47.80s]   prompt 346/1000  seq_len=128 n_valid=111  48s  max||J||/sqrt(d)=1.253  max_d_mean=5.08e-03
[  4h40m + 48.50s]   prompt 347/1000  seq_len=128 n_valid=111  48s  max||J||/sqrt(d)=1.197  max_d_mean=4.60e-03
[  4h41m + 49.00s]   prompt 348/1000  seq_len=86 n_valid=69  49s  max||J||/sqrt(d)=1.168  max_d_mean=4.46e-03
[  4h42m + 49.60s]   prompt 349/1000  seq_len=128 n_valid=111  50s  max||J||/sqrt(d)=1.233  max_d_mean=5.07e-03
[  4h43m + 49.70s]   prompt 350/1000  seq_len=83 n_valid=66  50s  max||J||/sqrt(d)=1.221  max_d_mean=8.39e-03
[  4h43m + 48.00s]   prompt 351/1000  seq_len=70 n_valid=53  48s  max||J||/sqrt(d)=1.190  max_d_mean=4.30e-03
[  4h44m + 48.30s]   prompt 352/1000  seq_len=128 n_valid=111  48s  max||J||/sqrt(d)=1.191  max_d_mean=4.14e-03
[  4h45m + 49.30s]   prompt 353/1000  seq_len=128 n_valid=111  49s  max||J||/sqrt(d)=1.230  max_d_mean=3.99e-03
[  4h46m + 47.90s]   prompt 354/1000  seq_len=128 n_valid=111  48s  max||J||/sqrt(d)=1.213  max_d_mean=3.90e-03
[  4h47m + 48.61s]   prompt 355/1000  seq_len=128 n_valid=111  49s  max||J||/sqrt(d)=1.223  max_d_mean=5.04e-03
[  4h47m + 48.40s]   prompt 356/1000  seq_len=128 n_valid=111  48s  max||J||/sqrt(d)=1.322  max_d_mean=4.73e-03
[  4h48m + 48.99s]   prompt 357/1000  seq_len=128 n_valid=111  49s  max||J||/sqrt(d)=1.240  max_d_mean=4.40e-03
[  4h49m + 50.20s]   prompt 358/1000  seq_len=128 n_valid=111  50s  max||J||/sqrt(d)=1.217  max_d_mean=4.43e-03
[  4h50m + 53.80s]   prompt 359/1000  seq_len=102 n_valid=85  54s  max||J||/sqrt(d)=1.289  max_d_mean=5.38e-03
[  4h51m + 50.09s]   prompt 360/1000  seq_len=107 n_valid=90  50s  max||J||/sqrt(d)=1.212  max_d_mean=3.61e-03
[  4h52m + 47.20s]   prompt 361/1000  seq_len=128 n_valid=111  47s  max||J||/sqrt(d)=1.206  max_d_mean=3.41e-03
[  4h52m + 45.90s]   prompt 362/1000  seq_len=75 n_valid=58  46s  max||J||/sqrt(d)=1.215  max_d_mean=4.76e-03
[  4h53m + 58.40s]   prompt 363/1000  seq_len=128 n_valid=111  58s  max||J||/sqrt(d)=1.252  max_d_mean=4.46e-03
[  4h54m + 51.00s]   prompt 364/1000  seq_len=128 n_valid=111  51s  max||J||/sqrt(d)=1.274  max_d_mean=4.90e-03
[  4h55m + 48.30s]   prompt 365/1000  seq_len=128 n_valid=111  48s  max||J||/sqrt(d)=1.255  max_d_mean=3.83e-03
[  4h56m + 44.59s]   prompt 366/1000  seq_len=128 n_valid=111  45s  max||J||/sqrt(d)=1.227  max_d_mean=4.60e-03
[  4h56m + 48.10s]   prompt 367/1000  seq_len=128 n_valid=111  48s  max||J||/sqrt(d)=1.223  max_d_mean=4.79e-03
[  4h57m + 45.70s]   prompt 368/1000  seq_len=64 n_valid=47  46s  max||J||/sqrt(d)=1.211  max_d_mean=3.72e-03
[  4h58m + 45.70s]   prompt 369/1000  seq_len=128 n_valid=111  46s  max||J||/sqrt(d)=1.191  max_d_mean=4.30e-03
[  4h59m + 45.70s]   prompt 370/1000  seq_len=68 n_valid=51  46s  max||J||/sqrt(d)=1.162  max_d_mean=4.62e-03
[  5h00m + 46.90s]   prompt 371/1000  seq_len=86 n_valid=69  47s  max||J||/sqrt(d)=1.246  max_d_mean=5.99e-03
[  5h00m + 45.00s]   prompt 372/1000  seq_len=87 n_valid=70  45s  max||J||/sqrt(d)=1.223  max_d_mean=5.83e-03
[  5h01m + 48.80s]   prompt 373/1000  seq_len=112 n_valid=95  49s  max||J||/sqrt(d)=1.307  max_d_mean=6.51e-03
[  5h02m + 46.70s]   prompt 374/1000  seq_len=87 n_valid=70  47s  max||J||/sqrt(d)=1.298  max_d_mean=1.01e-02
[  5h03m + 46.70s]   prompt 375/1000  seq_len=80 n_valid=63  47s  max||J||/sqrt(d)=1.201  max_d_mean=4.87e-03
[  5h03m + 48.30s]   prompt 376/1000  seq_len=83 n_valid=66  48s  max||J||/sqrt(d)=1.209  max_d_mean=6.05e-03
[  5h04m + 47.11s]   prompt 377/1000  seq_len=117 n_valid=100  47s  max||J||/sqrt(d)=1.283  max_d_mean=6.91e-03
[  5h05m + 47.69s]   prompt 378/1000  seq_len=109 n_valid=92  48s  max||J||/sqrt(d)=1.255  max_d_mean=5.77e-03
[  5h06m + 49.51s]   prompt 379/1000  seq_len=85 n_valid=68  50s  max||J||/sqrt(d)=1.245  max_d_mean=6.61e-03
[  5h07m + 48.79s]   prompt 380/1000  seq_len=65 n_valid=48  49s  max||J||/sqrt(d)=1.148  max_d_mean=4.89e-03
[  5h08m + 50.60s]   prompt 381/1000  seq_len=60 n_valid=43  51s  max||J||/sqrt(d)=1.159  max_d_mean=4.70e-03
[  5h08m + 46.50s]   prompt 382/1000  seq_len=58 n_valid=41  47s  max||J||/sqrt(d)=1.150  max_d_mean=4.79e-03
[  5h09m + 50.50s]   prompt 383/1000  seq_len=97 n_valid=80  50s  max||J||/sqrt(d)=1.190  max_d_mean=5.25e-03
[  5h10m + 48.60s]   prompt 384/1000  seq_len=108 n_valid=91  49s  max||J||/sqrt(d)=1.261  max_d_mean=5.87e-03
[  5h11m + 51.51s]   prompt 385/1000  seq_len=45 n_valid=28  52s  max||J||/sqrt(d)=1.146  max_d_mean=6.26e-03
[  5h12m + 50.60s]   prompt 386/1000  seq_len=60 n_valid=43  51s  max||J||/sqrt(d)=1.141  max_d_mean=5.42e-03
[  5h12m + 47.60s]   prompt 387/1000  seq_len=128 n_valid=111  48s  max||J||/sqrt(d)=1.229  max_d_mean=5.74e-03
[  5h13m + 48.10s]   prompt 388/1000  seq_len=128 n_valid=111  48s  max||J||/sqrt(d)=1.263  max_d_mean=5.72e-03
[  5h14m + 46.80s]   prompt 389/1000  seq_len=101 n_valid=84  47s  max||J||/sqrt(d)=1.197  max_d_mean=5.31e-03
[  5h15m + 45.99s]   prompt 390/1000  seq_len=128 n_valid=111  46s  max||J||/sqrt(d)=1.216  max_d_mean=4.74e-03
[  5h16m + 45.20s]   prompt 391/1000  seq_len=63 n_valid=46  45s  max||J||/sqrt(d)=1.169  max_d_mean=6.92e-03
[  5h16m + 47.40s]   prompt 392/1000  seq_len=72 n_valid=55  47s  max||J||/sqrt(d)=1.166  max_d_mean=3.18e-03
[  5h17m + 54.00s]   prompt 393/1000  seq_len=128 n_valid=111  54s  max||J||/sqrt(d)=1.155  max_d_mean=4.31e-03
[  5h18m + 48.00s]   prompt 394/1000  seq_len=77 n_valid=60  48s  max||J||/sqrt(d)=1.162  max_d_mean=5.85e-03
[  5h19m + 54.10s]   prompt 395/1000  seq_len=94 n_valid=77  54s  max||J||/sqrt(d)=1.186  max_d_mean=3.47e-03
[  5h20m + 48.71s]   prompt 396/1000  seq_len=125 n_valid=108  49s  max||J||/sqrt(d)=1.195  max_d_mean=3.21e-03
[  5h21m + 47.29s]   prompt 397/1000  seq_len=110 n_valid=93  47s  max||J||/sqrt(d)=1.172  max_d_mean=4.04e-03
[  5h21m + 45.90s]   prompt 398/1000  seq_len=128 n_valid=111  46s  max||J||/sqrt(d)=1.235  max_d_mean=4.11e-03
[  5h22m + 48.40s]   prompt 399/1000  seq_len=128 n_valid=111  48s  max||J||/sqrt(d)=1.205  max_d_mean=4.61e-03
[  5h23m + 48.10s]   prompt 400/1000  seq_len=128 n_valid=111  48s  max||J||/sqrt(d)=1.210  max_d_mean=6.13e-03
[  5h24m + 46.80s]   prompt 401/1000  seq_len=101 n_valid=84  47s  max||J||/sqrt(d)=1.175  max_d_mean=3.77e-03
[  5h24m + 46.40s]   prompt 402/1000  seq_len=128 n_valid=111  46s  max||J||/sqrt(d)=1.199  max_d_mean=3.05e-03
[  5h25m + 47.20s]   prompt 403/1000  seq_len=120 n_valid=103  47s  max||J||/sqrt(d)=1.183  max_d_mean=4.24e-03
[  5h26m + 47.90s]   prompt 404/1000  seq_len=128 n_valid=111  48s  max||J||/sqrt(d)=1.208  max_d_mean=4.88e-03
[  5h27m + 47.00s]   prompt 405/1000  seq_len=128 n_valid=111  47s  max||J||/sqrt(d)=1.182  max_d_mean=4.34e-03
[  5h28m + 46.71s]   prompt 406/1000  seq_len=128 n_valid=111  47s  max||J||/sqrt(d)=1.183  max_d_mean=3.93e-03
[  5h28m + 44.79s]   prompt 407/1000  seq_len=85 n_valid=68  45s  max||J||/sqrt(d)=1.174  max_d_mean=4.47e-03
[  5h29m + 43.91s]   prompt 408/1000  seq_len=48 n_valid=31  44s  max||J||/sqrt(d)=1.123  max_d_mean=4.07e-03
[  5h30m + 45.59s]   prompt 409/1000  seq_len=45 n_valid=28  46s  max||J||/sqrt(d)=1.116  max_d_mean=4.51e-03
[  5h31m + 47.10s]   prompt 410/1000  seq_len=128 n_valid=111  47s  max||J||/sqrt(d)=1.204  max_d_mean=4.25e-03
[  5h31m + 50.60s]   prompt 411/1000  seq_len=128 n_valid=111  51s  max||J||/sqrt(d)=1.208  max_d_mean=4.17e-03
[  5h32m + 49.20s]   prompt 412/1000  seq_len=128 n_valid=111  49s  max||J||/sqrt(d)=1.195  max_d_mean=5.14e-03
[  5h33m + 49.90s]   prompt 413/1000  seq_len=120 n_valid=103  50s  max||J||/sqrt(d)=1.249  max_d_mean=3.82e-03
[  5h34m + 49.40s]   prompt 414/1000  seq_len=128 n_valid=111  49s  max||J||/sqrt(d)=1.211  max_d_mean=3.23e-03
[  5h35m + 48.80s]   prompt 415/1000  seq_len=128 n_valid=111  49s  max||J||/sqrt(d)=1.244  max_d_mean=3.94e-03
[  5h36m + 47.11s]   prompt 416/1000  seq_len=128 n_valid=111  47s  max||J||/sqrt(d)=1.215  max_d_mean=3.44e-03
[  5h36m + 48.59s]   prompt 417/1000  seq_len=38 n_valid=21  49s  max||J||/sqrt(d)=1.149  max_d_mean=3.65e-03
[  5h37m + 47.60s]   prompt 418/1000  seq_len=45 n_valid=28  48s  max||J||/sqrt(d)=1.085  max_d_mean=3.66e-03
[  5h38m + 45.50s]   prompt 419/1000  seq_len=102 n_valid=85  46s  max||J||/sqrt(d)=1.193  max_d_mean=3.30e-03
[  5h39m + 41.99s]   prompt 420/1000  seq_len=128 n_valid=111  42s  max||J||/sqrt(d)=1.195  max_d_mean=2.95e-03
[  5h39m + 42.81s]   prompt 421/1000  seq_len=61 n_valid=44  43s  max||J||/sqrt(d)=1.123  max_d_mean=2.58e-03
[  5h40m + 43.29s]   prompt 422/1000  seq_len=128 n_valid=111  43s  max||J||/sqrt(d)=1.188  max_d_mean=2.68e-03
[  5h41m + 45.10s]   prompt 423/1000  seq_len=86 n_valid=69  45s  max||J||/sqrt(d)=1.165  max_d_mean=3.06e-03
[  5h42m + 41.60s]   prompt 424/1000  seq_len=128 n_valid=111  42s  max||J||/sqrt(d)=1.178  max_d_mean=3.95e-03
[  5h42m + 42.10s]   prompt 425/1000  seq_len=128 n_valid=111  42s  max||J||/sqrt(d)=1.221  max_d_mean=3.35e-03
[  5h43m + 43.19s]   prompt 426/1000  seq_len=128 n_valid=111  43s  max||J||/sqrt(d)=1.175  max_d_mean=3.27e-03
[  5h44m + 41.60s]   prompt 427/1000  seq_len=113 n_valid=96  42s  max||J||/sqrt(d)=1.207  max_d_mean=3.90e-03
[  5h44m + 44.50s]   prompt 428/1000  seq_len=128 n_valid=111  45s  max||J||/sqrt(d)=1.179  max_d_mean=2.82e-03
[  5h45m + 45.59s]   prompt 429/1000  seq_len=128 n_valid=111  46s  max||J||/sqrt(d)=1.199  max_d_mean=3.41e-03
[  5h46m + 42.50s]   prompt 430/1000  seq_len=128 n_valid=111  43s  max||J||/sqrt(d)=1.184  max_d_mean=4.29e-03
[  5h47m + 44.40s]   prompt 431/1000  seq_len=110 n_valid=93  44s  max||J||/sqrt(d)=1.177  max_d_mean=3.84e-03
[  5h47m + 42.30s]   prompt 432/1000  seq_len=128 n_valid=111  42s  max||J||/sqrt(d)=1.206  max_d_mean=3.14e-03
[  5h48m + 43.10s]   prompt 433/1000  seq_len=61 n_valid=44  43s  max||J||/sqrt(d)=1.138  max_d_mean=4.43e-03
[  5h49m + 43.30s]   prompt 434/1000  seq_len=128 n_valid=111  43s  max||J||/sqrt(d)=1.177  max_d_mean=2.98e-03
[  5h49m + 42.70s]   prompt 435/1000  seq_len=128 n_valid=111  43s  max||J||/sqrt(d)=1.179  max_d_mean=4.13e-03
[  5h50m + 43.80s]   prompt 436/1000  seq_len=128 n_valid=111  44s  max||J||/sqrt(d)=1.272  max_d_mean=4.21e-03
[  5h51m + 43.90s]   prompt 437/1000  seq_len=128 n_valid=111  44s  max||J||/sqrt(d)=1.217  max_d_mean=4.11e-03
[  5h52m + 43.80s]   prompt 438/1000  seq_len=71 n_valid=54  44s  max||J||/sqrt(d)=1.159  max_d_mean=3.32e-03
[  5h52m + 43.80s]   prompt 439/1000  seq_len=128 n_valid=111  44s  max||J||/sqrt(d)=1.193  max_d_mean=3.66e-03
[  5h53m + 46.19s]   prompt 440/1000  seq_len=122 n_valid=105  46s  max||J||/sqrt(d)=1.220  max_d_mean=3.51e-03
[  5h54m + 45.60s]   prompt 441/1000  seq_len=127 n_valid=110  46s  max||J||/sqrt(d)=1.250  max_d_mean=3.66e-03
[  5h55m + 45.20s]   prompt 442/1000  seq_len=108 n_valid=91  45s  max||J||/sqrt(d)=1.189  max_d_mean=4.02e-03
[  5h55m + 42.60s]   prompt 443/1000  seq_len=85 n_valid=68  43s  max||J||/sqrt(d)=1.176  max_d_mean=3.30e-03
[  5h56m + 43.69s]   prompt 444/1000  seq_len=110 n_valid=93  44s  max||J||/sqrt(d)=1.163  max_d_mean=3.70e-03
[  5h57m + 44.60s]   prompt 445/1000  seq_len=128 n_valid=111  45s  max||J||/sqrt(d)=1.251  max_d_mean=3.59e-03
[  5h58m + 44.80s]   prompt 446/1000  seq_len=128 n_valid=111  45s  max||J||/sqrt(d)=1.262  max_d_mean=3.93e-03
[  5h58m + 46.40s]   prompt 447/1000  seq_len=119 n_valid=102  46s  max||J||/sqrt(d)=1.207  max_d_mean=3.80e-03
[  5h59m + 45.20s]   prompt 448/1000  seq_len=55 n_valid=38  45s  max||J||/sqrt(d)=1.131  max_d_mean=2.65e-03
[  6h00m + 46.00s]   prompt 449/1000  seq_len=128 n_valid=111  46s  max||J||/sqrt(d)=1.186  max_d_mean=2.83e-03
[  6h01m + 43.80s]   prompt 450/1000  seq_len=100 n_valid=83  44s  max||J||/sqrt(d)=1.176  max_d_mean=3.29e-03
[  6h01m + 46.50s]   prompt 451/1000  seq_len=128 n_valid=111  46s  max||J||/sqrt(d)=1.167  max_d_mean=2.73e-03
[  6h02m + 47.60s]   prompt 452/1000  seq_len=128 n_valid=111  48s  max||J||/sqrt(d)=1.184  max_d_mean=2.82e-03
[  6h03m + 47.50s]   prompt 453/1000  seq_len=128 n_valid=111  47s  max||J||/sqrt(d)=1.200  max_d_mean=2.67e-03
[  6h04m + 46.71s]   prompt 454/1000  seq_len=128 n_valid=111  47s  max||J||/sqrt(d)=1.185  max_d_mean=2.88e-03
[  6h05m + 50.19s]   prompt 455/1000  seq_len=128 n_valid=111  50s  max||J||/sqrt(d)=1.162  max_d_mean=2.59e-03
[  6h05m + 49.20s]   prompt 456/1000  seq_len=128 n_valid=111  49s  max||J||/sqrt(d)=1.188  max_d_mean=2.60e-03
[  6h06m + 48.70s]   prompt 457/1000  seq_len=128 n_valid=111  49s  max||J||/sqrt(d)=1.174  max_d_mean=2.68e-03
[  6h07m + 48.60s]   prompt 458/1000  seq_len=128 n_valid=111  49s  max||J||/sqrt(d)=1.203  max_d_mean=3.59e-03
[  6h08m + 48.20s]   prompt 459/1000  seq_len=128 n_valid=111  48s  max||J||/sqrt(d)=1.200  max_d_mean=3.08e-03
[  6h09m + 47.60s]   prompt 460/1000  seq_len=128 n_valid=111  48s  max||J||/sqrt(d)=1.229  max_d_mean=2.97e-03
[  6h09m + 46.60s]   prompt 461/1000  seq_len=128 n_valid=111  47s  max||J||/sqrt(d)=1.259  max_d_mean=3.43e-03
[  6h10m + 49.10s]   prompt 462/1000  seq_len=128 n_valid=111  49s  max||J||/sqrt(d)=1.166  max_d_mean=3.31e-03
[  6h11m + 49.90s]   prompt 463/1000  seq_len=128 n_valid=111  50s  max||J||/sqrt(d)=1.255  max_d_mean=3.55e-03
[  6h12m + 52.30s]   prompt 464/1000  seq_len=128 n_valid=111  52s  max||J||/sqrt(d)=1.230  max_d_mean=3.21e-03
[  6h13m + 50.60s]   prompt 465/1000  seq_len=128 n_valid=111  51s  max||J||/sqrt(d)=1.219  max_d_mean=2.77e-03
[  6h14m + 47.71s]   prompt 466/1000  seq_len=128 n_valid=111  48s  max||J||/sqrt(d)=1.178  max_d_mean=2.88e-03
[  6h14m + 48.20s]   prompt 467/1000  seq_len=128 n_valid=111  48s  max||J||/sqrt(d)=1.205  max_d_mean=2.44e-03
[  6h15m + 47.60s]   prompt 468/1000  seq_len=128 n_valid=111  48s  max||J||/sqrt(d)=1.229  max_d_mean=2.99e-03
[  6h16m + 47.10s]   prompt 469/1000  seq_len=128 n_valid=111  47s  max||J||/sqrt(d)=1.182  max_d_mean=2.79e-03
[  6h17m + 46.20s]   prompt 470/1000  seq_len=128 n_valid=111  46s  max||J||/sqrt(d)=1.209  max_d_mean=3.12e-03
[  6h17m + 46.80s]   prompt 471/1000  seq_len=128 n_valid=111  47s  max||J||/sqrt(d)=1.204  max_d_mean=3.25e-03
[  6h18m + 46.99s]   prompt 472/1000  seq_len=47 n_valid=30  47s  max||J||/sqrt(d)=1.105  max_d_mean=3.08e-03
[  6h19m + 46.60s]   prompt 473/1000  seq_len=128 n_valid=111  47s  max||J||/sqrt(d)=1.206  max_d_mean=3.04e-03
[  6h20m + 47.00s]   prompt 474/1000  seq_len=128 n_valid=111  47s  max||J||/sqrt(d)=1.190  max_d_mean=2.42e-03
[  6h21m + 47.61s]   prompt 475/1000  seq_len=108 n_valid=91  48s  max||J||/sqrt(d)=1.167  max_d_mean=2.45e-03
[  6h21m + 46.70s]   prompt 476/1000  seq_len=128 n_valid=111  47s  max||J||/sqrt(d)=1.204  max_d_mean=2.72e-03
[  6h22m + 46.01s]   prompt 477/1000  seq_len=56 n_valid=39  46s  max||J||/sqrt(d)=1.202  max_d_mean=3.17e-03
[  6h23m + 48.40s]   prompt 478/1000  seq_len=109 n_valid=92  48s  max||J||/sqrt(d)=1.223  max_d_mean=3.10e-03
[  6h24m + 43.11s]   prompt 479/1000  seq_len=128 n_valid=111  43s  max||J||/sqrt(d)=1.228  max_d_mean=2.88e-03
[  6h24m + 42.69s]   prompt 480/1000  seq_len=128 n_valid=111  43s  max||J||/sqrt(d)=1.194  max_d_mean=2.61e-03
[  6h25m + 43.50s]   prompt 481/1000  seq_len=49 n_valid=32  43s  max||J||/sqrt(d)=1.133  max_d_mean=3.93e-03
[  6h26m + 43.90s]   prompt 482/1000  seq_len=128 n_valid=111  44s  max||J||/sqrt(d)=1.227  max_d_mean=2.61e-03
[  6h27m + 45.40s]   prompt 483/1000  seq_len=127 n_valid=110  45s  max||J||/sqrt(d)=1.186  max_d_mean=2.90e-03
[  6h27m + 45.40s]   prompt 484/1000  seq_len=67 n_valid=50  45s  max||J||/sqrt(d)=1.181  max_d_mean=2.88e-03
[  6h28m + 42.20s]   prompt 485/1000  seq_len=125 n_valid=108  42s  max||J||/sqrt(d)=1.157  max_d_mean=2.41e-03
[  6h29m + 45.20s]   prompt 486/1000  seq_len=101 n_valid=84  45s  max||J||/sqrt(d)=1.176  max_d_mean=2.54e-03
[  6h30m + 44.90s]   prompt 487/1000  seq_len=128 n_valid=111  45s  max||J||/sqrt(d)=1.190  max_d_mean=2.36e-03
[  6h30m + 44.30s]   prompt 488/1000  seq_len=128 n_valid=111  44s  max||J||/sqrt(d)=1.159  max_d_mean=2.72e-03
[  6h31m + 45.80s]   prompt 489/1000  seq_len=100 n_valid=83  46s  max||J||/sqrt(d)=1.153  max_d_mean=2.52e-03
[  6h32m + 44.51s]   prompt 490/1000  seq_len=105 n_valid=88  45s  max||J||/sqrt(d)=1.167  max_d_mean=3.03e-03
[  6h33m + 43.29s]   prompt 491/1000  seq_len=82 n_valid=65  43s  max||J||/sqrt(d)=1.185  max_d_mean=2.63e-03
[  6h33m + 46.11s]   prompt 492/1000  seq_len=128 n_valid=111  46s  max||J||/sqrt(d)=1.226  max_d_mean=2.48e-03
[  6h34m + 44.09s]   prompt 493/1000  seq_len=100 n_valid=83  44s  max||J||/sqrt(d)=1.208  max_d_mean=3.09e-03
[  6h35m + 43.80s]   prompt 494/1000  seq_len=127 n_valid=110  44s  max||J||/sqrt(d)=1.193  max_d_mean=2.30e-03
[  6h36m + 44.50s]   prompt 495/1000  seq_len=46 n_valid=29  44s  max||J||/sqrt(d)=1.173  max_d_mean=3.23e-03
[  6h36m + 45.90s]   prompt 496/1000  seq_len=54 n_valid=37  46s  max||J||/sqrt(d)=1.167  max_d_mean=2.74e-03
[  6h37m + 44.30s]   prompt 497/1000  seq_len=59 n_valid=42  44s  max||J||/sqrt(d)=1.145  max_d_mean=3.12e-03
[  6h38m + 43.90s]   prompt 498/1000  seq_len=128 n_valid=111  44s  max||J||/sqrt(d)=1.172  max_d_mean=3.21e-03
[  6h38m + 44.10s]   prompt 499/1000  seq_len=128 n_valid=111  44s  max||J||/sqrt(d)=1.175  max_d_mean=3.06e-03
[  6h39m + 43.71s]   prompt 500/1000  seq_len=128 n_valid=111  44s  max||J||/sqrt(d)=1.213  max_d_mean=2.59e-03
[  6h40m + 45.60s]   prompt 501/1000  seq_len=109 n_valid=92  45s  max||J||/sqrt(d)=1.228  max_d_mean=2.61e-03
[  6h41m + 46.30s]   prompt 502/1000  seq_len=128 n_valid=111  46s  max||J||/sqrt(d)=1.214  max_d_mean=2.59e-03
[  6h42m + 46.20s]   prompt 503/1000  seq_len=96 n_valid=79  46s  max||J||/sqrt(d)=1.176  max_d_mean=2.57e-03
[  6h42m + 44.60s]   prompt 504/1000  seq_len=100 n_valid=83  45s  max||J||/sqrt(d)=1.189  max_d_mean=2.78e-03
[  6h43m + 44.19s]   prompt 505/1000  seq_len=44 n_valid=27  44s  max||J||/sqrt(d)=1.191  max_d_mean=2.86e-03
[  6h44m + 43.80s]   prompt 506/1000  seq_len=42 n_valid=25  44s  max||J||/sqrt(d)=1.137  max_d_mean=2.71e-03
[  6h44m + 43.20s]   prompt 507/1000  seq_len=107 n_valid=90  43s  max||J||/sqrt(d)=1.179  max_d_mean=3.01e-03
[  6h45m + 45.50s]   prompt 508/1000  seq_len=116 n_valid=99  46s  max||J||/sqrt(d)=1.160  max_d_mean=2.13e-03
[  6h46m + 42.30s]   prompt 509/1000  seq_len=78 n_valid=61  42s  max||J||/sqrt(d)=1.146  max_d_mean=2.70e-03
[  6h47m + 47.50s]   prompt 510/1000  seq_len=128 n_valid=111  48s  max||J||/sqrt(d)=1.272  max_d_mean=4.44e-03
[  6h47m + 47.30s]   prompt 511/1000  seq_len=128 n_valid=111  47s  max||J||/sqrt(d)=1.235  max_d_mean=4.93e-03
[  6h48m + 45.21s]   prompt 512/1000  seq_len=101 n_valid=84  45s  max||J||/sqrt(d)=1.237  max_d_mean=4.15e-03
[  6h49m + 45.59s]   prompt 513/1000  seq_len=56 n_valid=39  46s  max||J||/sqrt(d)=1.203  max_d_mean=4.53e-03
[  6h50m + 47.09s]   prompt 514/1000  seq_len=100 n_valid=83  47s  max||J||/sqrt(d)=1.178  max_d_mean=3.58e-03
[  6h50m + 40.90s]   prompt 515/1000  seq_len=128 n_valid=111  41s  max||J||/sqrt(d)=1.282  max_d_mean=4.33e-03
[  6h51m + 43.90s]   prompt 516/1000  seq_len=128 n_valid=111  44s  max||J||/sqrt(d)=1.253  max_d_mean=3.89e-03
[  6h52m + 44.80s]   prompt 517/1000  seq_len=125 n_valid=108  45s  max||J||/sqrt(d)=1.225  max_d_mean=2.84e-03
[  6h53m + 44.40s]   prompt 518/1000  seq_len=63 n_valid=46  44s  max||J||/sqrt(d)=1.124  max_d_mean=2.99e-03
[  6h53m + 45.99s]   prompt 519/1000  seq_len=79 n_valid=62  46s  max||J||/sqrt(d)=1.142  max_d_mean=2.43e-03
[  6h54m + 44.00s]   prompt 520/1000  seq_len=128 n_valid=111  44s  max||J||/sqrt(d)=1.188  max_d_mean=3.05e-03
[  6h55m + 45.50s]   prompt 521/1000  seq_len=128 n_valid=111  45s  max||J||/sqrt(d)=1.189  max_d_mean=3.35e-03
[  6h56m + 51.71s]   prompt 522/1000  seq_len=109 n_valid=92  52s  max||J||/sqrt(d)=1.284  max_d_mean=6.29e-03
[  6h57m + 52.40s]   prompt 523/1000  seq_len=80 n_valid=63  52s  max||J||/sqrt(d)=1.180  max_d_mean=4.54e-03
[  6h57m + 48.80s]   prompt 524/1000  seq_len=128 n_valid=111  49s  max||J||/sqrt(d)=1.186  max_d_mean=3.61e-03
[  6h58m + 49.49s]   prompt 525/1000  seq_len=88 n_valid=71  49s  max||J||/sqrt(d)=1.169  max_d_mean=4.27e-03
[  6h59m + 49.50s]   prompt 526/1000  seq_len=128 n_valid=111  49s  max||J||/sqrt(d)=1.244  max_d_mean=5.49e-03
[  7h00m + 51.60s]   prompt 527/1000  seq_len=127 n_valid=110  52s  max||J||/sqrt(d)=1.238  max_d_mean=3.10e-03
[  7h01m + 49.31s]   prompt 528/1000  seq_len=128 n_valid=111  49s  max||J||/sqrt(d)=1.264  max_d_mean=4.03e-03
[  7h02m + 49.80s]   prompt 529/1000  seq_len=84 n_valid=67  50s  max||J||/sqrt(d)=1.173  max_d_mean=3.00e-03
[  7h02m + 48.40s]   prompt 530/1000  seq_len=128 n_valid=111  48s  max||J||/sqrt(d)=1.264  max_d_mean=3.50e-03
[  7h03m + 50.70s]   prompt 531/1000  seq_len=63 n_valid=46  51s  max||J||/sqrt(d)=1.213  max_d_mean=3.08e-03
[  7h04m + 49.90s]   prompt 532/1000  seq_len=128 n_valid=111  50s  max||J||/sqrt(d)=1.242  max_d_mean=3.33e-03
[  7h05m + 48.51s]   prompt 533/1000  seq_len=128 n_valid=111  49s  max||J||/sqrt(d)=1.244  max_d_mean=3.54e-03
[  7h06m + 51.40s]   prompt 534/1000  seq_len=46 n_valid=29  51s  max||J||/sqrt(d)=1.173  max_d_mean=3.90e-03
[  7h07m + 48.19s]   prompt 535/1000  seq_len=128 n_valid=111  48s  max||J||/sqrt(d)=1.285  max_d_mean=3.99e-03
[  7h07m + 45.91s]   prompt 536/1000  seq_len=128 n_valid=111  46s  max||J||/sqrt(d)=1.324  max_d_mean=4.35e-03
[  7h08m + 47.10s]   prompt 537/1000  seq_len=122 n_valid=105  47s  max||J||/sqrt(d)=1.272  max_d_mean=3.43e-03
[  7h09m + 48.20s]   prompt 538/1000  seq_len=128 n_valid=111  48s  max||J||/sqrt(d)=1.248  max_d_mean=3.09e-03
[  7h10m + 46.60s]   prompt 539/1000  seq_len=128 n_valid=111  47s  max||J||/sqrt(d)=1.240  max_d_mean=3.13e-03
[  7h11m + 46.70s]   prompt 540/1000  seq_len=128 n_valid=111  47s  max||J||/sqrt(d)=1.355  max_d_mean=5.10e-03
[  7h11m + 46.51s]   prompt 541/1000  seq_len=128 n_valid=111  47s  max||J||/sqrt(d)=1.264  max_d_mean=3.18e-03
[  7h12m + 48.49s]   prompt 542/1000  seq_len=128 n_valid=111  48s  max||J||/sqrt(d)=1.266  max_d_mean=3.14e-03
[  7h13m + 46.90s]   prompt 543/1000  seq_len=128 n_valid=111  47s  max||J||/sqrt(d)=1.221  max_d_mean=3.02e-03
[  7h14m + 46.50s]   prompt 544/1000  seq_len=128 n_valid=111  46s  max||J||/sqrt(d)=1.265  max_d_mean=3.50e-03
[  7h14m + 45.60s]   prompt 545/1000  seq_len=128 n_valid=111  46s  max||J||/sqrt(d)=1.231  max_d_mean=3.49e-03
[  7h15m + 45.99s]   prompt 546/1000  seq_len=103 n_valid=86  46s  max||J||/sqrt(d)=1.211  max_d_mean=4.17e-03
[  7h16m + 48.60s]   prompt 547/1000  seq_len=128 n_valid=111  49s  max||J||/sqrt(d)=1.254  max_d_mean=4.04e-03
[  7h17m + 45.80s]   prompt 548/1000  seq_len=128 n_valid=111  46s  max||J||/sqrt(d)=1.248  max_d_mean=3.18e-03
[  7h18m + 46.30s]   prompt 549/1000  seq_len=128 n_valid=111  46s  max||J||/sqrt(d)=1.297  max_d_mean=3.73e-03
[  7h18m + 45.20s]   prompt 550/1000  seq_len=128 n_valid=111  45s  max||J||/sqrt(d)=1.369  max_d_mean=6.74e-03
[  7h19m + 47.90s]   prompt 551/1000  seq_len=79 n_valid=62  48s  max||J||/sqrt(d)=1.201  max_d_mean=3.63e-03
[  7h20m + 47.61s]   prompt 552/1000  seq_len=128 n_valid=111  48s  max||J||/sqrt(d)=1.395  max_d_mean=5.76e-03
[  7h21m + 45.99s]   prompt 553/1000  seq_len=97 n_valid=80  46s  max||J||/sqrt(d)=1.251  max_d_mean=4.42e-03
[  7h21m + 46.40s]   prompt 554/1000  seq_len=94 n_valid=77  46s  max||J||/sqrt(d)=1.247  max_d_mean=4.01e-03
[  7h22m + 46.21s]   prompt 555/1000  seq_len=128 n_valid=111  46s  max||J||/sqrt(d)=1.633  max_d_mean=8.68e-03
[  7h23m + 47.79s]   prompt 556/1000  seq_len=128 n_valid=111  48s  max||J||/sqrt(d)=1.273  max_d_mean=3.46e-03
[  7h24m + 45.91s]   prompt 557/1000  seq_len=124 n_valid=107  46s  max||J||/sqrt(d)=1.298  max_d_mean=2.98e-03
[  7h25m + 45.90s]   prompt 558/1000  seq_len=70 n_valid=53  46s  max||J||/sqrt(d)=1.189  max_d_mean=2.87e-03
[  7h25m + 46.89s]   prompt 559/1000  seq_len=59 n_valid=42  47s  max||J||/sqrt(d)=1.153  max_d_mean=2.36e-03
[  7h26m + 46.81s]   prompt 560/1000  seq_len=128 n_valid=111  47s  max||J||/sqrt(d)=1.177  max_d_mean=1.96e-03
[  7h27m + 45.10s]   prompt 561/1000  seq_len=128 n_valid=111  45s  max||J||/sqrt(d)=1.212  max_d_mean=2.43e-03
[  7h28m + 46.20s]   prompt 562/1000  seq_len=103 n_valid=86  46s  max||J||/sqrt(d)=1.163  max_d_mean=2.35e-03
[  7h28m + 47.00s]   prompt 563/1000  seq_len=128 n_valid=111  47s  max||J||/sqrt(d)=1.170  max_d_mean=2.11e-03
[  7h29m + 46.80s]   prompt 564/1000  seq_len=128 n_valid=111  47s  max||J||/sqrt(d)=1.197  max_d_mean=2.76e-03
[  7h30m + 43.80s]   prompt 565/1000  seq_len=128 n_valid=111  44s  max||J||/sqrt(d)=1.204  max_d_mean=2.25e-03
[  7h31m + 47.20s]   prompt 566/1000  seq_len=128 n_valid=111  47s  max||J||/sqrt(d)=1.187  max_d_mean=2.70e-03
[  7h31m + 48.10s]   prompt 567/1000  seq_len=128 n_valid=111  48s  max||J||/sqrt(d)=1.198  max_d_mean=2.03e-03
[  7h32m + 48.81s]   prompt 568/1000  seq_len=128 n_valid=111  49s  max||J||/sqrt(d)=1.183  max_d_mean=2.29e-03
[  7h33m + 49.29s]   prompt 569/1000  seq_len=128 n_valid=111  49s  max||J||/sqrt(d)=1.193  max_d_mean=2.58e-03
[  7h34m + 47.49s]   prompt 570/1000  seq_len=123 n_valid=106  47s  max||J||/sqrt(d)=1.220  max_d_mean=2.91e-03
[  7h35m + 47.01s]   prompt 571/1000  seq_len=128 n_valid=111  47s  max||J||/sqrt(d)=1.206  max_d_mean=4.13e-03
[  7h35m + 47.30s]   prompt 572/1000  seq_len=126 n_valid=109  47s  max||J||/sqrt(d)=1.190  max_d_mean=2.91e-03
[  7h36m + 48.20s]   prompt 573/1000  seq_len=128 n_valid=111  48s  max||J||/sqrt(d)=1.210  max_d_mean=2.44e-03
[  7h37m + 48.41s]   prompt 574/1000  seq_len=128 n_valid=111  48s  max||J||/sqrt(d)=1.198  max_d_mean=2.58e-03
[  7h38m + 46.59s]   prompt 575/1000  seq_len=128 n_valid=111  47s  max||J||/sqrt(d)=1.214  max_d_mean=2.30e-03
[  7h39m + 54.71s]   prompt 576/1000  seq_len=125 n_valid=108  55s  max||J||/sqrt(d)=1.173  max_d_mean=1.78e-03
[  7h40m + 53.29s]   prompt 577/1000  seq_len=128 n_valid=111  53s  max||J||/sqrt(d)=1.175  max_d_mean=2.13e-03
[  7h41m + 53.90s]   prompt 578/1000  seq_len=117 n_valid=100  54s  max||J||/sqrt(d)=1.218  max_d_mean=2.32e-03
[  7h41m + 44.70s]   prompt 579/1000  seq_len=101 n_valid=84  45s  max||J||/sqrt(d)=1.170  max_d_mean=2.50e-03
[  7h42m + 45.10s]   prompt 580/1000  seq_len=88 n_valid=71  45s  max||J||/sqrt(d)=1.203  max_d_mean=2.58e-03
[  7h43m + 45.70s]   prompt 581/1000  seq_len=94 n_valid=77  46s  max||J||/sqrt(d)=1.158  max_d_mean=2.38e-03
[  7h44m + 45.00s]   prompt 582/1000  seq_len=58 n_valid=41  45s  max||J||/sqrt(d)=1.096  max_d_mean=2.12e-03
[  7h44m + 50.30s]   prompt 583/1000  seq_len=115 n_valid=98  50s  max||J||/sqrt(d)=1.173  max_d_mean=2.22e-03
[  7h45m + 47.10s]   prompt 584/1000  seq_len=128 n_valid=111  47s  max||J||/sqrt(d)=1.204  max_d_mean=2.09e-03
[  7h46m + 47.00s]   prompt 585/1000  seq_len=128 n_valid=111  47s  max||J||/sqrt(d)=1.194  max_d_mean=2.08e-03
[  7h47m + 45.80s]   prompt 586/1000  seq_len=82 n_valid=65  46s  max||J||/sqrt(d)=1.178  max_d_mean=2.33e-03
[  7h47m + 46.20s]   prompt 587/1000  seq_len=127 n_valid=110  46s  max||J||/sqrt(d)=1.174  max_d_mean=2.19e-03
[  7h48m + 45.80s]   prompt 588/1000  seq_len=128 n_valid=111  46s  max||J||/sqrt(d)=1.214  max_d_mean=2.41e-03
[  7h49m + 47.80s]   prompt 589/1000  seq_len=128 n_valid=111  48s  max||J||/sqrt(d)=1.217  max_d_mean=2.28e-03
[  7h50m + 47.30s]   prompt 590/1000  seq_len=128 n_valid=111  47s  max||J||/sqrt(d)=1.210  max_d_mean=2.78e-03
[  7h51m + 47.11s]   prompt 591/1000  seq_len=100 n_valid=83  47s  max||J||/sqrt(d)=1.152  max_d_mean=2.15e-03
[  7h51m + 48.59s]   prompt 592/1000  seq_len=69 n_valid=52  49s  max||J||/sqrt(d)=1.151  max_d_mean=2.82e-03
[  7h52m + 46.11s]   prompt 593/1000  seq_len=86 n_valid=69  46s  max||J||/sqrt(d)=1.162  max_d_mean=2.39e-03
[  7h53m + 49.70s]   prompt 594/1000  seq_len=128 n_valid=111  50s  max||J||/sqrt(d)=1.249  max_d_mean=2.92e-03
[  7h54m + 46.90s]   prompt 595/1000  seq_len=128 n_valid=111  47s  max||J||/sqrt(d)=1.180  max_d_mean=2.90e-03
[  7h55m + 46.50s]   prompt 596/1000  seq_len=128 n_valid=111  47s  max||J||/sqrt(d)=1.205  max_d_mean=2.23e-03
[  7h55m + 45.50s]   prompt 597/1000  seq_len=128 n_valid=111  46s  max||J||/sqrt(d)=1.157  max_d_mean=2.00e-03
[  7h56m + 47.71s]   prompt 598/1000  seq_len=88 n_valid=71  48s  max||J||/sqrt(d)=1.221  max_d_mean=2.75e-03
[  7h57m + 48.19s]   prompt 599/1000  seq_len=85 n_valid=68  48s  max||J||/sqrt(d)=1.223  max_d_mean=3.33e-03
[  7h58m + 46.30s]   prompt 600/1000  seq_len=67 n_valid=50  46s  max||J||/sqrt(d)=1.146  max_d_mean=2.35e-03
[  7h58m + 46.00s]   prompt 601/1000  seq_len=93 n_valid=76  46s  max||J||/sqrt(d)=1.207  max_d_mean=2.61e-03
[  7h59m + 45.80s]   prompt 602/1000  seq_len=128 n_valid=111  46s  max||J||/sqrt(d)=1.201  max_d_mean=2.32e-03
[  8h00m + 47.70s]   prompt 603/1000  seq_len=113 n_valid=96  48s  max||J||/sqrt(d)=1.200  max_d_mean=2.24e-03
[  8h01m + 46.11s]   prompt 604/1000  seq_len=96 n_valid=79  46s  max||J||/sqrt(d)=1.242  max_d_mean=3.46e-03
[  8h02m + 45.69s]   prompt 605/1000  seq_len=92 n_valid=75  46s  max||J||/sqrt(d)=1.211  max_d_mean=3.02e-03
[  8h02m + 46.30s]   prompt 606/1000  seq_len=74 n_valid=57  46s  max||J||/sqrt(d)=1.135  max_d_mean=2.19e-03
[  8h03m + 45.90s]   prompt 607/1000  seq_len=40 n_valid=23  46s  max||J||/sqrt(d)=1.106  max_d_mean=2.25e-03
[  8h04m + 48.90s]   prompt 608/1000  seq_len=115 n_valid=98  49s  max||J||/sqrt(d)=1.204  max_d_mean=2.76e-03
[  8h05m + 47.80s]   prompt 609/1000  seq_len=98 n_valid=81  48s  max||J||/sqrt(d)=1.196  max_d_mean=2.35e-03
[  8h06m + 49.50s]   prompt 610/1000  seq_len=128 n_valid=111  49s  max||J||/sqrt(d)=1.161  max_d_mean=1.83e-03
[  8h06m + 48.50s]   prompt 611/1000  seq_len=92 n_valid=75  49s  max||J||/sqrt(d)=1.156  max_d_mean=2.63e-03
[  8h07m + 47.70s]   prompt 612/1000  seq_len=128 n_valid=111  48s  max||J||/sqrt(d)=1.223  max_d_mean=2.96e-03
[  8h08m + 48.30s]   prompt 613/1000  seq_len=68 n_valid=51  48s  max||J||/sqrt(d)=1.155  max_d_mean=3.07e-03
[  8h09m + 46.79s]   prompt 614/1000  seq_len=90 n_valid=73  47s  max||J||/sqrt(d)=1.140  max_d_mean=2.01e-03
[  8h10m + 48.20s]   prompt 615/1000  seq_len=112 n_valid=95  48s  max||J||/sqrt(d)=1.183  max_d_mean=1.98e-03
[  8h10m + 49.40s]   prompt 616/1000  seq_len=107 n_valid=90  49s  max||J||/sqrt(d)=1.167  max_d_mean=3.33e-03
[  8h11m + 47.80s]   prompt 617/1000  seq_len=128 n_valid=111  48s  max||J||/sqrt(d)=1.212  max_d_mean=1.92e-03
[  8h12m + 47.80s]   prompt 618/1000  seq_len=128 n_valid=111  48s  max||J||/sqrt(d)=1.155  max_d_mean=1.87e-03
[  8h13m + 47.90s]   prompt 619/1000  seq_len=128 n_valid=111  48s  max||J||/sqrt(d)=1.197  max_d_mean=2.24e-03
[  8h14m + 46.70s]   prompt 620/1000  seq_len=128 n_valid=111  47s  max||J||/sqrt(d)=1.199  max_d_mean=2.25e-03
[  8h14m + 48.60s]   prompt 621/1000  seq_len=108 n_valid=91  49s  max||J||/sqrt(d)=1.168  max_d_mean=2.47e-03
[  8h15m + 45.90s]   prompt 622/1000  seq_len=128 n_valid=111  46s  max||J||/sqrt(d)=1.180  max_d_mean=2.37e-03
[  8h16m + 46.50s]   prompt 623/1000  seq_len=128 n_valid=111  46s  max||J||/sqrt(d)=1.171  max_d_mean=2.25e-03
[  8h17m + 47.60s]   prompt 624/1000  seq_len=52 n_valid=35  48s  max||J||/sqrt(d)=1.112  max_d_mean=3.76e-03
[  8h17m + 48.21s]   prompt 625/1000  seq_len=128 n_valid=111  48s  max||J||/sqrt(d)=1.183  max_d_mean=2.65e-03
[  8h18m + 48.09s]   prompt 626/1000  seq_len=128 n_valid=111  48s  max||J||/sqrt(d)=1.183  max_d_mean=2.59e-03
[  8h19m + 50.71s]   prompt 627/1000  seq_len=117 n_valid=100  51s  max||J||/sqrt(d)=1.223  max_d_mean=2.43e-03
[  8h20m + 48.49s]   prompt 628/1000  seq_len=128 n_valid=111  48s  max||J||/sqrt(d)=1.229  max_d_mean=4.42e-03
[  8h21m + 47.20s]   prompt 629/1000  seq_len=128 n_valid=111  47s  max||J||/sqrt(d)=1.195  max_d_mean=3.10e-03
[  8h22m + 48.30s]   prompt 630/1000  seq_len=123 n_valid=106  48s  max||J||/sqrt(d)=1.223  max_d_mean=2.61e-03
[  8h22m + 49.00s]   prompt 631/1000  seq_len=58 n_valid=41  49s  max||J||/sqrt(d)=1.126  max_d_mean=3.03e-03
[  8h23m + 47.90s]   prompt 632/1000  seq_len=56 n_valid=39  48s  max||J||/sqrt(d)=1.169  max_d_mean=2.64e-03
[  8h24m + 48.90s]   prompt 633/1000  seq_len=124 n_valid=107  49s  max||J||/sqrt(d)=1.245  max_d_mean=2.23e-03
[  8h25m + 49.40s]   prompt 634/1000  seq_len=48 n_valid=31  49s  max||J||/sqrt(d)=1.121  max_d_mean=2.86e-03
[  8h26m + 48.30s]   prompt 635/1000  seq_len=128 n_valid=111  48s  max||J||/sqrt(d)=1.187  max_d_mean=2.31e-03
[  8h26m + 49.51s]   prompt 636/1000  seq_len=92 n_valid=75  50s  max||J||/sqrt(d)=1.191  max_d_mean=2.08e-03
[  8h27m + 50.39s]   prompt 637/1000  seq_len=111 n_valid=94  50s  max||J||/sqrt(d)=1.213  max_d_mean=2.66e-03
[  8h28m + 49.80s]   prompt 638/1000  seq_len=83 n_valid=66  50s  max||J||/sqrt(d)=1.232  max_d_mean=2.27e-03
[  8h29m + 49.80s]   prompt 639/1000  seq_len=128 n_valid=111  50s  max||J||/sqrt(d)=1.215  max_d_mean=2.58e-03
[  8h30m + 47.12s]   prompt 640/1000  seq_len=66 n_valid=49  47s  max||J||/sqrt(d)=1.135  max_d_mean=2.35e-03
[  8h31m + 48.58s]   prompt 641/1000  seq_len=128 n_valid=111  49s  max||J||/sqrt(d)=1.203  max_d_mean=2.02e-03
[  8h31m + 51.10s]   prompt 642/1000  seq_len=128 n_valid=111  51s  max||J||/sqrt(d)=1.199  max_d_mean=3.02e-03
[  8h32m + 47.70s]   prompt 643/1000  seq_len=128 n_valid=111  48s  max||J||/sqrt(d)=1.213  max_d_mean=2.28e-03
[  8h33m + 51.70s]   prompt 644/1000  seq_len=128 n_valid=111  52s  max||J||/sqrt(d)=1.212  max_d_mean=2.13e-03
[  8h34m + 49.01s]   prompt 645/1000  seq_len=128 n_valid=111  49s  max||J||/sqrt(d)=1.205  max_d_mean=2.82e-03
[  8h35m + 50.29s]   prompt 646/1000  seq_len=128 n_valid=111  50s  max||J||/sqrt(d)=1.198  max_d_mean=2.09e-03
[  8h36m + 50.30s]   prompt 647/1000  seq_len=128 n_valid=111  50s  max||J||/sqrt(d)=1.208  max_d_mean=3.00e-03
[  8h36m + 46.81s]   prompt 648/1000  seq_len=128 n_valid=111  47s  max||J||/sqrt(d)=1.240  max_d_mean=2.77e-03
[  8h37m + 50.90s]   prompt 649/1000  seq_len=128 n_valid=111  51s  max||J||/sqrt(d)=1.196  max_d_mean=3.08e-03
[  8h38m + 49.10s]   prompt 650/1000  seq_len=128 n_valid=111  49s  max||J||/sqrt(d)=1.246  max_d_mean=3.02e-03
[  8h39m + 49.60s]   prompt 651/1000  seq_len=122 n_valid=105  49s  max||J||/sqrt(d)=1.201  max_d_mean=1.67e-03
[  8h40m + 49.80s]   prompt 652/1000  seq_len=128 n_valid=111  50s  max||J||/sqrt(d)=1.161  max_d_mean=2.00e-03
[  8h40m + 47.90s]   prompt 653/1000  seq_len=128 n_valid=111  48s  max||J||/sqrt(d)=1.218  max_d_mean=2.13e-03
[  8h41m + 49.80s]   prompt 654/1000  seq_len=117 n_valid=100  50s  max||J||/sqrt(d)=1.209  max_d_mean=2.23e-03
[  8h42m + 49.80s]   prompt 655/1000  seq_len=54 n_valid=37  50s  max||J||/sqrt(d)=1.120  max_d_mean=2.14e-03
[  8h43m + 49.00s]   prompt 656/1000  seq_len=75 n_valid=58  49s  max||J||/sqrt(d)=1.147  max_d_mean=2.36e-03
[  8h44m + 50.10s]   prompt 657/1000  seq_len=88 n_valid=71  50s  max||J||/sqrt(d)=1.185  max_d_mean=2.98e-03
[  8h45m + 50.70s]   prompt 658/1000  seq_len=125 n_valid=108  51s  max||J||/sqrt(d)=1.201  max_d_mean=2.77e-03
[  8h45m + 48.41s]   prompt 659/1000  seq_len=44 n_valid=27  48s  max||J||/sqrt(d)=1.102  max_d_mean=1.84e-03
[  8h46m + 49.99s]   prompt 660/1000  seq_len=128 n_valid=111  50s  max||J||/sqrt(d)=1.213  max_d_mean=2.23e-03
[  8h47m + 48.20s]   prompt 661/1000  seq_len=128 n_valid=111  48s  max||J||/sqrt(d)=1.192  max_d_mean=1.65e-03
[  8h48m + 49.50s]   prompt 662/1000  seq_len=128 n_valid=111  50s  max||J||/sqrt(d)=1.199  max_d_mean=2.31e-03
[  8h49m + 49.80s]   prompt 663/1000  seq_len=128 n_valid=111  50s  max||J||/sqrt(d)=1.196  max_d_mean=1.85e-03
[  8h49m + 46.60s]   prompt 664/1000  seq_len=128 n_valid=111  47s  max||J||/sqrt(d)=1.199  max_d_mean=1.98e-03
[  8h50m + 52.51s]   prompt 665/1000  seq_len=128 n_valid=111  53s  max||J||/sqrt(d)=1.206  max_d_mean=1.94e-03
[  8h51m + 49.68s]   prompt 666/1000  seq_len=128 n_valid=111  50s  max||J||/sqrt(d)=1.197  max_d_mean=1.94e-03
[  8h52m + 51.00s]   prompt 667/1000  seq_len=128 n_valid=111  51s  max||J||/sqrt(d)=1.213  max_d_mean=2.10e-03
[  8h53m + 51.31s]   prompt 668/1000  seq_len=128 n_valid=111  51s  max||J||/sqrt(d)=1.205  max_d_mean=2.02e-03
[  8h54m + 51.19s]   prompt 669/1000  seq_len=128 n_valid=111  51s  max||J||/sqrt(d)=1.201  max_d_mean=1.95e-03
[  8h55m + 51.01s]   prompt 670/1000  seq_len=128 n_valid=111  51s  max||J||/sqrt(d)=1.219  max_d_mean=2.09e-03
[  8h55m + 49.80s]   prompt 671/1000  seq_len=128 n_valid=111  50s  max||J||/sqrt(d)=1.205  max_d_mean=1.90e-03
[  8h56m + 49.19s]   prompt 672/1000  seq_len=128 n_valid=111  49s  max||J||/sqrt(d)=1.169  max_d_mean=1.89e-03
[  8h57m + 44.21s]   prompt 673/1000  seq_len=83 n_valid=66  44s  max||J||/sqrt(d)=1.157  max_d_mean=1.80e-03
[  8h58m + 46.60s]   prompt 674/1000  seq_len=115 n_valid=98  47s  max||J||/sqrt(d)=1.178  max_d_mean=1.59e-03
[  8h58m + 46.40s]   prompt 675/1000  seq_len=118 n_valid=101  46s  max||J||/sqrt(d)=1.170  max_d_mean=2.10e-03
[  8h59m + 48.51s]   prompt 676/1000  seq_len=106 n_valid=89  48s  max||J||/sqrt(d)=1.173  max_d_mean=1.84e-03
[  9h00m + 49.49s]   prompt 677/1000  seq_len=128 n_valid=111  49s  max||J||/sqrt(d)=1.212  max_d_mean=1.80e-03
[  9h01m + 49.60s]   prompt 678/1000  seq_len=128 n_valid=111  50s  max||J||/sqrt(d)=1.206  max_d_mean=1.97e-03
[  9h02m + 49.01s]   prompt 679/1000  seq_len=112 n_valid=95  49s  max||J||/sqrt(d)=1.199  max_d_mean=1.92e-03
[  9h03m + 48.79s]   prompt 680/1000  seq_len=128 n_valid=111  49s  max||J||/sqrt(d)=1.225  max_d_mean=1.92e-03
[  9h03m + 49.42s]   prompt 681/1000  seq_len=128 n_valid=111  49s  max||J||/sqrt(d)=1.217  max_d_mean=1.84e-03
[  9h04m + 48.88s]   prompt 682/1000  seq_len=128 n_valid=111  49s  max||J||/sqrt(d)=1.241  max_d_mean=2.18e-03
[  9h05m + 50.10s]   prompt 683/1000  seq_len=128 n_valid=111  50s  max||J||/sqrt(d)=1.197  max_d_mean=1.85e-03
[  9h06m + 44.11s]   prompt 684/1000  seq_len=128 n_valid=111  44s  max||J||/sqrt(d)=1.195  max_d_mean=1.84e-03
[  9h07m + 44.89s]   prompt 685/1000  seq_len=128 n_valid=111  45s  max||J||/sqrt(d)=1.225  max_d_mean=1.92e-03
[  9h07m + 46.90s]   prompt 686/1000  seq_len=128 n_valid=111  47s  max||J||/sqrt(d)=1.194  max_d_mean=2.13e-03
[  9h08m + 48.00s]   prompt 687/1000  seq_len=128 n_valid=111  48s  max||J||/sqrt(d)=1.245  max_d_mean=2.04e-03
[  9h09m + 44.41s]   prompt 688/1000  seq_len=128 n_valid=111  44s  max||J||/sqrt(d)=1.221  max_d_mean=1.79e-03
[  9h10m + 49.29s]   prompt 689/1000  seq_len=128 n_valid=111  49s  max||J||/sqrt(d)=1.160  max_d_mean=1.69e-03
[  9h10m + 46.81s]   prompt 690/1000  seq_len=87 n_valid=70  47s  max||J||/sqrt(d)=1.149  max_d_mean=1.66e-03
[  9h11m + 48.59s]   prompt 691/1000  seq_len=114 n_valid=97  49s  max||J||/sqrt(d)=1.182  max_d_mean=1.69e-03
[  9h12m + 49.90s]   prompt 692/1000  seq_len=128 n_valid=111  50s  max||J||/sqrt(d)=1.212  max_d_mean=1.80e-03
[  9h13m + 47.30s]   prompt 693/1000  seq_len=128 n_valid=111  47s  max||J||/sqrt(d)=1.213  max_d_mean=2.09e-03
[  9h14m + 47.91s]   prompt 694/1000  seq_len=128 n_valid=111  48s  max||J||/sqrt(d)=1.209  max_d_mean=1.76e-03
[  9h14m + 46.20s]   prompt 695/1000  seq_len=127 n_valid=110  46s  max||J||/sqrt(d)=1.224  max_d_mean=2.00e-03
[  9h15m + 49.40s]   prompt 696/1000  seq_len=128 n_valid=111  49s  max||J||/sqrt(d)=1.203  max_d_mean=1.84e-03
[  9h16m + 46.90s]   prompt 697/1000  seq_len=68 n_valid=51  47s  max||J||/sqrt(d)=1.155  max_d_mean=1.84e-03
[  9h17m + 46.21s]   prompt 698/1000  seq_len=108 n_valid=91  46s  max||J||/sqrt(d)=1.211  max_d_mean=1.84e-03
[  9h18m + 47.10s]   prompt 699/1000  seq_len=128 n_valid=111  47s  max||J||/sqrt(d)=1.197  max_d_mean=1.83e-03
[  9h18m + 44.40s]   prompt 700/1000  seq_len=128 n_valid=111  44s  max||J||/sqrt(d)=1.201  max_d_mean=1.87e-03
[  9h19m + 48.41s]   prompt 701/1000  seq_len=128 n_valid=111  48s  max||J||/sqrt(d)=1.184  max_d_mean=1.50e-03
[  9h20m + 44.59s]   prompt 702/1000  seq_len=75 n_valid=58  45s  max||J||/sqrt(d)=1.150  max_d_mean=2.05e-03
[  9h21m + 48.20s]   prompt 703/1000  seq_len=128 n_valid=111  48s  max||J||/sqrt(d)=1.211  max_d_mean=1.75e-03
[  9h21m + 47.01s]   prompt 704/1000  seq_len=128 n_valid=111  47s  max||J||/sqrt(d)=1.218  max_d_mean=1.82e-03
[  9h22m + 46.29s]   prompt 705/1000  seq_len=128 n_valid=111  46s  max||J||/sqrt(d)=1.202  max_d_mean=1.58e-03
[  9h23m + 51.21s]   prompt 706/1000  seq_len=128 n_valid=111  51s  max||J||/sqrt(d)=1.204  max_d_mean=1.79e-03
[  9h24m + 46.70s]   prompt 707/1000  seq_len=58 n_valid=41  47s  max||J||/sqrt(d)=1.185  max_d_mean=2.24e-03
[  9h25m + 49.40s]   prompt 708/1000  seq_len=64 n_valid=47  49s  max||J||/sqrt(d)=1.153  max_d_mean=2.95e-03
[  9h26m + 49.02s]   prompt 709/1000  seq_len=128 n_valid=111  49s  max||J||/sqrt(d)=1.220  max_d_mean=1.66e-03
[  9h26m + 48.89s]   prompt 710/1000  seq_len=128 n_valid=111  49s  max||J||/sqrt(d)=1.180  max_d_mean=1.95e-03
[  9h27m + 48.42s]   prompt 711/1000  seq_len=128 n_valid=111  48s  max||J||/sqrt(d)=1.179  max_d_mean=1.72e-03
[  9h28m + 49.78s]   prompt 712/1000  seq_len=105 n_valid=88  50s  max||J||/sqrt(d)=1.197  max_d_mean=2.07e-03
[  9h29m + 48.20s]   prompt 713/1000  seq_len=102 n_valid=85  48s  max||J||/sqrt(d)=1.194  max_d_mean=1.94e-03
[  9h30m + 47.00s]   prompt 714/1000  seq_len=104 n_valid=87  47s  max||J||/sqrt(d)=1.197  max_d_mean=1.70e-03
[  9h30m + 51.09s]   prompt 715/1000  seq_len=128 n_valid=111  51s  max||J||/sqrt(d)=1.218  max_d_mean=2.11e-03
[  9h31m + 48.40s]   prompt 716/1000  seq_len=103 n_valid=86  48s  max||J||/sqrt(d)=1.208  max_d_mean=1.87e-03
[  9h32m + 50.20s]   prompt 717/1000  seq_len=104 n_valid=87  50s  max||J||/sqrt(d)=1.207  max_d_mean=2.23e-03
[  9h33m + 47.90s]   prompt 718/1000  seq_len=70 n_valid=53  48s  max||J||/sqrt(d)=1.204  max_d_mean=2.24e-03
[  9h34m + 49.01s]   prompt 719/1000  seq_len=128 n_valid=111  49s  max||J||/sqrt(d)=1.213  max_d_mean=1.60e-03
[  9h35m + 51.50s]   prompt 720/1000  seq_len=96 n_valid=79  51s  max||J||/sqrt(d)=1.147  max_d_mean=1.57e-03
[  9h35m + 44.30s]   prompt 721/1000  seq_len=47 n_valid=30  44s  max||J||/sqrt(d)=1.136  max_d_mean=2.04e-03
[  9h36m + 49.00s]   prompt 722/1000  seq_len=89 n_valid=72  49s  max||J||/sqrt(d)=1.208  max_d_mean=1.98e-03
[  9h37m + 47.90s]   prompt 723/1000  seq_len=81 n_valid=64  48s  max||J||/sqrt(d)=1.143  max_d_mean=1.65e-03
[  9h38m + 47.40s]   prompt 724/1000  seq_len=128 n_valid=111  47s  max||J||/sqrt(d)=1.222  max_d_mean=1.96e-03
[  9h38m + 48.21s]   prompt 725/1000  seq_len=128 n_valid=111  48s  max||J||/sqrt(d)=1.188  max_d_mean=1.77e-03
[  9h39m + 52.40s]   prompt 726/1000  seq_len=128 n_valid=111  52s  max||J||/sqrt(d)=1.156  max_d_mean=1.56e-03
[  9h40m + 49.41s]   prompt 727/1000  seq_len=128 n_valid=111  49s  max||J||/sqrt(d)=1.162  max_d_mean=1.54e-03
[  9h41m + 49.70s]   prompt 728/1000  seq_len=128 n_valid=111  50s  max||J||/sqrt(d)=1.178  max_d_mean=1.64e-03
[  9h42m + 50.69s]   prompt 729/1000  seq_len=128 n_valid=111  51s  max||J||/sqrt(d)=1.202  max_d_mean=1.91e-03
[  9h43m + 50.31s]   prompt 730/1000  seq_len=128 n_valid=111  50s  max||J||/sqrt(d)=1.162  max_d_mean=1.69e-03
[  9h44m + 50.10s]   prompt 731/1000  seq_len=128 n_valid=111  50s  max||J||/sqrt(d)=1.260  max_d_mean=2.22e-03
[  9h44m + 50.10s]   prompt 732/1000  seq_len=128 n_valid=111  50s  max||J||/sqrt(d)=1.206  max_d_mean=2.41e-03
[  9h45m + 50.30s]   prompt 733/1000  seq_len=128 n_valid=111  50s  max||J||/sqrt(d)=1.184  max_d_mean=1.57e-03
[  9h46m + 49.70s]   prompt 734/1000  seq_len=128 n_valid=111  50s  max||J||/sqrt(d)=1.194  max_d_mean=1.74e-03
[  9h47m + 48.60s]   prompt 735/1000  seq_len=57 n_valid=40  49s  max||J||/sqrt(d)=1.162  max_d_mean=1.68e-03
[  9h48m + 47.70s]   prompt 736/1000  seq_len=105 n_valid=88  48s  max||J||/sqrt(d)=1.225  max_d_mean=2.18e-03
[  9h48m + 47.10s]   prompt 737/1000  seq_len=128 n_valid=111  47s  max||J||/sqrt(d)=1.238  max_d_mean=2.30e-03
[  9h49m + 48.30s]   prompt 738/1000  seq_len=39 n_valid=22  48s  max||J||/sqrt(d)=1.093  max_d_mean=1.86e-03
[  9h50m + 46.10s]   prompt 739/1000  seq_len=128 n_valid=111  46s  max||J||/sqrt(d)=1.226  max_d_mean=1.88e-03
[  9h51m + 49.70s]   prompt 740/1000  seq_len=127 n_valid=110  50s  max||J||/sqrt(d)=1.176  max_d_mean=1.71e-03
[  9h52m + 46.70s]   prompt 741/1000  seq_len=60 n_valid=43  47s  max||J||/sqrt(d)=1.158  max_d_mean=1.76e-03
[  9h52m + 47.50s]   prompt 742/1000  seq_len=128 n_valid=111  48s  max||J||/sqrt(d)=1.221  max_d_mean=2.33e-03
[  9h53m + 48.90s]   prompt 743/1000  seq_len=128 n_valid=111  49s  max||J||/sqrt(d)=1.238  max_d_mean=2.58e-03
[  9h54m + 48.90s]   prompt 744/1000  seq_len=127 n_valid=110  49s  max||J||/sqrt(d)=1.195  max_d_mean=2.02e-03
[  9h55m + 47.50s]   prompt 745/1000  seq_len=59 n_valid=42  47s  max||J||/sqrt(d)=1.192  max_d_mean=2.43e-03
[  9h56m + 49.10s]   prompt 746/1000  seq_len=128 n_valid=111  49s  max||J||/sqrt(d)=1.204  max_d_mean=1.66e-03
[  9h56m + 48.81s]   prompt 747/1000  seq_len=103 n_valid=86  49s  max||J||/sqrt(d)=1.180  max_d_mean=1.86e-03
[  9h57m + 47.99s]   prompt 748/1000  seq_len=128 n_valid=111  48s  max||J||/sqrt(d)=1.220  max_d_mean=1.94e-03
[  9h58m + 48.40s]   prompt 749/1000  seq_len=128 n_valid=111  48s  max||J||/sqrt(d)=1.222  max_d_mean=1.92e-03
[  9h59m + 48.10s]   prompt 750/1000  seq_len=111 n_valid=94  48s  max||J||/sqrt(d)=1.216  max_d_mean=2.17e-03
[ 10h00m + 47.40s]   prompt 751/1000  seq_len=128 n_valid=111  47s  max||J||/sqrt(d)=1.241  max_d_mean=1.95e-03
[ 10h00m + 49.10s]   prompt 752/1000  seq_len=128 n_valid=111  49s  max||J||/sqrt(d)=1.175  max_d_mean=1.80e-03
[ 10h01m + 50.11s]   prompt 753/1000  seq_len=128 n_valid=111  50s  max||J||/sqrt(d)=1.176  max_d_mean=1.89e-03
[ 10h02m + 47.90s]   prompt 754/1000  seq_len=128 n_valid=111  48s  max||J||/sqrt(d)=1.164  max_d_mean=1.81e-03
[ 10h03m + 49.00s]   prompt 755/1000  seq_len=91 n_valid=74  49s  max||J||/sqrt(d)=1.132  max_d_mean=1.67e-03
[ 10h04m + 47.50s]   prompt 756/1000  seq_len=128 n_valid=111  47s  max||J||/sqrt(d)=1.200  max_d_mean=2.02e-03
[ 10h05m + 49.40s]   prompt 757/1000  seq_len=128 n_valid=111  49s  max||J||/sqrt(d)=1.276  max_d_mean=2.41e-03
[ 10h05m + 50.20s]   prompt 758/1000  seq_len=128 n_valid=111  50s  max||J||/sqrt(d)=1.234  max_d_mean=1.91e-03
[ 10h06m + 47.80s]   prompt 759/1000  seq_len=128 n_valid=111  48s  max||J||/sqrt(d)=1.234  max_d_mean=2.33e-03
[ 10h07m + 47.40s]   prompt 760/1000  seq_len=128 n_valid=111  47s  max||J||/sqrt(d)=1.226  max_d_mean=2.25e-03
[ 10h08m + 49.50s]   prompt 761/1000  seq_len=128 n_valid=111  50s  max||J||/sqrt(d)=1.163  max_d_mean=1.82e-03
[ 10h09m + 48.49s]   prompt 762/1000  seq_len=128 n_valid=111  48s  max||J||/sqrt(d)=1.177  max_d_mean=1.72e-03
[ 10h09m + 50.20s]   prompt 763/1000  seq_len=128 n_valid=111  50s  max||J||/sqrt(d)=1.143  max_d_mean=2.03e-03
[ 10h10m + 49.61s]   prompt 764/1000  seq_len=128 n_valid=111  50s  max||J||/sqrt(d)=1.176  max_d_mean=1.98e-03
[ 10h11m + 49.69s]   prompt 765/1000  seq_len=128 n_valid=111  50s  max||J||/sqrt(d)=1.238  max_d_mean=2.39e-03
[ 10h12m + 51.30s]   prompt 766/1000  seq_len=128 n_valid=111  51s  max||J||/sqrt(d)=1.151  max_d_mean=1.87e-03
[ 10h13m + 50.01s]   prompt 767/1000  seq_len=128 n_valid=111  50s  max||J||/sqrt(d)=1.229  max_d_mean=2.46e-03
[ 10h14m + 47.30s]   prompt 768/1000  seq_len=86 n_valid=69  47s  max||J||/sqrt(d)=1.163  max_d_mean=1.63e-03
[ 10h14m + 49.10s]   prompt 769/1000  seq_len=128 n_valid=111  49s  max||J||/sqrt(d)=1.149  max_d_mean=1.76e-03
[ 10h15m + 51.79s]   prompt 770/1000  seq_len=94 n_valid=77  52s  max||J||/sqrt(d)=1.175  max_d_mean=2.01e-03
[ 10h16m + 50.30s]   prompt 771/1000  seq_len=65 n_valid=48  50s  max||J||/sqrt(d)=1.201  max_d_mean=2.44e-03
[ 10h17m + 49.30s]   prompt 772/1000  seq_len=64 n_valid=47  49s  max||J||/sqrt(d)=1.162  max_d_mean=2.44e-03
[ 10h18m + 47.09s]   prompt 773/1000  seq_len=128 n_valid=111  47s  max||J||/sqrt(d)=1.210  max_d_mean=1.91e-03
[ 10h19m + 49.30s]   prompt 774/1000  seq_len=104 n_valid=87  49s  max||J||/sqrt(d)=1.184  max_d_mean=2.05e-03
[ 10h19m + 47.71s]   prompt 775/1000  seq_len=128 n_valid=111  48s  max||J||/sqrt(d)=1.192  max_d_mean=2.27e-03
[ 10h20m + 50.50s]   prompt 776/1000  seq_len=109 n_valid=92  50s  max||J||/sqrt(d)=1.248  max_d_mean=2.67e-03
[ 10h21m + 49.00s]   prompt 777/1000  seq_len=128 n_valid=111  49s  max||J||/sqrt(d)=1.193  max_d_mean=2.24e-03
[ 10h22m + 49.20s]   prompt 778/1000  seq_len=128 n_valid=111  49s  max||J||/sqrt(d)=1.229  max_d_mean=2.53e-03
[ 10h23m + 48.30s]   prompt 779/1000  seq_len=128 n_valid=111  48s  max||J||/sqrt(d)=1.247  max_d_mean=2.76e-03
[ 10h23m + 45.70s]   prompt 780/1000  seq_len=128 n_valid=111  46s  max||J||/sqrt(d)=1.190  max_d_mean=2.02e-03
[ 10h24m + 47.70s]   prompt 781/1000  seq_len=128 n_valid=111  48s  max||J||/sqrt(d)=1.198  max_d_mean=2.10e-03
[ 10h25m + 48.59s]   prompt 782/1000  seq_len=128 n_valid=111  49s  max||J||/sqrt(d)=1.206  max_d_mean=2.12e-03
[ 10h26m + 51.50s]   prompt 783/1000  seq_len=127 n_valid=110  52s  max||J||/sqrt(d)=1.211  max_d_mean=2.15e-03
[ 10h27m + 49.50s]   prompt 784/1000  seq_len=128 n_valid=111  49s  max||J||/sqrt(d)=1.264  max_d_mean=4.27e-03
[ 10h27m + 45.10s]   prompt 785/1000  seq_len=128 n_valid=111  45s  max||J||/sqrt(d)=1.326  max_d_mean=3.99e-03
[ 10h28m + 48.50s]   prompt 786/1000  seq_len=99 n_valid=82  48s  max||J||/sqrt(d)=1.188  max_d_mean=1.84e-03
[ 10h29m + 48.10s]   prompt 787/1000  seq_len=128 n_valid=111  48s  max||J||/sqrt(d)=1.203  max_d_mean=1.86e-03
[ 10h30m + 49.00s]   prompt 788/1000  seq_len=128 n_valid=111  49s  max||J||/sqrt(d)=1.175  max_d_mean=1.62e-03
[ 10h31m + 47.20s]   prompt 789/1000  seq_len=128 n_valid=111  47s  max||J||/sqrt(d)=1.220  max_d_mean=2.23e-03
[ 10h31m + 48.90s]   prompt 790/1000  seq_len=128 n_valid=111  49s  max||J||/sqrt(d)=1.209  max_d_mean=2.10e-03
[ 10h32m + 46.90s]   prompt 791/1000  seq_len=128 n_valid=111  47s  max||J||/sqrt(d)=1.237  max_d_mean=2.45e-03
[ 10h33m + 47.29s]   prompt 792/1000  seq_len=128 n_valid=111  47s  max||J||/sqrt(d)=1.222  max_d_mean=2.58e-03
[ 10h34m + 47.20s]   prompt 793/1000  seq_len=128 n_valid=111  47s  max||J||/sqrt(d)=1.298  max_d_mean=3.50e-03
[ 10h35m + 48.40s]   prompt 794/1000  seq_len=128 n_valid=111  48s  max||J||/sqrt(d)=1.290  max_d_mean=3.95e-03
[ 10h35m + 48.20s]   prompt 795/1000  seq_len=128 n_valid=111  48s  max||J||/sqrt(d)=1.253  max_d_mean=2.54e-03
[ 10h36m + 48.59s]   prompt 796/1000  seq_len=113 n_valid=96  49s  max||J||/sqrt(d)=1.188  max_d_mean=1.91e-03
[ 10h37m + 48.90s]   prompt 797/1000  seq_len=128 n_valid=111  49s  max||J||/sqrt(d)=1.205  max_d_mean=2.40e-03
[ 10h38m + 48.49s]   prompt 798/1000  seq_len=128 n_valid=111  48s  max||J||/sqrt(d)=1.190  max_d_mean=1.92e-03
[ 10h39m + 46.20s]   prompt 799/1000  seq_len=128 n_valid=111  46s  max||J||/sqrt(d)=1.216  max_d_mean=3.04e-03
[ 10h39m + 47.10s]   prompt 800/1000  seq_len=128 n_valid=111  47s  max||J||/sqrt(d)=1.230  max_d_mean=2.00e-03
[ 10h40m + 48.20s]   prompt 801/1000  seq_len=123 n_valid=106  48s  max||J||/sqrt(d)=1.206  max_d_mean=2.19e-03
[ 10h41m + 45.50s]   prompt 802/1000  seq_len=128 n_valid=111  45s  max||J||/sqrt(d)=1.197  max_d_mean=3.16e-03
[ 10h42m + 46.50s]   prompt 803/1000  seq_len=128 n_valid=111  47s  max||J||/sqrt(d)=1.185  max_d_mean=2.39e-03
[ 10h42m + 45.50s]   prompt 804/1000  seq_len=128 n_valid=111  45s  max||J||/sqrt(d)=1.192  max_d_mean=2.12e-03
[ 10h43m + 46.40s]   prompt 805/1000  seq_len=128 n_valid=111  46s  max||J||/sqrt(d)=1.207  max_d_mean=1.73e-03
[ 10h44m + 47.70s]   prompt 806/1000  seq_len=128 n_valid=111  48s  max||J||/sqrt(d)=1.200  max_d_mean=1.74e-03
[ 10h45m + 51.50s]   prompt 807/1000  seq_len=128 n_valid=111  52s  max||J||/sqrt(d)=1.209  max_d_mean=3.20e-03
[ 10h46m + 49.30s]   prompt 808/1000  seq_len=75 n_valid=58  49s  max||J||/sqrt(d)=1.176  max_d_mean=3.38e-03
[ 10h47m + 50.60s]   prompt 809/1000  seq_len=128 n_valid=111  51s  max||J||/sqrt(d)=1.215  max_d_mean=1.81e-03
[ 10h47m + 47.61s]   prompt 810/1000  seq_len=128 n_valid=111  48s  max||J||/sqrt(d)=1.207  max_d_mean=2.05e-03
[ 10h48m + 47.39s]   prompt 811/1000  seq_len=115 n_valid=98  47s  max||J||/sqrt(d)=1.167  max_d_mean=2.00e-03
[ 10h49m + 50.01s]   prompt 812/1000  seq_len=123 n_valid=106  50s  max||J||/sqrt(d)=1.183  max_d_mean=2.23e-03
[ 10h50m + 48.00s]   prompt 813/1000  seq_len=128 n_valid=111  48s  max||J||/sqrt(d)=1.211  max_d_mean=1.71e-03
[ 10h51m + 48.99s]   prompt 814/1000  seq_len=128 n_valid=111  49s  max||J||/sqrt(d)=1.255  max_d_mean=2.19e-03
[ 10h51m + 49.70s]   prompt 815/1000  seq_len=123 n_valid=106  50s  max||J||/sqrt(d)=1.217  max_d_mean=1.72e-03
[ 10h52m + 49.20s]   prompt 816/1000  seq_len=128 n_valid=111  49s  max||J||/sqrt(d)=1.193  max_d_mean=1.45e-03
[ 10h53m + 49.00s]   prompt 817/1000  seq_len=128 n_valid=111  49s  max||J||/sqrt(d)=1.208  max_d_mean=1.72e-03
[ 10h54m + 49.10s]   prompt 818/1000  seq_len=128 n_valid=111  49s  max||J||/sqrt(d)=1.245  max_d_mean=1.74e-03
[ 10h55m + 49.10s]   prompt 819/1000  seq_len=128 n_valid=111  49s  max||J||/sqrt(d)=1.216  max_d_mean=2.16e-03
[ 10h56m + 48.50s]   prompt 820/1000  seq_len=128 n_valid=111  48s  max||J||/sqrt(d)=1.275  max_d_mean=3.30e-03
[ 10h56m + 52.50s]   prompt 821/1000  seq_len=117 n_valid=100  52s  max||J||/sqrt(d)=1.238  max_d_mean=2.24e-03
[ 10h57m + 50.40s]   prompt 822/1000  seq_len=128 n_valid=111  50s  max||J||/sqrt(d)=1.213  max_d_mean=1.69e-03
[ 10h58m + 50.01s]   prompt 823/1000  seq_len=128 n_valid=111  50s  max||J||/sqrt(d)=1.188  max_d_mean=2.06e-03
[ 10h59m + 49.90s]   prompt 824/1000  seq_len=128 n_valid=111  50s  max||J||/sqrt(d)=1.206  max_d_mean=2.29e-03
[ 11h00m + 49.30s]   prompt 825/1000  seq_len=128 n_valid=111  49s  max||J||/sqrt(d)=1.244  max_d_mean=2.35e-03
[ 11h01m + 49.80s]   prompt 826/1000  seq_len=128 n_valid=111  50s  max||J||/sqrt(d)=1.241  max_d_mean=1.73e-03
[ 11h01m + 52.91s]   prompt 827/1000  seq_len=108 n_valid=91  53s  max||J||/sqrt(d)=1.247  max_d_mean=2.50e-03
[ 11h02m + 47.89s]   prompt 828/1000  seq_len=102 n_valid=85  48s  max||J||/sqrt(d)=1.207  max_d_mean=2.28e-03
[ 11h03m + 48.11s]   prompt 829/1000  seq_len=98 n_valid=81  48s  max||J||/sqrt(d)=1.202  max_d_mean=1.95e-03
[ 11h04m + 49.20s]   prompt 830/1000  seq_len=128 n_valid=111  49s  max||J||/sqrt(d)=1.268  max_d_mean=2.89e-03
[ 11h05m + 49.60s]   prompt 831/1000  seq_len=128 n_valid=111  50s  max||J||/sqrt(d)=1.233  max_d_mean=2.79e-03
[ 11h05m + 48.30s]   prompt 832/1000  seq_len=120 n_valid=103  48s  max||J||/sqrt(d)=1.186  max_d_mean=2.00e-03
[ 11h06m + 48.80s]   prompt 833/1000  seq_len=128 n_valid=111  49s  max||J||/sqrt(d)=1.220  max_d_mean=2.37e-03
[ 11h07m + 47.90s]   prompt 834/1000  seq_len=108 n_valid=91  48s  max||J||/sqrt(d)=1.184  max_d_mean=2.17e-03
[ 11h08m + 49.70s]   prompt 835/1000  seq_len=92 n_valid=75  50s  max||J||/sqrt(d)=1.284  max_d_mean=3.09e-03
[ 11h09m + 49.00s]   prompt 836/1000  seq_len=120 n_valid=103  49s  max||J||/sqrt(d)=1.200  max_d_mean=1.79e-03
[ 11h10m + 48.20s]   prompt 837/1000  seq_len=128 n_valid=111  48s  max||J||/sqrt(d)=1.209  max_d_mean=2.07e-03
[ 11h10m + 49.29s]   prompt 838/1000  seq_len=128 n_valid=111  49s  max||J||/sqrt(d)=1.222  max_d_mean=2.27e-03
[ 11h11m + 47.10s]   prompt 839/1000  seq_len=128 n_valid=111  47s  max||J||/sqrt(d)=1.221  max_d_mean=2.05e-03
[ 11h12m + 48.60s]   prompt 840/1000  seq_len=89 n_valid=72  49s  max||J||/sqrt(d)=1.200  max_d_mean=2.04e-03
[ 11h13m + 49.50s]   prompt 841/1000  seq_len=128 n_valid=111  49s  max||J||/sqrt(d)=1.198  max_d_mean=1.73e-03
[ 11h14m + 49.81s]   prompt 842/1000  seq_len=128 n_valid=111  50s  max||J||/sqrt(d)=1.225  max_d_mean=3.53e-03
[ 11h14m + 48.59s]   prompt 843/1000  seq_len=124 n_valid=107  49s  max||J||/sqrt(d)=1.216  max_d_mean=1.73e-03
[ 11h15m + 48.00s]   prompt 844/1000  seq_len=128 n_valid=111  48s  max||J||/sqrt(d)=1.215  max_d_mean=2.23e-03
[ 11h16m + 48.40s]   prompt 845/1000  seq_len=77 n_valid=60  48s  max||J||/sqrt(d)=1.267  max_d_mean=2.36e-03
[ 11h17m + 49.30s]   prompt 846/1000  seq_len=128 n_valid=111  49s  max||J||/sqrt(d)=1.189  max_d_mean=1.54e-03
[ 11h18m + 48.70s]   prompt 847/1000  seq_len=128 n_valid=111  49s  max||J||/sqrt(d)=1.227  max_d_mean=2.07e-03
[ 11h18m + 49.50s]   prompt 848/1000  seq_len=128 n_valid=111  49s  max||J||/sqrt(d)=1.202  max_d_mean=1.81e-03
[ 11h19m + 47.90s]   prompt 849/1000  seq_len=128 n_valid=111  48s  max||J||/sqrt(d)=1.204  max_d_mean=1.64e-03
[ 11h20m + 48.70s]   prompt 850/1000  seq_len=128 n_valid=111  49s  max||J||/sqrt(d)=1.211  max_d_mean=2.03e-03
[ 11h21m + 48.30s]   prompt 851/1000  seq_len=128 n_valid=111  48s  max||J||/sqrt(d)=1.183  max_d_mean=1.45e-03
[ 11h22m + 46.90s]   prompt 852/1000  seq_len=128 n_valid=111  47s  max||J||/sqrt(d)=1.216  max_d_mean=2.03e-03
[ 11h22m + 49.40s]   prompt 853/1000  seq_len=128 n_valid=111  49s  max||J||/sqrt(d)=1.170  max_d_mean=1.50e-03
[ 11h23m + 50.50s]   prompt 854/1000  seq_len=128 n_valid=111  50s  max||J||/sqrt(d)=1.212  max_d_mean=1.65e-03
[ 11h24m + 51.11s]   prompt 855/1000  seq_len=128 n_valid=111  51s  max||J||/sqrt(d)=1.188  max_d_mean=1.76e-03
[ 11h25m + 49.20s]   prompt 856/1000  seq_len=128 n_valid=111  49s  max||J||/sqrt(d)=1.189  max_d_mean=1.74e-03
[ 11h26m + 49.20s]   prompt 857/1000  seq_len=128 n_valid=111  49s  max||J||/sqrt(d)=1.276  max_d_mean=2.61e-03
[ 11h27m + 49.90s]   prompt 858/1000  seq_len=57 n_valid=40  50s  max||J||/sqrt(d)=1.130  max_d_mean=1.71e-03
[ 11h27m + 48.60s]   prompt 859/1000  seq_len=128 n_valid=111  49s  max||J||/sqrt(d)=1.378  max_d_mean=2.89e-03
[ 11h28m + 49.70s]   prompt 860/1000  seq_len=128 n_valid=111  50s  max||J||/sqrt(d)=1.199  max_d_mean=2.46e-03
[ 11h29m + 48.30s]   prompt 861/1000  seq_len=128 n_valid=111  48s  max||J||/sqrt(d)=1.216  max_d_mean=1.96e-03
[ 11h30m + 49.49s]   prompt 862/1000  seq_len=128 n_valid=111  49s  max||J||/sqrt(d)=1.185  max_d_mean=2.29e-03
[ 11h31m + 51.40s]   prompt 863/1000  seq_len=51 n_valid=34  51s  max||J||/sqrt(d)=1.146  max_d_mean=2.61e-03
[ 11h32m + 51.60s]   prompt 864/1000  seq_len=128 n_valid=111  52s  max||J||/sqrt(d)=1.196  max_d_mean=1.66e-03
[ 11h32m + 50.00s]   prompt 865/1000  seq_len=128 n_valid=111  50s  max||J||/sqrt(d)=1.236  max_d_mean=1.86e-03
[ 11h33m + 49.30s]   prompt 866/1000  seq_len=128 n_valid=111  49s  max||J||/sqrt(d)=1.241  max_d_mean=2.13e-03
[ 11h34m + 48.89s]   prompt 867/1000  seq_len=128 n_valid=111  49s  max||J||/sqrt(d)=1.240  max_d_mean=2.04e-03
[ 11h35m + 50.10s]   prompt 868/1000  seq_len=128 n_valid=111  50s  max||J||/sqrt(d)=1.255  max_d_mean=2.11e-03
[ 11h36m + 50.60s]   prompt 869/1000  seq_len=104 n_valid=87  51s  max||J||/sqrt(d)=1.171  max_d_mean=1.51e-03
[ 11h37m + 50.90s]   prompt 870/1000  seq_len=128 n_valid=111  51s  max||J||/sqrt(d)=1.211  max_d_mean=1.72e-03
[ 11h37m + 49.81s]   prompt 871/1000  seq_len=128 n_valid=111  50s  max||J||/sqrt(d)=1.254  max_d_mean=2.13e-03
[ 11h38m + 50.20s]   prompt 872/1000  seq_len=128 n_valid=111  50s  max||J||/sqrt(d)=1.185  max_d_mean=1.36e-03
[ 11h39m + 51.20s]   prompt 873/1000  seq_len=97 n_valid=80  51s  max||J||/sqrt(d)=1.186  max_d_mean=1.64e-03
[ 11h40m + 50.30s]   prompt 874/1000  seq_len=115 n_valid=98  50s  max||J||/sqrt(d)=1.251  max_d_mean=2.22e-03
[ 11h41m + 48.40s]   prompt 875/1000  seq_len=128 n_valid=111  48s  max||J||/sqrt(d)=1.267  max_d_mean=1.73e-03
[ 11h42m + 50.30s]   prompt 876/1000  seq_len=128 n_valid=111  50s  max||J||/sqrt(d)=1.222  max_d_mean=1.71e-03
[ 11h43m + 51.99s]   prompt 877/1000  seq_len=59 n_valid=42  52s  max||J||/sqrt(d)=1.195  max_d_mean=2.08e-03
[ 11h43m + 48.81s]   prompt 878/1000  seq_len=100 n_valid=83  49s  max||J||/sqrt(d)=1.170  max_d_mean=1.36e-03
[ 11h44m + 50.60s]   prompt 879/1000  seq_len=92 n_valid=75  51s  max||J||/sqrt(d)=1.181  max_d_mean=1.50e-03
[ 11h45m + 49.70s]   prompt 880/1000  seq_len=90 n_valid=73  50s  max||J||/sqrt(d)=1.154  max_d_mean=1.47e-03
[ 11h46m + 49.20s]   prompt 881/1000  seq_len=46 n_valid=29  49s  max||J||/sqrt(d)=1.143  max_d_mean=2.22e-03
[ 11h47m + 50.90s]   prompt 882/1000  seq_len=128 n_valid=111  51s  max||J||/sqrt(d)=1.174  max_d_mean=1.32e-03
[ 11h48m + 51.30s]   prompt 883/1000  seq_len=121 n_valid=104  51s  max||J||/sqrt(d)=1.186  max_d_mean=1.61e-03
[ 11h48m + 48.90s]   prompt 884/1000  seq_len=61 n_valid=44  49s  max||J||/sqrt(d)=1.142  max_d_mean=2.37e-03
[ 11h49m + 46.39s]   prompt 885/1000  seq_len=79 n_valid=62  46s  max||J||/sqrt(d)=1.187  max_d_mean=1.66e-03
[ 11h50m + 47.70s]   prompt 886/1000  seq_len=128 n_valid=111  48s  max||J||/sqrt(d)=1.175  max_d_mean=1.34e-03
[ 11h51m + 45.80s]   prompt 887/1000  seq_len=128 n_valid=111  46s  max||J||/sqrt(d)=1.186  max_d_mean=1.48e-03
[ 11h51m + 46.10s]   prompt 888/1000  seq_len=128 n_valid=111  46s  max||J||/sqrt(d)=1.167  max_d_mean=1.46e-03
[ 11h52m + 47.21s]   prompt 889/1000  seq_len=83 n_valid=66  47s  max||J||/sqrt(d)=1.226  max_d_mean=2.10e-03
[ 11h53m + 48.39s]   prompt 890/1000  seq_len=70 n_valid=53  48s  max||J||/sqrt(d)=1.148  max_d_mean=1.68e-03
[ 11h54m + 45.60s]   prompt 891/1000  seq_len=128 n_valid=111  46s  max||J||/sqrt(d)=1.243  max_d_mean=1.95e-03
[ 11h55m + 47.20s]   prompt 892/1000  seq_len=128 n_valid=111  47s  max||J||/sqrt(d)=1.213  max_d_mean=2.12e-03
[ 11h55m + 46.70s]   prompt 893/1000  seq_len=128 n_valid=111  47s  max||J||/sqrt(d)=1.220  max_d_mean=1.82e-03
[ 11h56m + 44.31s]   prompt 894/1000  seq_len=97 n_valid=80  44s  max||J||/sqrt(d)=1.194  max_d_mean=1.36e-03
[ 11h57m + 44.59s]   prompt 895/1000  seq_len=90 n_valid=73  45s  max||J||/sqrt(d)=1.178  max_d_mean=1.83e-03
[ 11h58m + 47.10s]   prompt 896/1000  seq_len=121 n_valid=104  47s  max||J||/sqrt(d)=1.206  max_d_mean=1.51e-03
[ 11h58m + 47.21s]   prompt 897/1000  seq_len=125 n_valid=108  47s  max||J||/sqrt(d)=1.220  max_d_mean=1.60e-03
[ 11h59m + 46.09s]   prompt 898/1000  seq_len=128 n_valid=111  46s  max||J||/sqrt(d)=1.221  max_d_mean=1.59e-03
[ 12h00m + 48.70s]   prompt 899/1000  seq_len=128 n_valid=111  49s  max||J||/sqrt(d)=1.161  max_d_mean=1.68e-03
[ 12h01m + 46.70s]   prompt 900/1000  seq_len=128 n_valid=111  47s  max||J||/sqrt(d)=1.252  max_d_mean=1.54e-03
[ 12h02m + 48.70s]   prompt 901/1000  seq_len=128 n_valid=111  49s  max||J||/sqrt(d)=1.183  max_d_mean=1.25e-03
[ 12h02m + 47.00s]   prompt 902/1000  seq_len=128 n_valid=111  47s  max||J||/sqrt(d)=1.217  max_d_mean=1.92e-03
[ 12h03m + 44.50s]   prompt 903/1000  seq_len=128 n_valid=111  44s  max||J||/sqrt(d)=1.189  max_d_mean=1.45e-03
[ 12h04m + 48.60s]   prompt 904/1000  seq_len=128 n_valid=111  49s  max||J||/sqrt(d)=1.188  max_d_mean=1.96e-03
[ 12h05m + 47.10s]   prompt 905/1000  seq_len=128 n_valid=111  47s  max||J||/sqrt(d)=1.233  max_d_mean=1.62e-03
[ 12h05m + 48.10s]   prompt 906/1000  seq_len=128 n_valid=111  48s  max||J||/sqrt(d)=1.164  max_d_mean=1.49e-03
[ 12h06m + 47.20s]   prompt 907/1000  seq_len=128 n_valid=111  47s  max||J||/sqrt(d)=1.168  max_d_mean=1.34e-03
[ 12h07m + 46.50s]   prompt 908/1000  seq_len=128 n_valid=111  46s  max||J||/sqrt(d)=1.191  max_d_mean=1.91e-03
[ 12h08m + 49.10s]   prompt 909/1000  seq_len=128 n_valid=111  49s  max||J||/sqrt(d)=1.201  max_d_mean=2.01e-03
[ 12h09m + 47.40s]   prompt 910/1000  seq_len=128 n_valid=111  47s  max||J||/sqrt(d)=1.206  max_d_mean=1.49e-03
[ 12h09m + 48.00s]   prompt 911/1000  seq_len=128 n_valid=111  48s  max||J||/sqrt(d)=1.182  max_d_mean=1.96e-03
[ 12h10m + 48.70s]   prompt 912/1000  seq_len=128 n_valid=111  49s  max||J||/sqrt(d)=1.205  max_d_mean=1.76e-03
[ 12h11m + 49.00s]   prompt 913/1000  seq_len=128 n_valid=111  49s  max||J||/sqrt(d)=1.182  max_d_mean=1.57e-03
[ 12h12m + 47.61s]   prompt 914/1000  seq_len=128 n_valid=111  48s  max||J||/sqrt(d)=1.204  max_d_mean=1.50e-03
[ 12h13m + 47.19s]   prompt 915/1000  seq_len=128 n_valid=111  47s  max||J||/sqrt(d)=1.164  max_d_mean=1.30e-03
[ 12h13m + 46.70s]   prompt 916/1000  seq_len=128 n_valid=111  47s  max||J||/sqrt(d)=1.260  max_d_mean=2.06e-03
[ 12h14m + 47.70s]   prompt 917/1000  seq_len=128 n_valid=111  48s  max||J||/sqrt(d)=1.215  max_d_mean=2.05e-03
[ 12h15m + 46.61s]   prompt 918/1000  seq_len=128 n_valid=111  47s  max||J||/sqrt(d)=1.239  max_d_mean=1.54e-03
[ 12h16m + 46.19s]   prompt 919/1000  seq_len=128 n_valid=111  46s  max||J||/sqrt(d)=1.216  max_d_mean=1.61e-03
[ 12h17m + 47.10s]   prompt 920/1000  seq_len=128 n_valid=111  47s  max||J||/sqrt(d)=1.199  max_d_mean=1.54e-03
[ 12h17m + 47.30s]   prompt 921/1000  seq_len=128 n_valid=111  47s  max||J||/sqrt(d)=1.195  max_d_mean=1.55e-03
[ 12h18m + 49.30s]   prompt 922/1000  seq_len=128 n_valid=111  49s  max||J||/sqrt(d)=1.202  max_d_mean=1.87e-03
[ 12h19m + 45.90s]   prompt 923/1000  seq_len=128 n_valid=111  46s  max||J||/sqrt(d)=1.193  max_d_mean=1.55e-03
[ 12h20m + 46.10s]   prompt 924/1000  seq_len=96 n_valid=79  46s  max||J||/sqrt(d)=1.163  max_d_mean=1.57e-03
[ 12h21m + 47.70s]   prompt 925/1000  seq_len=128 n_valid=111  48s  max||J||/sqrt(d)=1.185  max_d_mean=1.51e-03
[ 12h21m + 47.10s]   prompt 926/1000  seq_len=63 n_valid=46  47s  max||J||/sqrt(d)=1.185  max_d_mean=2.30e-03
[ 12h22m + 47.50s]   prompt 927/1000  seq_len=128 n_valid=111  47s  max||J||/sqrt(d)=1.174  max_d_mean=1.48e-03
[ 12h23m + 48.30s]   prompt 928/1000  seq_len=128 n_valid=111  48s  max||J||/sqrt(d)=1.202  max_d_mean=1.84e-03
[ 12h24m + 47.60s]   prompt 929/1000  seq_len=128 n_valid=111  48s  max||J||/sqrt(d)=1.213  max_d_mean=1.74e-03
[ 12h24m + 48.10s]   prompt 930/1000  seq_len=128 n_valid=111  48s  max||J||/sqrt(d)=1.201  max_d_mean=1.71e-03
[ 12h25m + 47.90s]   prompt 931/1000  seq_len=128 n_valid=111  48s  max||J||/sqrt(d)=1.165  max_d_mean=1.32e-03
[ 12h26m + 48.30s]   prompt 932/1000  seq_len=128 n_valid=111  48s  max||J||/sqrt(d)=1.173  max_d_mean=2.00e-03
[ 12h27m + 46.11s]   prompt 933/1000  seq_len=128 n_valid=111  46s  max||J||/sqrt(d)=1.178  max_d_mean=1.91e-03
[ 12h28m + 47.79s]   prompt 934/1000  seq_len=128 n_valid=111  48s  max||J||/sqrt(d)=1.196  max_d_mean=1.64e-03
[ 12h28m + 49.10s]   prompt 935/1000  seq_len=128 n_valid=111  49s  max||J||/sqrt(d)=1.236  max_d_mean=3.55e-03
[ 12h29m + 49.40s]   prompt 936/1000  seq_len=105 n_valid=88  49s  max||J||/sqrt(d)=1.164  max_d_mean=2.16e-03
[ 12h30m + 46.40s]   prompt 937/1000  seq_len=128 n_valid=111  46s  max||J||/sqrt(d)=1.241  max_d_mean=3.22e-03
[ 12h31m + 45.50s]   prompt 938/1000  seq_len=125 n_valid=108  46s  max||J||/sqrt(d)=1.214  max_d_mean=2.61e-03
[ 12h32m + 48.80s]   prompt 939/1000  seq_len=128 n_valid=111  49s  max||J||/sqrt(d)=1.208  max_d_mean=2.38e-03
[ 12h32m + 47.00s]   prompt 940/1000  seq_len=128 n_valid=111  47s  max||J||/sqrt(d)=1.159  max_d_mean=1.50e-03
[ 12h33m + 45.20s]   prompt 941/1000  seq_len=128 n_valid=111  45s  max||J||/sqrt(d)=1.167  max_d_mean=1.94e-03
[ 12h34m + 47.60s]   prompt 942/1000  seq_len=128 n_valid=111  48s  max||J||/sqrt(d)=1.167  max_d_mean=1.85e-03
[ 12h35m + 48.30s]   prompt 943/1000  seq_len=128 n_valid=111  48s  max||J||/sqrt(d)=1.200  max_d_mean=1.70e-03
[ 12h36m + 44.40s]   prompt 944/1000  seq_len=128 n_valid=111  44s  max||J||/sqrt(d)=1.221  max_d_mean=1.84e-03
[ 12h36m + 46.30s]   prompt 945/1000  seq_len=128 n_valid=111  46s  max||J||/sqrt(d)=1.188  max_d_mean=1.86e-03
[ 12h37m + 47.21s]   prompt 946/1000  seq_len=128 n_valid=111  47s  max||J||/sqrt(d)=1.243  max_d_mean=2.33e-03
[ 12h38m + 49.60s]   prompt 947/1000  seq_len=128 n_valid=111  50s  max||J||/sqrt(d)=1.195  max_d_mean=1.73e-03
[ 12h39m + 47.90s]   prompt 948/1000  seq_len=51 n_valid=34  48s  max||J||/sqrt(d)=1.146  max_d_mean=2.47e-03
[ 12h40m + 49.20s]   prompt 949/1000  seq_len=128 n_valid=111  49s  max||J||/sqrt(d)=1.188  max_d_mean=1.55e-03
[ 12h40m + 45.70s]   prompt 950/1000  seq_len=128 n_valid=111  46s  max||J||/sqrt(d)=1.198  max_d_mean=1.65e-03
[ 12h41m + 46.80s]   prompt 951/1000  seq_len=128 n_valid=111  47s  max||J||/sqrt(d)=1.205  max_d_mean=1.77e-03
[ 12h42m + 48.69s]   prompt 952/1000  seq_len=97 n_valid=80  49s  max||J||/sqrt(d)=1.190  max_d_mean=1.43e-03
[ 12h43m + 50.21s]   prompt 953/1000  seq_len=113 n_valid=96  50s  max||J||/sqrt(d)=1.174  max_d_mean=2.22e-03
[ 12h44m + 49.40s]   prompt 954/1000  seq_len=128 n_valid=111  49s  max||J||/sqrt(d)=1.138  max_d_mean=2.09e-03
[ 12h44m + 46.89s]   prompt 955/1000  seq_len=128 n_valid=111  47s  max||J||/sqrt(d)=1.188  max_d_mean=2.27e-03
[ 12h45m + 50.40s]   prompt 956/1000  seq_len=128 n_valid=111  50s  max||J||/sqrt(d)=1.174  max_d_mean=1.18e-03
[ 12h46m + 48.71s]   prompt 957/1000  seq_len=128 n_valid=111  49s  max||J||/sqrt(d)=1.207  max_d_mean=1.71e-03
[ 12h47m + 49.10s]   prompt 958/1000  seq_len=94 n_valid=77  49s  max||J||/sqrt(d)=1.160  max_d_mean=1.49e-03
[ 12h48m + 49.20s]   prompt 959/1000  seq_len=128 n_valid=111  49s  max||J||/sqrt(d)=1.236  max_d_mean=1.71e-03
[ 12h48m + 47.10s]   prompt 960/1000  seq_len=128 n_valid=111  47s  max||J||/sqrt(d)=1.182  max_d_mean=1.77e-03
[ 12h49m + 47.91s]   prompt 961/1000  seq_len=128 n_valid=111  48s  max||J||/sqrt(d)=1.217  max_d_mean=1.49e-03
[ 12h50m + 49.29s]   prompt 962/1000  seq_len=117 n_valid=100  49s  max||J||/sqrt(d)=1.189  max_d_mean=1.53e-03
[ 12h51m + 49.61s]   prompt 963/1000  seq_len=115 n_valid=98  50s  max||J||/sqrt(d)=1.250  max_d_mean=1.60e-03
[ 12h52m + 47.39s]   prompt 964/1000  seq_len=104 n_valid=87  47s  max||J||/sqrt(d)=1.250  max_d_mean=1.58e-03
[ 12h52m + 47.20s]   prompt 965/1000  seq_len=128 n_valid=111  47s  max||J||/sqrt(d)=1.210  max_d_mean=1.47e-03
[ 12h53m + 48.80s]   prompt 966/1000  seq_len=128 n_valid=111  49s  max||J||/sqrt(d)=1.191  max_d_mean=1.44e-03
[ 12h54m + 47.80s]   prompt 967/1000  seq_len=128 n_valid=111  48s  max||J||/sqrt(d)=1.167  max_d_mean=1.38e-03
[ 12h55m + 48.31s]   prompt 968/1000  seq_len=99 n_valid=82  48s  max||J||/sqrt(d)=1.176  max_d_mean=1.83e-03
[ 12h56m + 49.99s]   prompt 969/1000  seq_len=128 n_valid=111  50s  max||J||/sqrt(d)=1.184  max_d_mean=1.46e-03
[ 12h57m + 50.60s]   prompt 970/1000  seq_len=128 n_valid=111  51s  max||J||/sqrt(d)=1.196  max_d_mean=2.05e-03
[ 12h57m + 50.10s]   prompt 971/1000  seq_len=128 n_valid=111  50s  max||J||/sqrt(d)=1.224  max_d_mean=1.80e-03
[ 12h58m + 50.20s]   prompt 972/1000  seq_len=103 n_valid=86  50s  max||J||/sqrt(d)=1.171  max_d_mean=1.58e-03
[ 12h59m + 49.60s]   prompt 973/1000  seq_len=58 n_valid=41  50s  max||J||/sqrt(d)=1.171  max_d_mean=1.49e-03
[ 13h00m + 50.20s]   prompt 974/1000  seq_len=128 n_valid=111  50s  max||J||/sqrt(d)=1.205  max_d_mean=1.87e-03
[ 13h01m + 49.99s]   prompt 975/1000  seq_len=82 n_valid=65  50s  max||J||/sqrt(d)=1.129  max_d_mean=1.67e-03
[ 13h02m + 49.50s]   prompt 976/1000  seq_len=114 n_valid=97  49s  max||J||/sqrt(d)=1.205  max_d_mean=1.51e-03
[ 13h02m + 50.80s]   prompt 977/1000  seq_len=128 n_valid=111  51s  max||J||/sqrt(d)=1.192  max_d_mean=1.94e-03
[ 13h03m + 49.70s]   prompt 978/1000  seq_len=128 n_valid=111  50s  max||J||/sqrt(d)=1.184  max_d_mean=1.31e-03
[ 13h04m + 48.70s]   prompt 979/1000  seq_len=88 n_valid=71  49s  max||J||/sqrt(d)=1.134  max_d_mean=1.54e-03
[ 13h05m + 50.20s]   prompt 980/1000  seq_len=114 n_valid=97  50s  max||J||/sqrt(d)=1.180  max_d_mean=1.45e-03
[ 13h06m + 50.20s]   prompt 981/1000  seq_len=128 n_valid=111  50s  max||J||/sqrt(d)=1.193  max_d_mean=1.37e-03
[ 13h07m + 50.60s]   prompt 982/1000  seq_len=56 n_valid=39  51s  max||J||/sqrt(d)=1.143  max_d_mean=2.39e-03
[ 13h07m + 48.61s]   prompt 983/1000  seq_len=128 n_valid=111  49s  max||J||/sqrt(d)=1.199  max_d_mean=1.98e-03
[ 13h08m + 51.19s]   prompt 984/1000  seq_len=69 n_valid=52  51s  max||J||/sqrt(d)=1.185  max_d_mean=1.74e-03
[ 13h09m + 49.00s]   prompt 985/1000  seq_len=101 n_valid=84  49s  max||J||/sqrt(d)=1.136  max_d_mean=1.34e-03
[ 13h10m + 49.90s]   prompt 986/1000  seq_len=128 n_valid=111  50s  max||J||/sqrt(d)=1.199  max_d_mean=2.05e-03
[ 13h11m + 48.90s]   prompt 987/1000  seq_len=106 n_valid=89  49s  max||J||/sqrt(d)=1.175  max_d_mean=2.31e-03
[ 13h11m + 50.71s]   prompt 988/1000  seq_len=103 n_valid=86  51s  max||J||/sqrt(d)=1.160  max_d_mean=2.01e-03
[ 13h12m + 50.10s]   prompt 989/1000  seq_len=93 n_valid=76  50s  max||J||/sqrt(d)=1.201  max_d_mean=1.54e-03
[ 13h13m + 49.30s]   prompt 990/1000  seq_len=63 n_valid=46  49s  max||J||/sqrt(d)=1.138  max_d_mean=1.58e-03
[ 13h14m + 48.51s]   prompt 991/1000  seq_len=77 n_valid=60  49s  max||J||/sqrt(d)=1.183  max_d_mean=1.80e-03
[ 13h15m + 50.20s]   prompt 992/1000  seq_len=128 n_valid=111  50s  max||J||/sqrt(d)=1.179  max_d_mean=2.18e-03
[ 13h16m + 49.20s]   prompt 993/1000  seq_len=95 n_valid=78  49s  max||J||/sqrt(d)=1.734  max_d_mean=5.36e-03
[ 13h16m + 49.30s]   prompt 994/1000  seq_len=128 n_valid=111  49s  max||J||/sqrt(d)=1.205  max_d_mean=1.97e-03
[ 13h17m + 49.40s]   prompt 995/1000  seq_len=91 n_valid=74  49s  max||J||/sqrt(d)=1.212  max_d_mean=3.06e-03
[ 13h18m + 48.20s]   prompt 996/1000  seq_len=128 n_valid=111  48s  max||J||/sqrt(d)=1.190  max_d_mean=1.44e-03
[ 13h19m + 49.40s]   prompt 997/1000  seq_len=44 n_valid=27  49s  max||J||/sqrt(d)=1.133  max_d_mean=1.65e-03
[ 13h20m + 49.50s]   prompt 998/1000  seq_len=74 n_valid=57  49s  max||J||/sqrt(d)=1.211  max_d_mean=2.43e-03
[ 13h21m + 48.30s]   prompt 999/1000  seq_len=55 n_valid=38  48s  max||J||/sqrt(d)=1.129  max_d_mean=2.06e-03
[ 13h21m + 48.70s]   prompt 1000/1000  seq_len=128 n_valid=111  49s  max||J||/sqrt(d)=1.165  max_d_mean=1.49e-03
[ 13h21m +  3.10s] fit: done, 1000 prompts
saved ../lenses/gpt2-large/lens.pt {'model': 'gpt2-large', 'n_prompts': 1000, 'dim_batch': 128, 'target_layer': None, 'skip_first': 16, 'corpus': 'Salesforce/wikitext:wikitext-103-raw-v1:train (min200/max2000 chars, non-header)', 'dtype': 'bfloat16', 'wall_seconds': 48108.9}
