Warning: You are sending unauthenticated requests to the HF Hub. Please set a HF_TOKEN to enable higher rate limits and faster downloads.
Loading weights:   0%|          | 0/290 [00:00<?, ?it/s]Loading weights: 100%|██████████| 290/290 [00:00<00:00, 7799.65it/s]
HFLensModel(LlamaForCausalLM, n_layers=32, d_model=960)
[     7s +  7.20s] fit: n_layers=32 d_model=960, fitting 31 source layers (target=L31) on 1000 prompts
/usr/local/lib/python3.12/dist-packages/torch/autograd/graph.py:829: UserWarning: Attempting to run cuBLAS, but there was no current CUDA context! Attempting to set the primary context... (Triggered internally at /pytorch/aten/src/ATen/cuda/CublasHandlePool.cpp:179.)
  return Variable._execution_engine.run_backward(  # Calls into the C++ engine to run the backward pass
[    35s + 28.49s]   prompt 1/1000  seq_len=128 n_valid=111  26s  max||J||/sqrt(d)=3.835  max_d_mean=nan
[  1m07s + 32.10s]   prompt 2/1000  seq_len=111 n_valid=94  32s  max||J||/sqrt(d)=3.211  max_d_mean=5.34e-01
[  1m43s + 35.40s]   prompt 3/1000  seq_len=120 n_valid=103  35s  max||J||/sqrt(d)=3.554  max_d_mean=3.80e-01
[  2m18s + 35.79s]   prompt 4/1000  seq_len=128 n_valid=111  36s  max||J||/sqrt(d)=3.376  max_d_mean=3.39e-01
[  2m51s + 32.80s]   prompt 5/1000  seq_len=128 n_valid=111  33s  max||J||/sqrt(d)=3.567  max_d_mean=2.72e-01
[  3m25s + 33.61s]   prompt 6/1000  seq_len=94 n_valid=77  34s  max||J||/sqrt(d)=3.081  max_d_mean=2.13e-01
[  4m00s + 34.99s]   prompt 7/1000  seq_len=128 n_valid=111  35s  max||J||/sqrt(d)=3.266  max_d_mean=2.05e-01
[  4m33s + 33.10s]   prompt 8/1000  seq_len=128 n_valid=111  33s  max||J||/sqrt(d)=4.252  max_d_mean=2.43e-01
[  5m07s + 34.50s]   prompt 9/1000  seq_len=128 n_valid=111  34s  max||J||/sqrt(d)=4.522  max_d_mean=2.18e-01
[  5m41s + 33.71s]   prompt 10/1000  seq_len=128 n_valid=111  34s  max||J||/sqrt(d)=3.333  max_d_mean=1.36e-01
[  6m15s + 34.30s]   prompt 11/1000  seq_len=128 n_valid=111  34s  max||J||/sqrt(d)=3.054  max_d_mean=1.18e-01
[  6m52s + 36.20s]   prompt 12/1000  seq_len=128 n_valid=111  36s  max||J||/sqrt(d)=3.298  max_d_mean=1.10e-01
[  7m25s + 33.20s]   prompt 13/1000  seq_len=128 n_valid=111  33s  max||J||/sqrt(d)=3.266  max_d_mean=1.06e-01
[  7m57s + 31.91s]   prompt 14/1000  seq_len=113 n_valid=96  32s  max||J||/sqrt(d)=2.841  max_d_mean=8.79e-02
[  8m30s + 32.79s]   prompt 15/1000  seq_len=90 n_valid=73  33s  max||J||/sqrt(d)=3.790  max_d_mean=1.18e-01
[  9m01s + 31.81s]   prompt 16/1000  seq_len=128 n_valid=111  32s  max||J||/sqrt(d)=2.979  max_d_mean=7.97e-02
[  9m36s + 34.29s]   prompt 17/1000  seq_len=128 n_valid=111  34s  max||J||/sqrt(d)=3.289  max_d_mean=8.32e-02
[ 10m08s + 32.31s]   prompt 18/1000  seq_len=107 n_valid=90  32s  max||J||/sqrt(d)=3.480  max_d_mean=8.63e-02
[ 10m43s + 34.90s]   prompt 19/1000  seq_len=86 n_valid=69  35s  max||J||/sqrt(d)=5.112  max_d_mean=1.22e-01
[ 11m13s + 29.90s]   prompt 20/1000  seq_len=128 n_valid=111  30s  max||J||/sqrt(d)=3.836  max_d_mean=9.21e-02
[ 11m45s + 32.40s]   prompt 21/1000  seq_len=128 n_valid=111  32s  max||J||/sqrt(d)=3.049  max_d_mean=6.38e-02
[ 12m18s + 32.90s]   prompt 22/1000  seq_len=128 n_valid=111  33s  max||J||/sqrt(d)=4.095  max_d_mean=8.96e-02
[ 12m52s + 34.10s]   prompt 23/1000  seq_len=128 n_valid=111  34s  max||J||/sqrt(d)=2.630  max_d_mean=5.87e-02
[ 13m25s + 33.29s]   prompt 24/1000  seq_len=103 n_valid=86  33s  max||J||/sqrt(d)=4.244  max_d_mean=9.18e-02
[ 13m58s + 32.40s]   prompt 25/1000  seq_len=128 n_valid=111  32s  max||J||/sqrt(d)=3.082  max_d_mean=6.31e-02
[ 14m31s + 33.40s]   prompt 26/1000  seq_len=128 n_valid=111  33s  max||J||/sqrt(d)=2.905  max_d_mean=5.63e-02
[ 15m04s + 33.11s]   prompt 27/1000  seq_len=97 n_valid=80  33s  max||J||/sqrt(d)=5.375  max_d_mean=1.10e-01
[ 15m38s + 34.00s]   prompt 28/1000  seq_len=128 n_valid=111  34s  max||J||/sqrt(d)=3.863  max_d_mean=6.96e-02
[ 16m13s + 34.69s]   prompt 29/1000  seq_len=128 n_valid=111  35s  max||J||/sqrt(d)=4.316  max_d_mean=7.76e-02
[ 16m47s + 34.01s]   prompt 30/1000  seq_len=46 n_valid=29  34s  max||J||/sqrt(d)=2.346  max_d_mean=4.53e-02
[ 17m22s + 34.49s]   prompt 31/1000  seq_len=86 n_valid=69  34s  max||J||/sqrt(d)=5.113  max_d_mean=8.96e-02
[ 17m55s + 33.10s]   prompt 32/1000  seq_len=94 n_valid=77  33s  max||J||/sqrt(d)=3.765  max_d_mean=6.08e-02
[ 18m31s + 36.61s]   prompt 33/1000  seq_len=92 n_valid=75  37s  max||J||/sqrt(d)=4.806  max_d_mean=7.90e-02
[ 19m05s + 34.10s]   prompt 34/1000  seq_len=128 n_valid=111  34s  max||J||/sqrt(d)=3.949  max_d_mean=5.99e-02
[ 19m39s + 33.19s]   prompt 35/1000  seq_len=99 n_valid=82  33s  max||J||/sqrt(d)=2.788  max_d_mean=4.25e-02
[ 20m12s + 33.81s]   prompt 36/1000  seq_len=72 n_valid=55  34s  max||J||/sqrt(d)=2.936  max_d_mean=4.37e-02
[ 20m50s + 37.20s]   prompt 37/1000  seq_len=128 n_valid=111  37s  max||J||/sqrt(d)=3.452  max_d_mean=4.96e-02
[ 21m25s + 35.49s]   prompt 38/1000  seq_len=128 n_valid=111  35s  max||J||/sqrt(d)=4.021  max_d_mean=5.59e-02
[ 22m00s + 34.51s]   prompt 39/1000  seq_len=128 n_valid=111  35s  max||J||/sqrt(d)=2.820  max_d_mean=3.70e-02
[ 22m33s + 33.49s]   prompt 40/1000  seq_len=128 n_valid=111  33s  max||J||/sqrt(d)=3.578  max_d_mean=4.68e-02
[ 23m07s + 34.30s]   prompt 41/1000  seq_len=105 n_valid=88  34s  max||J||/sqrt(d)=2.784  max_d_mean=3.64e-02
[ 23m41s + 33.32s]   prompt 42/1000  seq_len=97 n_valid=80  33s  max||J||/sqrt(d)=5.260  max_d_mean=7.00e-02
[ 24m15s + 34.28s]   prompt 43/1000  seq_len=66 n_valid=49  34s  max||J||/sqrt(d)=3.181  max_d_mean=4.04e-02
[ 24m46s + 31.00s]   prompt 44/1000  seq_len=101 n_valid=84  31s  max||J||/sqrt(d)=4.822  max_d_mean=5.96e-02
[ 25m20s + 33.81s]   prompt 45/1000  seq_len=128 n_valid=111  34s  max||J||/sqrt(d)=3.732  max_d_mean=4.42e-02
[ 25m53s + 33.30s]   prompt 46/1000  seq_len=128 n_valid=111  33s  max||J||/sqrt(d)=2.879  max_d_mean=3.08e-02
[ 26m27s + 33.70s]   prompt 47/1000  seq_len=128 n_valid=111  34s  max||J||/sqrt(d)=3.086  max_d_mean=3.38e-02
[ 27m01s + 34.69s]   prompt 48/1000  seq_len=123 n_valid=106  35s  max||J||/sqrt(d)=2.990  max_d_mean=3.20e-02
[ 27m33s + 31.10s]   prompt 49/1000  seq_len=66 n_valid=49  31s  max||J||/sqrt(d)=2.874  max_d_mean=3.20e-02
[ 28m02s + 29.00s]   prompt 50/1000  seq_len=128 n_valid=111  29s  max||J||/sqrt(d)=3.756  max_d_mean=3.98e-02
[ 28m30s + 28.70s]   prompt 51/1000  seq_len=57 n_valid=40  29s  max||J||/sqrt(d)=3.972  max_d_mean=4.54e-02
[ 29m00s + 30.01s]   prompt 52/1000  seq_len=128 n_valid=111  30s  max||J||/sqrt(d)=3.123  max_d_mean=3.04e-02
[ 29m33s + 32.99s]   prompt 53/1000  seq_len=124 n_valid=107  33s  max||J||/sqrt(d)=3.101  max_d_mean=3.02e-02
[ 30m06s + 32.40s]   prompt 54/1000  seq_len=110 n_valid=93  32s  max||J||/sqrt(d)=2.983  max_d_mean=2.99e-02
[ 30m38s + 32.00s]   prompt 55/1000  seq_len=96 n_valid=79  32s  max||J||/sqrt(d)=3.025  max_d_mean=3.02e-02
[ 31m12s + 34.31s]   prompt 56/1000  seq_len=100 n_valid=83  34s  max||J||/sqrt(d)=4.333  max_d_mean=4.37e-02
[ 31m43s + 30.50s]   prompt 57/1000  seq_len=102 n_valid=85  30s  max||J||/sqrt(d)=2.814  max_d_mean=2.78e-02
[ 32m16s + 33.20s]   prompt 58/1000  seq_len=84 n_valid=67  33s  max||J||/sqrt(d)=3.459  max_d_mean=3.38e-02
[ 32m51s + 35.30s]   prompt 59/1000  seq_len=67 n_valid=50  35s  max||J||/sqrt(d)=3.440  max_d_mean=3.36e-02
[ 33m24s + 33.49s]   prompt 60/1000  seq_len=98 n_valid=81  33s  max||J||/sqrt(d)=2.948  max_d_mean=2.66e-02
[ 33m57s + 32.10s]   prompt 61/1000  seq_len=91 n_valid=74  32s  max||J||/sqrt(d)=3.872  max_d_mean=3.56e-02
[ 34m29s + 32.20s]   prompt 62/1000  seq_len=112 n_valid=95  32s  max||J||/sqrt(d)=3.020  max_d_mean=2.77e-02
[ 35m05s + 36.00s]   prompt 63/1000  seq_len=111 n_valid=94  36s  max||J||/sqrt(d)=2.727  max_d_mean=2.36e-02
[ 35m38s + 33.50s]   prompt 64/1000  seq_len=128 n_valid=111  34s  max||J||/sqrt(d)=3.161  max_d_mean=2.62e-02
[ 36m13s + 34.50s]   prompt 65/1000  seq_len=128 n_valid=111  35s  max||J||/sqrt(d)=2.689  max_d_mean=2.20e-02
[ 36m46s + 32.99s]   prompt 66/1000  seq_len=45 n_valid=28  33s  max||J||/sqrt(d)=2.940  max_d_mean=2.65e-02
[ 37m18s + 32.01s]   prompt 67/1000  seq_len=99 n_valid=82  32s  max||J||/sqrt(d)=3.002  max_d_mean=2.56e-02
[ 37m51s + 33.09s]   prompt 68/1000  seq_len=128 n_valid=111  33s  max||J||/sqrt(d)=3.259  max_d_mean=2.54e-02
[ 38m23s + 32.30s]   prompt 69/1000  seq_len=110 n_valid=93  32s  max||J||/sqrt(d)=3.485  max_d_mean=2.81e-02
[ 38m57s + 33.90s]   prompt 70/1000  seq_len=91 n_valid=74  34s  max||J||/sqrt(d)=3.489  max_d_mean=2.88e-02
[ 39m30s + 32.90s]   prompt 71/1000  seq_len=88 n_valid=71  33s  max||J||/sqrt(d)=3.176  max_d_mean=2.50e-02
[ 40m03s + 33.00s]   prompt 72/1000  seq_len=94 n_valid=77  33s  max||J||/sqrt(d)=3.182  max_d_mean=2.54e-02
[ 40m37s + 33.60s]   prompt 73/1000  seq_len=84 n_valid=67  34s  max||J||/sqrt(d)=3.505  max_d_mean=2.79e-02
[ 41m10s + 33.50s]   prompt 74/1000  seq_len=128 n_valid=111  33s  max||J||/sqrt(d)=2.620  max_d_mean=1.91e-02
[ 41m44s + 33.70s]   prompt 75/1000  seq_len=128 n_valid=111  34s  max||J||/sqrt(d)=2.934  max_d_mean=2.13e-02
[ 42m17s + 33.00s]   prompt 76/1000  seq_len=128 n_valid=111  33s  max||J||/sqrt(d)=5.280  max_d_mean=4.21e-02
[ 42m49s + 32.59s]   prompt 77/1000  seq_len=128 n_valid=111  33s  max||J||/sqrt(d)=3.329  max_d_mean=2.49e-02
[ 43m22s + 32.60s]   prompt 78/1000  seq_len=128 n_valid=111  33s  max||J||/sqrt(d)=3.225  max_d_mean=2.32e-02
[ 43m57s + 35.32s]   prompt 79/1000  seq_len=128 n_valid=111  35s  max||J||/sqrt(d)=3.449  max_d_mean=2.50e-02
[ 44m30s + 32.60s]   prompt 80/1000  seq_len=60 n_valid=43  33s  max||J||/sqrt(d)=3.343  max_d_mean=2.53e-02
[ 45m02s + 31.78s]   prompt 81/1000  seq_len=84 n_valid=67  32s  max||J||/sqrt(d)=2.342  max_d_mean=1.63e-02
[ 45m31s + 29.50s]   prompt 82/1000  seq_len=128 n_valid=111  30s  max||J||/sqrt(d)=3.036  max_d_mean=2.03e-02
[ 46m01s + 30.30s]   prompt 83/1000  seq_len=128 n_valid=111  30s  max||J||/sqrt(d)=4.059  max_d_mean=2.91e-02
[ 46m32s + 30.81s]   prompt 84/1000  seq_len=128 n_valid=111  31s  max||J||/sqrt(d)=3.071  max_d_mean=2.19e-02
[ 47m06s + 33.60s]   prompt 85/1000  seq_len=128 n_valid=111  34s  max||J||/sqrt(d)=5.452  max_d_mean=3.92e-02
[ 47m40s + 33.91s]   prompt 86/1000  seq_len=128 n_valid=111  34s  max||J||/sqrt(d)=6.981  max_d_mean=5.04e-02
[ 48m15s + 35.40s]   prompt 87/1000  seq_len=128 n_valid=111  35s  max||J||/sqrt(d)=3.837  max_d_mean=2.58e-02
[ 48m49s + 33.70s]   prompt 88/1000  seq_len=128 n_valid=111  34s  max||J||/sqrt(d)=3.726  max_d_mean=2.50e-02
[ 49m23s + 34.41s]   prompt 89/1000  seq_len=128 n_valid=111  34s  max||J||/sqrt(d)=2.967  max_d_mean=1.98e-02
[ 49m58s + 34.69s]   prompt 90/1000  seq_len=96 n_valid=79  35s  max||J||/sqrt(d)=3.297  max_d_mean=2.22e-02
[ 50m31s + 33.00s]   prompt 91/1000  seq_len=128 n_valid=111  33s  max||J||/sqrt(d)=3.916  max_d_mean=2.57e-02
[ 51m04s + 33.39s]   prompt 92/1000  seq_len=128 n_valid=111  33s  max||J||/sqrt(d)=4.629  max_d_mean=2.99e-02
[ 51m35s + 30.31s]   prompt 93/1000  seq_len=128 n_valid=111  30s  max||J||/sqrt(d)=3.991  max_d_mean=2.62e-02
[ 52m05s + 30.50s]   prompt 94/1000  seq_len=128 n_valid=111  30s  max||J||/sqrt(d)=2.870  max_d_mean=1.79e-02
[ 52m31s + 26.00s]   prompt 95/1000  seq_len=94 n_valid=77  26s  max||J||/sqrt(d)=3.697  max_d_mean=2.36e-02
[ 53m01s + 29.40s]   prompt 96/1000  seq_len=128 n_valid=111  29s  max||J||/sqrt(d)=3.050  max_d_mean=1.86e-02
[ 53m31s + 30.80s]   prompt 97/1000  seq_len=128 n_valid=111  31s  max||J||/sqrt(d)=3.542  max_d_mean=2.19e-02
[ 54m02s + 30.90s]   prompt 98/1000  seq_len=128 n_valid=111  31s  max||J||/sqrt(d)=3.340  max_d_mean=2.06e-02
[ 54m32s + 29.90s]   prompt 99/1000  seq_len=128 n_valid=111  30s  max||J||/sqrt(d)=2.950  max_d_mean=1.76e-02
[ 55m02s + 30.19s]   prompt 100/1000  seq_len=128 n_valid=111  30s  max||J||/sqrt(d)=2.914  max_d_mean=1.68e-02
[ 55m32s + 29.80s]   prompt 101/1000  seq_len=128 n_valid=111  30s  max||J||/sqrt(d)=2.715  max_d_mean=1.60e-02
[ 56m01s + 29.01s]   prompt 102/1000  seq_len=128 n_valid=111  29s  max||J||/sqrt(d)=3.125  max_d_mean=1.79e-02
[ 56m31s + 29.39s]   prompt 103/1000  seq_len=128 n_valid=111  29s  max||J||/sqrt(d)=2.626  max_d_mean=1.49e-02
[ 56m59s + 28.50s]   prompt 104/1000  seq_len=128 n_valid=111  29s  max||J||/sqrt(d)=3.310  max_d_mean=1.89e-02
[ 57m26s + 26.80s]   prompt 105/1000  seq_len=128 n_valid=111  27s  max||J||/sqrt(d)=3.146  max_d_mean=1.81e-02
[ 57m52s + 26.60s]   prompt 106/1000  seq_len=121 n_valid=104  27s  max||J||/sqrt(d)=3.056  max_d_mean=1.68e-02
[ 58m19s + 27.01s]   prompt 107/1000  seq_len=94 n_valid=77  27s  max||J||/sqrt(d)=3.281  max_d_mean=1.84e-02
[ 58m47s + 27.40s]   prompt 108/1000  seq_len=84 n_valid=67  27s  max||J||/sqrt(d)=2.944  max_d_mean=1.71e-02
[ 59m11s + 23.70s]   prompt 109/1000  seq_len=98 n_valid=81  24s  max||J||/sqrt(d)=3.714  max_d_mean=2.07e-02
[ 59m34s + 23.10s]   prompt 110/1000  seq_len=128 n_valid=111  23s  max||J||/sqrt(d)=3.809  max_d_mean=2.11e-02
[  1h00m + 27.40s]   prompt 111/1000  seq_len=128 n_valid=111  27s  max||J||/sqrt(d)=3.130  max_d_mean=1.64e-02
[  1h00m + 25.80s]   prompt 112/1000  seq_len=128 n_valid=111  26s  max||J||/sqrt(d)=3.117  max_d_mean=1.74e-02
[  1h00m + 26.40s]   prompt 113/1000  seq_len=128 n_valid=111  26s  max||J||/sqrt(d)=3.114  max_d_mean=1.67e-02
[  1h01m + 26.40s]   prompt 114/1000  seq_len=128 n_valid=111  26s  max||J||/sqrt(d)=3.509  max_d_mean=1.77e-02
[  1h01m + 25.50s]   prompt 115/1000  seq_len=128 n_valid=111  25s  max||J||/sqrt(d)=3.336  max_d_mean=1.67e-02
[  1h02m + 19.60s]   prompt 116/1000  seq_len=128 n_valid=111  20s  max||J||/sqrt(d)=3.405  max_d_mean=1.71e-02
[  1h02m + 30.81s]   prompt 117/1000  seq_len=104 n_valid=87  31s  max||J||/sqrt(d)=3.222  max_d_mean=1.69e-02
[  1h03m + 30.09s]   prompt 118/1000  seq_len=128 n_valid=111  30s  max||J||/sqrt(d)=2.969  max_d_mean=1.44e-02
[  1h03m + 22.90s]   prompt 119/1000  seq_len=55 n_valid=38  23s  max||J||/sqrt(d)=4.122  max_d_mean=2.24e-02
[  1h03m + 17.30s]   prompt 120/1000  seq_len=128 n_valid=111  17s  max||J||/sqrt(d)=3.637  max_d_mean=1.82e-02
[  1h03m +  9.40s]   prompt 121/1000  seq_len=128 n_valid=111  9s  max||J||/sqrt(d)=3.905  max_d_mean=1.92e-02
[  1h04m + 14.10s]   prompt 122/1000  seq_len=128 n_valid=111  14s  max||J||/sqrt(d)=3.014  max_d_mean=1.40e-02
[  1h04m + 34.60s]   prompt 123/1000  seq_len=128 n_valid=111  35s  max||J||/sqrt(d)=3.463  max_d_mean=1.67e-02
[  1h05m + 28.00s]   prompt 124/1000  seq_len=128 n_valid=111  28s  max||J||/sqrt(d)=3.072  max_d_mean=1.43e-02
[  1h05m + 30.90s]   prompt 125/1000  seq_len=128 n_valid=111  31s  max||J||/sqrt(d)=2.930  max_d_mean=1.35e-02
[  1h06m + 29.69s]   prompt 126/1000  seq_len=128 n_valid=111  30s  max||J||/sqrt(d)=3.712  max_d_mean=1.74e-02
[  1h06m + 30.70s]   prompt 127/1000  seq_len=128 n_valid=111  31s  max||J||/sqrt(d)=3.397  max_d_mean=1.52e-02
[  1h07m + 31.31s]   prompt 128/1000  seq_len=128 n_valid=111  31s  max||J||/sqrt(d)=3.233  max_d_mean=1.46e-02
[  1h07m + 29.49s]   prompt 129/1000  seq_len=128 n_valid=111  29s  max||J||/sqrt(d)=3.559  max_d_mean=1.63e-02
[  1h08m + 31.00s]   prompt 130/1000  seq_len=128 n_valid=111  31s  max||J||/sqrt(d)=3.541  max_d_mean=1.61e-02
[  1h08m + 30.70s]   prompt 131/1000  seq_len=128 n_valid=111  31s  max||J||/sqrt(d)=3.101  max_d_mean=1.33e-02
[  1h09m + 31.41s]   prompt 132/1000  seq_len=128 n_valid=111  31s  max||J||/sqrt(d)=4.103  max_d_mean=1.87e-02
[  1h09m + 30.90s]   prompt 133/1000  seq_len=128 n_valid=111  31s  max||J||/sqrt(d)=3.624  max_d_mean=1.61e-02
[  1h10m + 29.89s]   prompt 134/1000  seq_len=128 n_valid=111  30s  max||J||/sqrt(d)=3.878  max_d_mean=1.73e-02
[  1h10m + 30.60s]   prompt 135/1000  seq_len=128 n_valid=111  31s  max||J||/sqrt(d)=2.775  max_d_mean=1.13e-02
[  1h11m + 30.81s]   prompt 136/1000  seq_len=128 n_valid=111  31s  max||J||/sqrt(d)=3.832  max_d_mean=1.65e-02
[  1h11m + 29.40s]   prompt 137/1000  seq_len=128 n_valid=111  29s  max||J||/sqrt(d)=3.915  max_d_mean=1.66e-02
[  1h12m + 30.80s]   prompt 138/1000  seq_len=114 n_valid=97  31s  max||J||/sqrt(d)=4.582  max_d_mean=2.04e-02
[  1h12m + 29.20s]   prompt 139/1000  seq_len=128 n_valid=111  29s  max||J||/sqrt(d)=3.555  max_d_mean=1.50e-02
[  1h13m + 29.80s]   prompt 140/1000  seq_len=128 n_valid=111  30s  max||J||/sqrt(d)=3.195  max_d_mean=1.33e-02
[  1h13m + 30.80s]   prompt 141/1000  seq_len=128 n_valid=111  31s  max||J||/sqrt(d)=3.427  max_d_mean=1.44e-02
[  1h14m + 29.80s]   prompt 142/1000  seq_len=91 n_valid=74  30s  max||J||/sqrt(d)=2.893  max_d_mean=1.21e-02
[  1h14m + 34.59s]   prompt 143/1000  seq_len=128 n_valid=111  35s  max||J||/sqrt(d)=3.322  max_d_mean=1.38e-02
[  1h15m + 31.10s]   prompt 144/1000  seq_len=57 n_valid=40  31s  max||J||/sqrt(d)=3.159  max_d_mean=1.43e-02
[  1h15m + 29.61s]   prompt 145/1000  seq_len=128 n_valid=111  30s  max||J||/sqrt(d)=3.702  max_d_mean=1.51e-02
[  1h16m + 28.90s]   prompt 146/1000  seq_len=128 n_valid=111  29s  max||J||/sqrt(d)=2.917  max_d_mean=1.11e-02
[  1h16m + 30.30s]   prompt 147/1000  seq_len=128 n_valid=111  30s  max||J||/sqrt(d)=3.818  max_d_mean=1.59e-02
[  1h17m + 29.20s]   prompt 148/1000  seq_len=128 n_valid=111  29s  max||J||/sqrt(d)=4.025  max_d_mean=1.73e-02
[  1h17m + 30.31s]   prompt 149/1000  seq_len=128 n_valid=111  30s  max||J||/sqrt(d)=2.914  max_d_mean=1.11e-02
[  1h18m + 30.70s]   prompt 150/1000  seq_len=128 n_valid=111  31s  max||J||/sqrt(d)=3.008  max_d_mean=1.20e-02
[  1h18m + 29.60s]   prompt 151/1000  seq_len=128 n_valid=111  29s  max||J||/sqrt(d)=3.073  max_d_mean=1.22e-02
[  1h19m + 31.49s]   prompt 152/1000  seq_len=128 n_valid=111  31s  max||J||/sqrt(d)=2.870  max_d_mean=1.13e-02
[  1h19m + 32.00s]   prompt 153/1000  seq_len=128 n_valid=111  32s  max||J||/sqrt(d)=2.978  max_d_mean=1.10e-02
[  1h20m + 30.21s]   prompt 154/1000  seq_len=128 n_valid=111  30s  max||J||/sqrt(d)=3.987  max_d_mean=1.57e-02
[  1h20m + 30.00s]   prompt 155/1000  seq_len=119 n_valid=102  30s  max||J||/sqrt(d)=3.245  max_d_mean=1.24e-02
[  1h21m + 29.30s]   prompt 156/1000  seq_len=100 n_valid=83  29s  max||J||/sqrt(d)=2.723  max_d_mean=1.02e-02
[  1h21m + 31.50s]   prompt 157/1000  seq_len=128 n_valid=111  31s  max||J||/sqrt(d)=3.060  max_d_mean=1.14e-02
[  1h22m + 29.70s]   prompt 158/1000  seq_len=128 n_valid=111  30s  max||J||/sqrt(d)=2.977  max_d_mean=1.17e-02
[  1h22m + 30.70s]   prompt 159/1000  seq_len=128 n_valid=111  31s  max||J||/sqrt(d)=3.508  max_d_mean=1.30e-02
[  1h23m + 30.70s]   prompt 160/1000  seq_len=128 n_valid=111  31s  max||J||/sqrt(d)=3.141  max_d_mean=1.15e-02
[  1h24m + 31.60s]   prompt 161/1000  seq_len=128 n_valid=111  32s  max||J||/sqrt(d)=2.920  max_d_mean=1.09e-02
[  1h24m + 30.30s]   prompt 162/1000  seq_len=128 n_valid=111  30s  max||J||/sqrt(d)=3.624  max_d_mean=1.35e-02
[  1h25m + 29.70s]   prompt 163/1000  seq_len=81 n_valid=64  30s  max||J||/sqrt(d)=3.136  max_d_mean=1.13e-02
[  1h25m + 31.10s]   prompt 164/1000  seq_len=76 n_valid=59  31s  max||J||/sqrt(d)=2.257  max_d_mean=8.46e-03
[  1h26m + 29.50s]   prompt 165/1000  seq_len=92 n_valid=75  30s  max||J||/sqrt(d)=2.585  max_d_mean=9.03e-03
[  1h26m + 29.91s]   prompt 166/1000  seq_len=128 n_valid=111  30s  max||J||/sqrt(d)=3.006  max_d_mean=1.09e-02
[  1h27m + 31.19s]   prompt 167/1000  seq_len=128 n_valid=111  31s  max||J||/sqrt(d)=2.950  max_d_mean=1.08e-02
[  1h27m + 31.50s]   prompt 168/1000  seq_len=128 n_valid=111  31s  max||J||/sqrt(d)=2.996  max_d_mean=1.09e-02
[  1h28m + 29.61s]   prompt 169/1000  seq_len=128 n_valid=111  30s  max||J||/sqrt(d)=3.532  max_d_mean=1.24e-02
[  1h28m + 30.70s]   prompt 170/1000  seq_len=128 n_valid=111  31s  max||J||/sqrt(d)=2.811  max_d_mean=9.77e-03
[  1h29m + 30.00s]   prompt 171/1000  seq_len=128 n_valid=111  30s  max||J||/sqrt(d)=2.931  max_d_mean=9.78e-03
[  1h29m + 30.60s]   prompt 172/1000  seq_len=128 n_valid=111  31s  max||J||/sqrt(d)=3.186  max_d_mean=1.13e-02
[  1h30m + 31.61s]   prompt 173/1000  seq_len=128 n_valid=111  32s  max||J||/sqrt(d)=3.367  max_d_mean=1.13e-02
[  1h30m + 33.00s]   prompt 174/1000  seq_len=91 n_valid=74  33s  max||J||/sqrt(d)=2.796  max_d_mean=9.59e-03
[  1h31m + 32.09s]   prompt 175/1000  seq_len=128 n_valid=111  32s  max||J||/sqrt(d)=2.946  max_d_mean=9.82e-03
[  1h31m + 30.90s]   prompt 176/1000  seq_len=121 n_valid=104  31s  max||J||/sqrt(d)=3.176  max_d_mean=1.08e-02
[  1h32m + 27.40s]   prompt 177/1000  seq_len=126 n_valid=109  27s  max||J||/sqrt(d)=2.889  max_d_mean=9.17e-03
[  1h32m + 31.90s]   prompt 178/1000  seq_len=42 n_valid=25  32s  max||J||/sqrt(d)=2.809  max_d_mean=1.05e-02
[  1h33m + 32.50s]   prompt 179/1000  seq_len=128 n_valid=111  32s  max||J||/sqrt(d)=2.862  max_d_mean=9.16e-03
[  1h33m + 29.20s]   prompt 180/1000  seq_len=73 n_valid=56  29s  max||J||/sqrt(d)=3.439  max_d_mean=1.20e-02
[  1h34m + 28.90s]   prompt 181/1000  seq_len=89 n_valid=72  29s  max||J||/sqrt(d)=4.134  max_d_mean=1.44e-02
[  1h34m + 27.40s]   prompt 182/1000  seq_len=128 n_valid=111  27s  max||J||/sqrt(d)=4.802  max_d_mean=1.65e-02
[  1h35m + 27.80s]   prompt 183/1000  seq_len=128 n_valid=111  28s  max||J||/sqrt(d)=5.095  max_d_mean=1.80e-02
[  1h35m + 26.19s]   prompt 184/1000  seq_len=128 n_valid=111  26s  max||J||/sqrt(d)=5.137  max_d_mean=1.77e-02
[  1h36m + 28.51s]   prompt 185/1000  seq_len=128 n_valid=111  29s  max||J||/sqrt(d)=4.645  max_d_mean=1.56e-02
[  1h36m + 27.40s]   prompt 186/1000  seq_len=128 n_valid=111  27s  max||J||/sqrt(d)=3.570  max_d_mean=1.17e-02
[  1h36m + 26.69s]   prompt 187/1000  seq_len=72 n_valid=55  27s  max||J||/sqrt(d)=3.879  max_d_mean=1.34e-02
[  1h37m + 28.30s]   prompt 188/1000  seq_len=119 n_valid=102  28s  max||J||/sqrt(d)=2.318  max_d_mean=7.25e-03
[  1h37m + 27.70s]   prompt 189/1000  seq_len=65 n_valid=48  28s  max||J||/sqrt(d)=3.114  max_d_mean=1.00e-02
[  1h38m + 28.50s]   prompt 190/1000  seq_len=128 n_valid=111  28s  max||J||/sqrt(d)=2.952  max_d_mean=9.02e-03
[  1h38m + 27.20s]   prompt 191/1000  seq_len=82 n_valid=65  27s  max||J||/sqrt(d)=2.948  max_d_mean=9.27e-03
[  1h39m + 26.50s]   prompt 192/1000  seq_len=89 n_valid=72  26s  max||J||/sqrt(d)=3.345  max_d_mean=1.06e-02
[  1h39m + 26.80s]   prompt 193/1000  seq_len=128 n_valid=111  27s  max||J||/sqrt(d)=2.807  max_d_mean=8.51e-03
[  1h40m + 27.90s]   prompt 194/1000  seq_len=128 n_valid=111  28s  max||J||/sqrt(d)=2.462  max_d_mean=7.65e-03
[  1h40m + 27.91s]   prompt 195/1000  seq_len=128 n_valid=111  28s  max||J||/sqrt(d)=3.482  max_d_mean=1.11e-02
[  1h41m + 30.10s]   prompt 196/1000  seq_len=128 n_valid=111  30s  max||J||/sqrt(d)=3.458  max_d_mean=1.06e-02
[  1h41m + 27.10s]   prompt 197/1000  seq_len=116 n_valid=99  27s  max||J||/sqrt(d)=2.998  max_d_mean=9.12e-03
[  1h42m + 29.40s]   prompt 198/1000  seq_len=92 n_valid=75  29s  max||J||/sqrt(d)=2.414  max_d_mean=7.43e-03
[  1h42m + 26.10s]   prompt 199/1000  seq_len=58 n_valid=41  26s  max||J||/sqrt(d)=2.312  max_d_mean=7.56e-03
[  1h42m + 29.00s]   prompt 200/1000  seq_len=128 n_valid=111  29s  max||J||/sqrt(d)=2.910  max_d_mean=8.60e-03
[  1h43m + 30.00s]   prompt 201/1000  seq_len=124 n_valid=107  30s  max||J||/sqrt(d)=2.423  max_d_mean=7.40e-03
[  1h44m + 31.50s]   prompt 202/1000  seq_len=128 n_valid=111  31s  max||J||/sqrt(d)=3.521  max_d_mean=1.03e-02
[  1h44m + 29.10s]   prompt 203/1000  seq_len=128 n_valid=111  29s  max||J||/sqrt(d)=3.306  max_d_mean=1.00e-02
[  1h44m + 26.50s]   prompt 204/1000  seq_len=69 n_valid=52  27s  max||J||/sqrt(d)=3.648  max_d_mean=1.11e-02
[  1h45m + 28.10s]   prompt 205/1000  seq_len=128 n_valid=111  28s  max||J||/sqrt(d)=2.694  max_d_mean=7.48e-03
[  1h45m + 27.50s]   prompt 206/1000  seq_len=128 n_valid=111  27s  max||J||/sqrt(d)=3.538  max_d_mean=1.05e-02
[  1h46m + 26.61s]   prompt 207/1000  seq_len=80 n_valid=63  27s  max||J||/sqrt(d)=4.426  max_d_mean=1.38e-02
[  1h46m + 27.70s]   prompt 208/1000  seq_len=128 n_valid=111  28s  max||J||/sqrt(d)=3.088  max_d_mean=8.48e-03
[  1h47m + 27.20s]   prompt 209/1000  seq_len=118 n_valid=101  27s  max||J||/sqrt(d)=2.989  max_d_mean=8.74e-03
[  1h47m + 28.51s]   prompt 210/1000  seq_len=128 n_valid=111  29s  max||J||/sqrt(d)=4.145  max_d_mean=1.25e-02
[  1h48m + 22.50s]   prompt 211/1000  seq_len=128 n_valid=111  22s  max||J||/sqrt(d)=3.783  max_d_mean=1.08e-02
[  1h48m + 18.79s]   prompt 212/1000  seq_len=128 n_valid=111  19s  max||J||/sqrt(d)=3.263  max_d_mean=9.46e-03
[  1h48m + 20.91s]   prompt 213/1000  seq_len=128 n_valid=111  21s  max||J||/sqrt(d)=3.161  max_d_mean=8.42e-03
[  1h48m +  8.60s]   prompt 214/1000  seq_len=128 n_valid=111  9s  max||J||/sqrt(d)=3.461  max_d_mean=1.01e-02
[  1h49m + 14.60s]   prompt 215/1000  seq_len=87 n_valid=70  15s  max||J||/sqrt(d)=4.356  max_d_mean=1.32e-02
[  1h49m + 18.11s]   prompt 216/1000  seq_len=98 n_valid=81  18s  max||J||/sqrt(d)=2.927  max_d_mean=7.96e-03
[  1h49m + 15.40s]   prompt 217/1000  seq_len=128 n_valid=111  15s  max||J||/sqrt(d)=3.153  max_d_mean=8.79e-03
[  1h49m + 13.80s]   prompt 218/1000  seq_len=68 n_valid=51  14s  max||J||/sqrt(d)=2.983  max_d_mean=8.28e-03
[  1h50m + 17.40s]   prompt 219/1000  seq_len=128 n_valid=111  17s  max||J||/sqrt(d)=2.869  max_d_mean=7.68e-03
[  1h50m + 11.90s]   prompt 220/1000  seq_len=128 n_valid=111  12s  max||J||/sqrt(d)=3.377  max_d_mean=8.83e-03
[  1h50m + 13.80s]   prompt 221/1000  seq_len=96 n_valid=79  14s  max||J||/sqrt(d)=4.661  max_d_mean=1.35e-02
[  1h50m + 11.00s]   prompt 222/1000  seq_len=128 n_valid=111  11s  max||J||/sqrt(d)=2.978  max_d_mean=7.70e-03
[  1h51m + 19.10s]   prompt 223/1000  seq_len=128 n_valid=111  19s  max||J||/sqrt(d)=3.247  max_d_mean=8.40e-03
[  1h51m + 18.50s]   prompt 224/1000  seq_len=128 n_valid=111  19s  max||J||/sqrt(d)=3.720  max_d_mean=1.02e-02
[  1h51m +  9.80s]   prompt 225/1000  seq_len=128 n_valid=111  10s  max||J||/sqrt(d)=3.776  max_d_mean=1.01e-02
[  1h51m + 20.60s]   prompt 226/1000  seq_len=128 n_valid=111  20s  max||J||/sqrt(d)=3.575  max_d_mean=9.40e-03
[  1h52m + 17.70s]   prompt 227/1000  seq_len=128 n_valid=111  18s  max||J||/sqrt(d)=3.075  max_d_mean=7.76e-03
[  1h52m +  4.80s]   prompt 228/1000  seq_len=128 n_valid=111  5s  max||J||/sqrt(d)=2.807  max_d_mean=6.85e-03
[  1h52m +  3.90s]   prompt 229/1000  seq_len=128 n_valid=111  4s  max||J||/sqrt(d)=3.730  max_d_mean=1.00e-02
[  1h52m +  8.10s]   prompt 230/1000  seq_len=128 n_valid=111  8s  max||J||/sqrt(d)=2.744  max_d_mean=6.52e-03
[  1h52m + 12.80s]   prompt 231/1000  seq_len=128 n_valid=111  13s  max||J||/sqrt(d)=2.578  max_d_mean=6.15e-03
[  1h52m +  9.70s]   prompt 232/1000  seq_len=128 n_valid=111  10s  max||J||/sqrt(d)=3.923  max_d_mean=9.88e-03
[  1h53m +  7.60s]   prompt 233/1000  seq_len=128 n_valid=111  8s  max||J||/sqrt(d)=2.832  max_d_mean=6.95e-03
[  1h53m +  7.50s]   prompt 234/1000  seq_len=128 n_valid=111  8s  max||J||/sqrt(d)=2.984  max_d_mean=7.29e-03
[  1h53m + 19.90s]   prompt 235/1000  seq_len=128 n_valid=111  20s  max||J||/sqrt(d)=2.828  max_d_mean=6.79e-03
[  1h53m + 17.70s]   prompt 236/1000  seq_len=128 n_valid=111  18s  max||J||/sqrt(d)=2.971  max_d_mean=6.76e-03
[  1h54m + 20.10s]   prompt 237/1000  seq_len=58 n_valid=41  20s  max||J||/sqrt(d)=2.874  max_d_mean=7.52e-03
[  1h54m +  7.80s]   prompt 238/1000  seq_len=128 n_valid=111  8s  max||J||/sqrt(d)=3.281  max_d_mean=7.77e-03
[  1h54m + 18.80s]   prompt 239/1000  seq_len=128 n_valid=111  19s  max||J||/sqrt(d)=3.529  max_d_mean=8.29e-03
[  1h55m + 30.20s]   prompt 240/1000  seq_len=128 n_valid=111  30s  max||J||/sqrt(d)=3.469  max_d_mean=8.03e-03
[  1h55m + 26.70s]   prompt 241/1000  seq_len=75 n_valid=58  27s  max||J||/sqrt(d)=3.437  max_d_mean=8.31e-03
[  1h55m + 26.40s]   prompt 242/1000  seq_len=128 n_valid=111  26s  max||J||/sqrt(d)=3.090  max_d_mean=7.28e-03
[  1h56m + 29.50s]   prompt 243/1000  seq_len=128 n_valid=111  29s  max||J||/sqrt(d)=2.957  max_d_mean=6.75e-03
[  1h56m + 27.21s]   prompt 244/1000  seq_len=128 n_valid=111  27s  max||J||/sqrt(d)=3.256  max_d_mean=7.78e-03
[  1h57m + 29.29s]   prompt 245/1000  seq_len=42 n_valid=25  29s  max||J||/sqrt(d)=2.354  max_d_mean=6.39e-03
[  1h57m + 27.11s]   prompt 246/1000  seq_len=105 n_valid=88  27s  max||J||/sqrt(d)=2.607  max_d_mean=6.04e-03
[  1h58m + 28.61s]   prompt 247/1000  seq_len=128 n_valid=111  29s  max||J||/sqrt(d)=3.645  max_d_mean=8.56e-03
[  1h58m + 28.99s]   prompt 248/1000  seq_len=128 n_valid=111  29s  max||J||/sqrt(d)=3.942  max_d_mean=9.62e-03
[  1h59m + 28.30s]   prompt 249/1000  seq_len=128 n_valid=111  28s  max||J||/sqrt(d)=3.202  max_d_mean=7.41e-03
[  1h59m + 28.10s]   prompt 250/1000  seq_len=128 n_valid=111  28s  max||J||/sqrt(d)=2.398  max_d_mean=5.33e-03
[  2h00m + 28.11s]   prompt 251/1000  seq_len=128 n_valid=111  28s  max||J||/sqrt(d)=3.003  max_d_mean=6.68e-03
[  2h00m + 28.20s]   prompt 252/1000  seq_len=128 n_valid=111  28s  max||J||/sqrt(d)=2.932  max_d_mean=6.47e-03
[  2h01m + 27.11s]   prompt 253/1000  seq_len=70 n_valid=53  27s  max||J||/sqrt(d)=3.733  max_d_mean=9.64e-03
[  2h01m + 28.99s]   prompt 254/1000  seq_len=121 n_valid=104  29s  max||J||/sqrt(d)=2.896  max_d_mean=7.09e-03
[  2h02m + 27.00s]   prompt 255/1000  seq_len=98 n_valid=81  27s  max||J||/sqrt(d)=3.689  max_d_mean=9.01e-03
[  2h02m + 27.90s]   prompt 256/1000  seq_len=128 n_valid=111  28s  max||J||/sqrt(d)=3.555  max_d_mean=8.43e-03
[  2h02m + 27.30s]   prompt 257/1000  seq_len=128 n_valid=111  27s  max||J||/sqrt(d)=3.230  max_d_mean=7.37e-03
[  2h03m + 29.00s]   prompt 258/1000  seq_len=128 n_valid=111  29s  max||J||/sqrt(d)=3.771  max_d_mean=8.92e-03
[  2h03m + 30.39s]   prompt 259/1000  seq_len=120 n_valid=103  30s  max||J||/sqrt(d)=3.667  max_d_mean=8.58e-03
[  2h04m + 28.20s]   prompt 260/1000  seq_len=128 n_valid=111  28s  max||J||/sqrt(d)=3.491  max_d_mean=8.38e-03
[  2h04m + 28.10s]   prompt 261/1000  seq_len=128 n_valid=111  28s  max||J||/sqrt(d)=3.591  max_d_mean=8.47e-03
[  2h05m + 30.50s]   prompt 262/1000  seq_len=113 n_valid=96  30s  max||J||/sqrt(d)=3.985  max_d_mean=9.56e-03
[  2h05m + 30.50s]   prompt 263/1000  seq_len=80 n_valid=63  30s  max||J||/sqrt(d)=3.872  max_d_mean=9.33e-03
[  2h06m + 30.40s]   prompt 264/1000  seq_len=128 n_valid=111  30s  max||J||/sqrt(d)=3.259  max_d_mean=7.39e-03
[  2h06m + 30.80s]   prompt 265/1000  seq_len=128 n_valid=111  31s  max||J||/sqrt(d)=3.152  max_d_mean=7.11e-03
[  2h07m + 30.29s]   prompt 266/1000  seq_len=128 n_valid=111  30s  max||J||/sqrt(d)=3.065  max_d_mean=7.04e-03
[  2h07m + 30.40s]   prompt 267/1000  seq_len=128 n_valid=111  30s  max||J||/sqrt(d)=3.523  max_d_mean=7.80e-03
[  2h08m + 31.20s]   prompt 268/1000  seq_len=128 n_valid=111  31s  max||J||/sqrt(d)=3.481  max_d_mean=7.82e-03
[  2h09m + 32.40s]   prompt 269/1000  seq_len=128 n_valid=111  32s  max||J||/sqrt(d)=2.959  max_d_mean=6.41e-03
[  2h09m + 30.70s]   prompt 270/1000  seq_len=128 n_valid=111  31s  max||J||/sqrt(d)=3.363  max_d_mean=7.36e-03
[  2h10m + 30.40s]   prompt 271/1000  seq_len=128 n_valid=111  30s  max||J||/sqrt(d)=3.038  max_d_mean=6.72e-03
[  2h10m + 30.90s]   prompt 272/1000  seq_len=106 n_valid=89  31s  max||J||/sqrt(d)=3.178  max_d_mean=7.11e-03
[  2h11m + 30.50s]   prompt 273/1000  seq_len=128 n_valid=111  30s  max||J||/sqrt(d)=3.156  max_d_mean=6.94e-03
[  2h11m + 31.30s]   prompt 274/1000  seq_len=128 n_valid=111  31s  max||J||/sqrt(d)=3.186  max_d_mean=7.16e-03
[  2h12m + 31.10s]   prompt 275/1000  seq_len=128 n_valid=111  31s  max||J||/sqrt(d)=3.295  max_d_mean=6.98e-03
[  2h12m + 31.50s]   prompt 276/1000  seq_len=128 n_valid=111  31s  max||J||/sqrt(d)=3.939  max_d_mean=8.88e-03
[  2h13m + 30.60s]   prompt 277/1000  seq_len=87 n_valid=70  31s  max||J||/sqrt(d)=3.209  max_d_mean=7.20e-03
[  2h13m + 29.51s]   prompt 278/1000  seq_len=128 n_valid=111  30s  max||J||/sqrt(d)=3.740  max_d_mean=7.78e-03
[  2h14m + 27.40s]   prompt 279/1000  seq_len=128 n_valid=111  27s  max||J||/sqrt(d)=3.703  max_d_mean=7.77e-03
[  2h14m + 31.21s]   prompt 280/1000  seq_len=112 n_valid=95  31s  max||J||/sqrt(d)=2.741  max_d_mean=5.60e-03
[  2h15m + 32.59s]   prompt 281/1000  seq_len=128 n_valid=111  33s  max||J||/sqrt(d)=3.442  max_d_mean=7.37e-03
[  2h15m + 29.10s]   prompt 282/1000  seq_len=128 n_valid=111  29s  max||J||/sqrt(d)=2.618  max_d_mean=5.43e-03
[  2h16m + 28.40s]   prompt 283/1000  seq_len=128 n_valid=111  28s  max||J||/sqrt(d)=3.030  max_d_mean=6.28e-03
[  2h16m + 27.60s]   prompt 284/1000  seq_len=128 n_valid=111  28s  max||J||/sqrt(d)=3.346  max_d_mean=7.11e-03
[  2h17m + 27.00s]   prompt 285/1000  seq_len=128 n_valid=111  27s  max||J||/sqrt(d)=2.861  max_d_mean=5.77e-03
[  2h17m + 27.70s]   prompt 286/1000  seq_len=88 n_valid=71  28s  max||J||/sqrt(d)=4.055  max_d_mean=8.77e-03
[  2h17m + 28.70s]   prompt 287/1000  seq_len=128 n_valid=111  29s  max||J||/sqrt(d)=3.309  max_d_mean=6.66e-03
[  2h18m + 24.91s]   prompt 288/1000  seq_len=128 n_valid=111  25s  max||J||/sqrt(d)=3.677  max_d_mean=7.87e-03
[  2h18m + 13.10s]   prompt 289/1000  seq_len=128 n_valid=111  13s  max||J||/sqrt(d)=3.511  max_d_mean=7.07e-03
[  2h18m + 21.01s]   prompt 290/1000  seq_len=128 n_valid=111  21s  max||J||/sqrt(d)=3.363  max_d_mean=7.03e-03
[  2h19m +  8.69s]   prompt 291/1000  seq_len=128 n_valid=111  9s  max||J||/sqrt(d)=3.497  max_d_mean=7.27e-03
[  2h19m +  9.20s]   prompt 292/1000  seq_len=128 n_valid=111  9s  max||J||/sqrt(d)=3.413  max_d_mean=6.99e-03
[  2h19m +  5.70s]   prompt 293/1000  seq_len=128 n_valid=111  6s  max||J||/sqrt(d)=3.665  max_d_mean=7.56e-03
[  2h19m + 10.80s]   prompt 294/1000  seq_len=68 n_valid=51  11s  max||J||/sqrt(d)=2.673  max_d_mean=5.70e-03
[  2h19m + 10.90s]   prompt 295/1000  seq_len=128 n_valid=111  11s  max||J||/sqrt(d)=3.898  max_d_mean=7.75e-03
[  2h19m + 13.90s]   prompt 296/1000  seq_len=125 n_valid=108  14s  max||J||/sqrt(d)=3.047  max_d_mean=5.91e-03
[  2h20m +  9.20s]   prompt 297/1000  seq_len=128 n_valid=111  9s  max||J||/sqrt(d)=3.881  max_d_mean=7.83e-03
[  2h20m + 12.90s]   prompt 298/1000  seq_len=128 n_valid=111  13s  max||J||/sqrt(d)=3.934  max_d_mean=7.95e-03
[  2h20m +  8.20s]   prompt 299/1000  seq_len=128 n_valid=111  8s  max||J||/sqrt(d)=4.313  max_d_mean=9.08e-03
[  2h20m + 11.10s]   prompt 300/1000  seq_len=128 n_valid=111  11s  max||J||/sqrt(d)=3.114  max_d_mean=5.92e-03
[  2h20m + 20.70s]   prompt 301/1000  seq_len=128 n_valid=111  21s  max||J||/sqrt(d)=3.368  max_d_mean=6.45e-03
[  2h21m + 15.40s]   prompt 302/1000  seq_len=102 n_valid=85  15s  max||J||/sqrt(d)=3.954  max_d_mean=7.71e-03
[  2h21m +  8.60s]   prompt 303/1000  seq_len=66 n_valid=49  9s  max||J||/sqrt(d)=2.563  max_d_mean=5.12e-03
[  2h21m + 13.80s]   prompt 304/1000  seq_len=119 n_valid=102  14s  max||J||/sqrt(d)=3.162  max_d_mean=5.96e-03
[  2h22m + 26.80s]   prompt 305/1000  seq_len=67 n_valid=50  27s  max||J||/sqrt(d)=2.861  max_d_mean=5.83e-03
[  2h22m + 17.69s]   prompt 306/1000  seq_len=128 n_valid=111  18s  max||J||/sqrt(d)=3.705  max_d_mean=7.09e-03
[  2h22m + 20.40s]   prompt 307/1000  seq_len=128 n_valid=111  20s  max||J||/sqrt(d)=2.978  max_d_mean=5.70e-03
[  2h22m + 19.50s]   prompt 308/1000  seq_len=123 n_valid=106  20s  max||J||/sqrt(d)=2.836  max_d_mean=5.23e-03
[  2h23m + 15.70s]   prompt 309/1000  seq_len=128 n_valid=111  16s  max||J||/sqrt(d)=2.862  max_d_mean=5.49e-03
[  2h23m + 24.61s]   prompt 310/1000  seq_len=128 n_valid=111  25s  max||J||/sqrt(d)=3.174  max_d_mean=5.72e-03
[  2h24m + 22.90s]   prompt 311/1000  seq_len=124 n_valid=107  23s  max||J||/sqrt(d)=3.036  max_d_mean=5.55e-03
[  2h24m + 13.30s]   prompt 312/1000  seq_len=128 n_valid=111  13s  max||J||/sqrt(d)=3.043  max_d_mean=5.60e-03
[  2h24m + 18.90s]   prompt 313/1000  seq_len=123 n_valid=106  19s  max||J||/sqrt(d)=4.791  max_d_mean=9.69e-03
[  2h25m + 29.10s]   prompt 314/1000  seq_len=128 n_valid=111  29s  max||J||/sqrt(d)=3.376  max_d_mean=6.46e-03
[  2h25m + 27.90s]   prompt 315/1000  seq_len=128 n_valid=111  28s  max||J||/sqrt(d)=3.386  max_d_mean=6.50e-03
[  2h25m + 27.80s]   prompt 316/1000  seq_len=128 n_valid=111  28s  max||J||/sqrt(d)=3.657  max_d_mean=6.94e-03
[  2h26m + 29.59s]   prompt 317/1000  seq_len=128 n_valid=111  30s  max||J||/sqrt(d)=4.681  max_d_mean=9.42e-03
[  2h26m + 28.40s]   prompt 318/1000  seq_len=128 n_valid=111  28s  max||J||/sqrt(d)=4.009  max_d_mean=7.98e-03
[  2h27m + 28.10s]   prompt 319/1000  seq_len=120 n_valid=103  28s  max||J||/sqrt(d)=3.057  max_d_mean=5.66e-03
[  2h27m + 30.11s]   prompt 320/1000  seq_len=128 n_valid=111  30s  max||J||/sqrt(d)=3.495  max_d_mean=6.74e-03
[  2h28m + 28.10s]   prompt 321/1000  seq_len=92 n_valid=75  28s  max||J||/sqrt(d)=3.386  max_d_mean=6.65e-03
[  2h28m + 28.51s]   prompt 322/1000  seq_len=128 n_valid=111  29s  max||J||/sqrt(d)=3.591  max_d_mean=6.79e-03
[  2h29m + 27.29s]   prompt 323/1000  seq_len=128 n_valid=111  27s  max||J||/sqrt(d)=3.541  max_d_mean=6.59e-03
[  2h29m + 27.39s]   prompt 324/1000  seq_len=87 n_valid=70  27s  max||J||/sqrt(d)=3.067  max_d_mean=5.49e-03
[  2h30m + 28.00s]   prompt 325/1000  seq_len=128 n_valid=111  28s  max||J||/sqrt(d)=3.290  max_d_mean=6.19e-03
[  2h30m + 28.20s]   prompt 326/1000  seq_len=128 n_valid=111  28s  max||J||/sqrt(d)=3.106  max_d_mean=5.53e-03
[  2h31m + 28.49s]   prompt 327/1000  seq_len=96 n_valid=79  28s  max||J||/sqrt(d)=3.632  max_d_mean=6.78e-03
[  2h31m + 28.10s]   prompt 328/1000  seq_len=128 n_valid=111  28s  max||J||/sqrt(d)=3.238  max_d_mean=5.87e-03
[  2h32m + 29.50s]   prompt 329/1000  seq_len=128 n_valid=111  29s  max||J||/sqrt(d)=3.277  max_d_mean=6.08e-03
[  2h32m + 28.10s]   prompt 330/1000  seq_len=63 n_valid=46  28s  max||J||/sqrt(d)=4.180  max_d_mean=7.97e-03
[  2h33m + 27.91s]   prompt 331/1000  seq_len=128 n_valid=111  28s  max||J||/sqrt(d)=4.287  max_d_mean=8.00e-03
[  2h33m + 27.90s]   prompt 332/1000  seq_len=128 n_valid=111  28s  max||J||/sqrt(d)=3.421  max_d_mean=6.49e-03
[  2h34m + 27.20s]   prompt 333/1000  seq_len=128 n_valid=111  27s  max||J||/sqrt(d)=4.546  max_d_mean=8.65e-03
[  2h34m + 28.20s]   prompt 334/1000  seq_len=128 n_valid=111  28s  max||J||/sqrt(d)=5.240  max_d_mean=9.99e-03
[  2h34m + 27.60s]   prompt 335/1000  seq_len=49 n_valid=32  28s  max||J||/sqrt(d)=2.378  max_d_mean=4.60e-03
[  2h35m + 29.30s]   prompt 336/1000  seq_len=128 n_valid=111  29s  max||J||/sqrt(d)=3.214  max_d_mean=5.79e-03
[  2h35m + 30.50s]   prompt 337/1000  seq_len=128 n_valid=111  30s  max||J||/sqrt(d)=3.199  max_d_mean=5.54e-03
[  2h36m + 27.50s]   prompt 338/1000  seq_len=82 n_valid=65  28s  max||J||/sqrt(d)=2.529  max_d_mean=4.69e-03
[  2h36m + 26.60s]   prompt 339/1000  seq_len=128 n_valid=111  27s  max||J||/sqrt(d)=2.900  max_d_mean=4.82e-03
[  2h37m + 28.10s]   prompt 340/1000  seq_len=84 n_valid=67  28s  max||J||/sqrt(d)=4.240  max_d_mean=7.77e-03
[  2h37m + 28.50s]   prompt 341/1000  seq_len=86 n_valid=69  28s  max||J||/sqrt(d)=3.100  max_d_mean=5.55e-03
[  2h38m + 26.70s]   prompt 342/1000  seq_len=97 n_valid=80  27s  max||J||/sqrt(d)=2.642  max_d_mean=4.67e-03
[  2h38m + 26.90s]   prompt 343/1000  seq_len=128 n_valid=111  27s  max||J||/sqrt(d)=3.537  max_d_mean=6.12e-03
[  2h39m + 28.80s]   prompt 344/1000  seq_len=113 n_valid=96  29s  max||J||/sqrt(d)=2.787  max_d_mean=4.74e-03
[  2h39m + 27.10s]   prompt 345/1000  seq_len=128 n_valid=111  27s  max||J||/sqrt(d)=3.368  max_d_mean=5.81e-03
[  2h40m + 27.30s]   prompt 346/1000  seq_len=128 n_valid=111  27s  max||J||/sqrt(d)=4.191  max_d_mean=7.43e-03
[  2h40m + 26.80s]   prompt 347/1000  seq_len=128 n_valid=111  27s  max||J||/sqrt(d)=3.126  max_d_mean=5.45e-03
[  2h40m + 27.40s]   prompt 348/1000  seq_len=86 n_valid=69  27s  max||J||/sqrt(d)=3.475  max_d_mean=6.34e-03
[  2h41m + 29.01s]   prompt 349/1000  seq_len=128 n_valid=111  29s  max||J||/sqrt(d)=3.228  max_d_mean=5.21e-03
[  2h41m + 27.49s]   prompt 350/1000  seq_len=82 n_valid=65  27s  max||J||/sqrt(d)=5.289  max_d_mean=9.38e-03
[  2h42m + 26.80s]   prompt 351/1000  seq_len=73 n_valid=56  27s  max||J||/sqrt(d)=2.702  max_d_mean=4.85e-03
[  2h42m + 29.40s]   prompt 352/1000  seq_len=128 n_valid=111  29s  max||J||/sqrt(d)=3.035  max_d_mean=5.16e-03
[  2h43m + 29.10s]   prompt 353/1000  seq_len=128 n_valid=111  29s  max||J||/sqrt(d)=4.768  max_d_mean=8.58e-03
[  2h43m + 28.39s]   prompt 354/1000  seq_len=128 n_valid=111  28s  max||J||/sqrt(d)=3.011  max_d_mean=4.98e-03
[  2h44m + 28.81s]   prompt 355/1000  seq_len=128 n_valid=111  29s  max||J||/sqrt(d)=3.700  max_d_mean=6.28e-03
[  2h44m + 27.50s]   prompt 356/1000  seq_len=128 n_valid=111  27s  max||J||/sqrt(d)=3.899  max_d_mean=6.54e-03
[  2h45m + 27.79s]   prompt 357/1000  seq_len=128 n_valid=111  28s  max||J||/sqrt(d)=3.108  max_d_mean=5.08e-03
[  2h45m + 28.60s]   prompt 358/1000  seq_len=128 n_valid=111  29s  max||J||/sqrt(d)=4.191  max_d_mean=7.09e-03
[  2h46m + 29.20s]   prompt 359/1000  seq_len=104 n_valid=87  29s  max||J||/sqrt(d)=5.113  max_d_mean=9.07e-03
[  2h46m + 28.30s]   prompt 360/1000  seq_len=128 n_valid=111  28s  max||J||/sqrt(d)=3.652  max_d_mean=6.07e-03
[  2h47m + 28.80s]   prompt 361/1000  seq_len=128 n_valid=111  29s  max||J||/sqrt(d)=3.587  max_d_mean=5.98e-03
[  2h47m + 28.00s]   prompt 362/1000  seq_len=94 n_valid=77  28s  max||J||/sqrt(d)=3.012  max_d_mean=4.92e-03
[  2h48m + 28.50s]   prompt 363/1000  seq_len=128 n_valid=111  28s  max||J||/sqrt(d)=3.097  max_d_mean=4.87e-03
[  2h48m + 28.50s]   prompt 364/1000  seq_len=128 n_valid=111  29s  max||J||/sqrt(d)=4.076  max_d_mean=6.83e-03
[  2h48m + 27.80s]   prompt 365/1000  seq_len=128 n_valid=111  28s  max||J||/sqrt(d)=3.871  max_d_mean=6.11e-03
[  2h49m + 28.50s]   prompt 366/1000  seq_len=128 n_valid=111  28s  max||J||/sqrt(d)=3.352  max_d_mean=5.38e-03
[  2h49m + 28.70s]   prompt 367/1000  seq_len=128 n_valid=111  29s  max||J||/sqrt(d)=5.724  max_d_mean=1.00e-02
[  2h50m + 27.90s]   prompt 368/1000  seq_len=75 n_valid=58  28s  max||J||/sqrt(d)=3.390  max_d_mean=5.76e-03
[  2h50m + 26.60s]   prompt 369/1000  seq_len=128 n_valid=111  27s  max||J||/sqrt(d)=3.148  max_d_mean=5.35e-03
[  2h51m + 28.60s]   prompt 370/1000  seq_len=67 n_valid=50  29s  max||J||/sqrt(d)=3.354  max_d_mean=5.87e-03
[  2h51m + 27.00s]   prompt 371/1000  seq_len=86 n_valid=69  27s  max||J||/sqrt(d)=4.803  max_d_mean=8.30e-03
[  2h52m + 28.20s]   prompt 372/1000  seq_len=88 n_valid=71  28s  max||J||/sqrt(d)=4.216  max_d_mean=7.27e-03
[  2h52m + 27.20s]   prompt 373/1000  seq_len=109 n_valid=92  27s  max||J||/sqrt(d)=3.866  max_d_mean=6.52e-03
[  2h53m + 26.60s]   prompt 374/1000  seq_len=85 n_valid=68  27s  max||J||/sqrt(d)=4.144  max_d_mean=7.04e-03
[  2h53m + 27.10s]   prompt 375/1000  seq_len=80 n_valid=63  27s  max||J||/sqrt(d)=3.456  max_d_mean=5.55e-03
[  2h54m + 28.40s]   prompt 376/1000  seq_len=80 n_valid=63  28s  max||J||/sqrt(d)=3.354  max_d_mean=5.69e-03
[  2h54m + 29.79s]   prompt 377/1000  seq_len=111 n_valid=94  30s  max||J||/sqrt(d)=4.077  max_d_mean=6.78e-03
[  2h55m + 27.51s]   prompt 378/1000  seq_len=106 n_valid=89  28s  max||J||/sqrt(d)=4.153  max_d_mean=6.83e-03
[  2h55m + 28.50s]   prompt 379/1000  seq_len=82 n_valid=65  28s  max||J||/sqrt(d)=3.793  max_d_mean=6.17e-03
[  2h55m + 27.50s]   prompt 380/1000  seq_len=60 n_valid=43  28s  max||J||/sqrt(d)=3.421  max_d_mean=6.01e-03
[  2h56m + 28.69s]   prompt 381/1000  seq_len=59 n_valid=42  29s  max||J||/sqrt(d)=2.993  max_d_mean=5.11e-03
[  2h56m + 26.22s]   prompt 382/1000  seq_len=57 n_valid=40  26s  max||J||/sqrt(d)=5.396  max_d_mean=9.40e-03
[  2h57m + 28.28s]   prompt 383/1000  seq_len=96 n_valid=79  28s  max||J||/sqrt(d)=2.899  max_d_mean=4.68e-03
[  2h57m + 28.30s]   prompt 384/1000  seq_len=107 n_valid=90  28s  max||J||/sqrt(d)=3.696  max_d_mean=5.87e-03
[  2h58m + 27.40s]   prompt 385/1000  seq_len=46 n_valid=29  27s  max||J||/sqrt(d)=4.357  max_d_mean=7.63e-03
[  2h58m + 26.30s]   prompt 386/1000  seq_len=59 n_valid=42  26s  max||J||/sqrt(d)=3.908  max_d_mean=6.59e-03
[  2h59m + 27.60s]   prompt 387/1000  seq_len=128 n_valid=111  28s  max||J||/sqrt(d)=3.418  max_d_mean=5.40e-03
[  2h59m + 28.00s]   prompt 388/1000  seq_len=128 n_valid=111  28s  max||J||/sqrt(d)=3.771  max_d_mean=6.20e-03
[  3h00m + 27.90s]   prompt 389/1000  seq_len=101 n_valid=84  28s  max||J||/sqrt(d)=4.104  max_d_mean=6.75e-03
[  3h00m + 29.69s]   prompt 390/1000  seq_len=128 n_valid=111  30s  max||J||/sqrt(d)=3.369  max_d_mean=5.27e-03
[  3h01m + 28.50s]   prompt 391/1000  seq_len=58 n_valid=41  29s  max||J||/sqrt(d)=3.817  max_d_mean=6.32e-03
[  3h01m + 27.20s]   prompt 392/1000  seq_len=78 n_valid=61  27s  max||J||/sqrt(d)=4.515  max_d_mean=7.51e-03
[  3h02m + 28.50s]   prompt 393/1000  seq_len=128 n_valid=111  28s  max||J||/sqrt(d)=2.713  max_d_mean=4.22e-03
[  3h02m + 27.50s]   prompt 394/1000  seq_len=79 n_valid=62  28s  max||J||/sqrt(d)=4.987  max_d_mean=8.23e-03
[  3h02m + 27.70s]   prompt 395/1000  seq_len=107 n_valid=90  28s  max||J||/sqrt(d)=2.879  max_d_mean=4.65e-03
[  3h03m + 28.50s]   prompt 396/1000  seq_len=128 n_valid=111  29s  max||J||/sqrt(d)=3.965  max_d_mean=6.28e-03
[  3h03m + 25.79s]   prompt 397/1000  seq_len=111 n_valid=94  26s  max||J||/sqrt(d)=3.604  max_d_mean=5.74e-03
[  3h04m + 26.50s]   prompt 398/1000  seq_len=128 n_valid=111  27s  max||J||/sqrt(d)=3.304  max_d_mean=5.14e-03
[  3h04m + 27.30s]   prompt 399/1000  seq_len=128 n_valid=111  27s  max||J||/sqrt(d)=4.482  max_d_mean=7.18e-03
[  3h05m + 28.81s]   prompt 400/1000  seq_len=128 n_valid=111  29s  max||J||/sqrt(d)=3.739  max_d_mean=5.74e-03
[  3h05m + 27.09s]   prompt 401/1000  seq_len=100 n_valid=83  27s  max||J||/sqrt(d)=3.463  max_d_mean=5.32e-03
[  3h06m + 28.50s]   prompt 402/1000  seq_len=128 n_valid=111  29s  max||J||/sqrt(d)=2.850  max_d_mean=4.38e-03
[  3h06m + 28.20s]   prompt 403/1000  seq_len=119 n_valid=102  28s  max||J||/sqrt(d)=4.295  max_d_mean=6.77e-03
[  3h07m + 29.20s]   prompt 404/1000  seq_len=128 n_valid=111  29s  max||J||/sqrt(d)=3.065  max_d_mean=4.45e-03
[  3h07m + 27.60s]   prompt 405/1000  seq_len=128 n_valid=111  28s  max||J||/sqrt(d)=3.364  max_d_mean=5.08e-03
[  3h08m + 28.59s]   prompt 406/1000  seq_len=128 n_valid=111  29s  max||J||/sqrt(d)=3.996  max_d_mean=6.10e-03
[  3h08m + 27.41s]   prompt 407/1000  seq_len=84 n_valid=67  27s  max||J||/sqrt(d)=4.358  max_d_mean=6.89e-03
[  3h08m + 27.80s]   prompt 408/1000  seq_len=48 n_valid=31  28s  max||J||/sqrt(d)=6.623  max_d_mean=1.08e-02
[  3h09m + 28.09s]   prompt 409/1000  seq_len=45 n_valid=28  28s  max||J||/sqrt(d)=2.898  max_d_mean=4.52e-03
[  3h09m + 29.31s]   prompt 410/1000  seq_len=128 n_valid=111  29s  max||J||/sqrt(d)=4.191  max_d_mean=6.43e-03
[  3h10m + 28.10s]   prompt 411/1000  seq_len=128 n_valid=111  28s  max||J||/sqrt(d)=4.397  max_d_mean=6.85e-03
[  3h10m + 27.80s]   prompt 412/1000  seq_len=128 n_valid=111  28s  max||J||/sqrt(d)=3.426  max_d_mean=5.05e-03
[  3h11m + 29.70s]   prompt 413/1000  seq_len=128 n_valid=111  30s  max||J||/sqrt(d)=3.023  max_d_mean=4.31e-03
[  3h11m + 28.20s]   prompt 414/1000  seq_len=128 n_valid=111  28s  max||J||/sqrt(d)=3.267  max_d_mean=4.72e-03
[  3h12m + 28.10s]   prompt 415/1000  seq_len=128 n_valid=111  28s  max||J||/sqrt(d)=3.254  max_d_mean=4.52e-03
[  3h12m + 27.71s]   prompt 416/1000  seq_len=128 n_valid=111  28s  max||J||/sqrt(d)=3.361  max_d_mean=4.78e-03
[  3h13m + 30.20s]   prompt 417/1000  seq_len=39 n_valid=22  30s  max||J||/sqrt(d)=2.643  max_d_mean=4.27e-03
[  3h13m + 30.10s]   prompt 418/1000  seq_len=55 n_valid=38  30s  max||J||/sqrt(d)=3.098  max_d_mean=4.99e-03
[  3h14m + 30.59s]   prompt 419/1000  seq_len=106 n_valid=89  31s  max||J||/sqrt(d)=4.663  max_d_mean=7.19e-03
[  3h14m + 30.50s]   prompt 420/1000  seq_len=128 n_valid=111  31s  max||J||/sqrt(d)=4.043  max_d_mean=6.06e-03
[  3h15m + 29.10s]   prompt 421/1000  seq_len=76 n_valid=59  29s  max||J||/sqrt(d)=2.277  max_d_mean=3.21e-03
[  3h15m + 28.70s]   prompt 422/1000  seq_len=128 n_valid=111  29s  max||J||/sqrt(d)=3.991  max_d_mean=6.02e-03
[  3h16m + 30.20s]   prompt 423/1000  seq_len=94 n_valid=77  30s  max||J||/sqrt(d)=3.386  max_d_mean=4.93e-03
[  3h16m + 30.20s]   prompt 424/1000  seq_len=128 n_valid=111  30s  max||J||/sqrt(d)=3.056  max_d_mean=4.16e-03
[  3h17m + 30.40s]   prompt 425/1000  seq_len=128 n_valid=111  30s  max||J||/sqrt(d)=3.455  max_d_mean=4.96e-03
[  3h17m + 29.91s]   prompt 426/1000  seq_len=128 n_valid=111  30s  max||J||/sqrt(d)=3.554  max_d_mean=5.00e-03
[  3h18m + 31.10s]   prompt 427/1000  seq_len=114 n_valid=97  31s  max||J||/sqrt(d)=2.981  max_d_mean=4.11e-03
[  3h18m + 31.20s]   prompt 428/1000  seq_len=128 n_valid=111  31s  max||J||/sqrt(d)=2.717  max_d_mean=3.64e-03
[  3h19m + 29.69s]   prompt 429/1000  seq_len=128 n_valid=111  30s  max||J||/sqrt(d)=2.703  max_d_mean=3.91e-03
[  3h19m + 29.80s]   prompt 430/1000  seq_len=128 n_valid=111  30s  max||J||/sqrt(d)=3.055  max_d_mean=4.18e-03
[  3h20m + 30.40s]   prompt 431/1000  seq_len=110 n_valid=93  30s  max||J||/sqrt(d)=4.475  max_d_mean=6.58e-03
[  3h20m + 30.00s]   prompt 432/1000  seq_len=128 n_valid=111  30s  max||J||/sqrt(d)=4.213  max_d_mean=6.08e-03
[  3h21m + 30.10s]   prompt 433/1000  seq_len=63 n_valid=46  30s  max||J||/sqrt(d)=3.374  max_d_mean=4.95e-03
[  3h21m + 30.20s]   prompt 434/1000  seq_len=128 n_valid=111  30s  max||J||/sqrt(d)=3.446  max_d_mean=4.74e-03
[  3h22m + 31.70s]   prompt 435/1000  seq_len=128 n_valid=111  32s  max||J||/sqrt(d)=3.275  max_d_mean=4.48e-03
[  3h22m + 29.80s]   prompt 436/1000  seq_len=128 n_valid=111  30s  max||J||/sqrt(d)=3.879  max_d_mean=5.45e-03
[  3h23m + 30.89s]   prompt 437/1000  seq_len=128 n_valid=111  31s  max||J||/sqrt(d)=3.638  max_d_mean=5.05e-03
[  3h23m + 31.01s]   prompt 438/1000  seq_len=72 n_valid=55  31s  max||J||/sqrt(d)=3.687  max_d_mean=5.23e-03
[  3h24m + 31.50s]   prompt 439/1000  seq_len=128 n_valid=111  32s  max||J||/sqrt(d)=3.363  max_d_mean=4.53e-03
[  3h24m + 31.69s]   prompt 440/1000  seq_len=128 n_valid=111  32s  max||J||/sqrt(d)=3.793  max_d_mean=5.32e-03
[  3h25m + 29.50s]   prompt 441/1000  seq_len=128 n_valid=111  29s  max||J||/sqrt(d)=4.013  max_d_mean=5.42e-03
[  3h25m + 29.51s]   prompt 442/1000  seq_len=113 n_valid=96  30s  max||J||/sqrt(d)=3.312  max_d_mean=4.48e-03
[  3h26m + 30.49s]   prompt 443/1000  seq_len=85 n_valid=68  30s  max||J||/sqrt(d)=3.125  max_d_mean=4.26e-03
[  3h26m + 26.50s]   prompt 444/1000  seq_len=116 n_valid=99  26s  max||J||/sqrt(d)=3.095  max_d_mean=4.18e-03
[  3h27m + 28.10s]   prompt 445/1000  seq_len=128 n_valid=111  28s  max||J||/sqrt(d)=3.626  max_d_mean=4.85e-03
[  3h27m + 28.40s]   prompt 446/1000  seq_len=128 n_valid=111  28s  max||J||/sqrt(d)=4.396  max_d_mean=6.19e-03
[  3h28m + 29.70s]   prompt 447/1000  seq_len=119 n_valid=102  30s  max||J||/sqrt(d)=3.186  max_d_mean=4.17e-03
[  3h28m + 26.50s]   prompt 448/1000  seq_len=54 n_valid=37  26s  max||J||/sqrt(d)=2.664  max_d_mean=3.70e-03
[  3h29m + 29.30s]   prompt 449/1000  seq_len=128 n_valid=111  29s  max||J||/sqrt(d)=3.330  max_d_mean=4.45e-03
[  3h29m + 30.40s]   prompt 450/1000  seq_len=101 n_valid=84  30s  max||J||/sqrt(d)=4.223  max_d_mean=5.83e-03
[  3h30m + 31.10s]   prompt 451/1000  seq_len=128 n_valid=111  31s  max||J||/sqrt(d)=3.381  max_d_mean=4.63e-03
[  3h30m + 30.30s]   prompt 452/1000  seq_len=128 n_valid=111  30s  max||J||/sqrt(d)=2.636  max_d_mean=3.54e-03
[  3h31m + 29.90s]   prompt 453/1000  seq_len=128 n_valid=111  30s  max||J||/sqrt(d)=2.630  max_d_mean=3.52e-03
[  3h31m + 31.20s]   prompt 454/1000  seq_len=128 n_valid=111  31s  max||J||/sqrt(d)=3.524  max_d_mean=4.89e-03
[  3h32m + 31.30s]   prompt 455/1000  seq_len=128 n_valid=111  31s  max||J||/sqrt(d)=3.194  max_d_mean=4.26e-03
[  3h32m + 31.21s]   prompt 456/1000  seq_len=128 n_valid=111  31s  max||J||/sqrt(d)=3.524  max_d_mean=4.79e-03
[  3h33m + 30.39s]   prompt 457/1000  seq_len=128 n_valid=111  30s  max||J||/sqrt(d)=2.458  max_d_mean=3.30e-03
[  3h33m + 27.20s]   prompt 458/1000  seq_len=128 n_valid=111  27s  max||J||/sqrt(d)=3.451  max_d_mean=4.55e-03
[  3h34m + 28.70s]   prompt 459/1000  seq_len=128 n_valid=111  29s  max||J||/sqrt(d)=3.022  max_d_mean=4.00e-03
[  3h34m + 28.61s]   prompt 460/1000  seq_len=128 n_valid=111  29s  max||J||/sqrt(d)=3.930  max_d_mean=5.34e-03
[  3h35m + 28.50s]   prompt 461/1000  seq_len=128 n_valid=111  28s  max||J||/sqrt(d)=3.511  max_d_mean=4.67e-03
[  3h35m + 29.90s]   prompt 462/1000  seq_len=128 n_valid=111  30s  max||J||/sqrt(d)=2.981  max_d_mean=3.90e-03
[  3h36m + 29.30s]   prompt 463/1000  seq_len=128 n_valid=111  29s  max||J||/sqrt(d)=3.804  max_d_mean=5.16e-03
[  3h36m + 29.80s]   prompt 464/1000  seq_len=128 n_valid=111  30s  max||J||/sqrt(d)=3.062  max_d_mean=3.99e-03
[  3h37m + 28.10s]   prompt 465/1000  seq_len=128 n_valid=111  28s  max||J||/sqrt(d)=3.628  max_d_mean=4.78e-03
[  3h37m + 26.80s]   prompt 466/1000  seq_len=128 n_valid=111  27s  max||J||/sqrt(d)=4.114  max_d_mean=5.65e-03
[  3h38m + 28.10s]   prompt 467/1000  seq_len=128 n_valid=111  28s  max||J||/sqrt(d)=3.333  max_d_mean=4.57e-03
[  3h38m + 27.61s]   prompt 468/1000  seq_len=128 n_valid=111  28s  max||J||/sqrt(d)=3.295  max_d_mean=4.34e-03
[  3h38m + 27.69s]   prompt 469/1000  seq_len=128 n_valid=111  28s  max||J||/sqrt(d)=2.677  max_d_mean=3.59e-03
[  3h39m + 27.90s]   prompt 470/1000  seq_len=128 n_valid=111  28s  max||J||/sqrt(d)=2.999  max_d_mean=3.79e-03
[  3h39m + 27.81s]   prompt 471/1000  seq_len=128 n_valid=111  28s  max||J||/sqrt(d)=2.986  max_d_mean=3.81e-03
[  3h40m + 28.00s]   prompt 472/1000  seq_len=51 n_valid=34  28s  max||J||/sqrt(d)=3.602  max_d_mean=5.02e-03
[  3h40m + 29.10s]   prompt 473/1000  seq_len=128 n_valid=111  29s  max||J||/sqrt(d)=3.377  max_d_mean=4.30e-03
[  3h41m + 28.31s]   prompt 474/1000  seq_len=128 n_valid=111  28s  max||J||/sqrt(d)=3.243  max_d_mean=4.14e-03
[  3h41m + 26.90s]   prompt 475/1000  seq_len=122 n_valid=105  27s  max||J||/sqrt(d)=2.546  max_d_mean=3.12e-03
[  3h42m + 28.50s]   prompt 476/1000  seq_len=128 n_valid=111  28s  max||J||/sqrt(d)=3.457  max_d_mean=4.45e-03
[  3h42m + 28.30s]   prompt 477/1000  seq_len=70 n_valid=53  28s  max||J||/sqrt(d)=4.273  max_d_mean=5.97e-03
[  3h43m + 27.60s]   prompt 478/1000  seq_len=119 n_valid=102  28s  max||J||/sqrt(d)=4.259  max_d_mean=5.63e-03
[  3h43m + 28.10s]   prompt 479/1000  seq_len=128 n_valid=111  28s  max||J||/sqrt(d)=4.242  max_d_mean=5.53e-03
[  3h44m + 28.80s]   prompt 480/1000  seq_len=128 n_valid=111  29s  max||J||/sqrt(d)=2.839  max_d_mean=3.43e-03
[  3h44m + 27.30s]   prompt 481/1000  seq_len=64 n_valid=47  27s  max||J||/sqrt(d)=3.025  max_d_mean=4.01e-03
[  3h45m + 28.00s]   prompt 482/1000  seq_len=128 n_valid=111  28s  max||J||/sqrt(d)=2.457  max_d_mean=3.16e-03
[  3h45m + 30.50s]   prompt 483/1000  seq_len=128 n_valid=111  30s  max||J||/sqrt(d)=4.178  max_d_mean=5.59e-03
[  3h45m + 27.01s]   prompt 484/1000  seq_len=76 n_valid=59  27s  max||J||/sqrt(d)=3.611  max_d_mean=4.93e-03
[  3h46m + 28.99s]   prompt 485/1000  seq_len=128 n_valid=111  29s  max||J||/sqrt(d)=3.163  max_d_mean=4.08e-03
[  3h46m + 29.00s]   prompt 486/1000  seq_len=117 n_valid=100  29s  max||J||/sqrt(d)=3.080  max_d_mean=3.90e-03
[  3h47m + 28.50s]   prompt 487/1000  seq_len=128 n_valid=111  28s  max||J||/sqrt(d)=3.038  max_d_mean=3.70e-03
[  3h47m + 28.90s]   prompt 488/1000  seq_len=128 n_valid=111  29s  max||J||/sqrt(d)=3.228  max_d_mean=4.05e-03
[  3h48m + 27.00s]   prompt 489/1000  seq_len=116 n_valid=99  27s  max||J||/sqrt(d)=3.105  max_d_mean=3.91e-03
[  3h48m + 29.10s]   prompt 490/1000  seq_len=127 n_valid=110  29s  max||J||/sqrt(d)=3.239  max_d_mean=4.04e-03
[  3h49m + 28.40s]   prompt 491/1000  seq_len=108 n_valid=91  28s  max||J||/sqrt(d)=3.776  max_d_mean=4.97e-03
[  3h49m + 26.40s]   prompt 492/1000  seq_len=128 n_valid=111  26s  max||J||/sqrt(d)=3.178  max_d_mean=3.87e-03
[  3h50m + 28.50s]   prompt 493/1000  seq_len=110 n_valid=93  29s  max||J||/sqrt(d)=4.039  max_d_mean=5.23e-03
[  3h50m + 26.50s]   prompt 494/1000  seq_len=128 n_valid=111  26s  max||J||/sqrt(d)=3.361  max_d_mean=4.20e-03
[  3h51m + 27.21s]   prompt 495/1000  seq_len=60 n_valid=43  27s  max||J||/sqrt(d)=3.793  max_d_mean=4.99e-03
[  3h51m + 26.99s]   prompt 496/1000  seq_len=59 n_valid=42  27s  max||J||/sqrt(d)=3.454  max_d_mean=4.30e-03
[  3h52m + 27.30s]   prompt 497/1000  seq_len=72 n_valid=55  27s  max||J||/sqrt(d)=4.896  max_d_mean=6.49e-03
[  3h52m + 28.01s]   prompt 498/1000  seq_len=128 n_valid=111  28s  max||J||/sqrt(d)=3.147  max_d_mean=3.77e-03
[  3h52m + 28.59s]   prompt 499/1000  seq_len=128 n_valid=111  29s  max||J||/sqrt(d)=3.946  max_d_mean=4.97e-03
[  3h53m + 28.90s]   prompt 500/1000  seq_len=128 n_valid=111  29s  max||J||/sqrt(d)=2.722  max_d_mean=3.16e-03
[  3h53m + 26.20s]   prompt 501/1000  seq_len=128 n_valid=111  26s  max||J||/sqrt(d)=3.258  max_d_mean=4.14e-03
[  3h54m + 28.00s]   prompt 502/1000  seq_len=128 n_valid=111  28s  max||J||/sqrt(d)=2.740  max_d_mean=3.40e-03
[  3h54m + 28.70s]   prompt 503/1000  seq_len=128 n_valid=111  29s  max||J||/sqrt(d)=2.987  max_d_mean=3.59e-03
[  3h55m + 27.10s]   prompt 504/1000  seq_len=128 n_valid=111  27s  max||J||/sqrt(d)=3.295  max_d_mean=4.08e-03
[  3h55m + 27.40s]   prompt 505/1000  seq_len=49 n_valid=32  27s  max||J||/sqrt(d)=2.409  max_d_mean=3.18e-03
[  3h56m + 27.80s]   prompt 506/1000  seq_len=46 n_valid=29  28s  max||J||/sqrt(d)=2.936  max_d_mean=3.69e-03
[  3h56m + 26.80s]   prompt 507/1000  seq_len=116 n_valid=99  27s  max||J||/sqrt(d)=3.289  max_d_mean=3.95e-03
[  3h57m + 28.50s]   prompt 508/1000  seq_len=128 n_valid=111  29s  max||J||/sqrt(d)=2.803  max_d_mean=3.26e-03
[  3h57m + 27.79s]   prompt 509/1000  seq_len=84 n_valid=67  28s  max||J||/sqrt(d)=3.116  max_d_mean=3.80e-03
[  3h58m + 28.00s]   prompt 510/1000  seq_len=128 n_valid=111  28s  max||J||/sqrt(d)=4.431  max_d_mean=5.56e-03
[  3h58m + 27.40s]   prompt 511/1000  seq_len=128 n_valid=111  27s  max||J||/sqrt(d)=4.632  max_d_mean=5.85e-03
[  3h58m + 27.40s]   prompt 512/1000  seq_len=107 n_valid=90  27s  max||J||/sqrt(d)=3.989  max_d_mean=5.00e-03
[  3h59m + 27.90s]   prompt 513/1000  seq_len=57 n_valid=40  28s  max||J||/sqrt(d)=5.773  max_d_mean=7.49e-03
[  3h59m + 29.00s]   prompt 514/1000  seq_len=115 n_valid=98  29s  max||J||/sqrt(d)=3.087  max_d_mean=3.79e-03
[  4h00m + 28.61s]   prompt 515/1000  seq_len=128 n_valid=111  29s  max||J||/sqrt(d)=3.825  max_d_mean=4.74e-03
[  4h00m + 28.09s]   prompt 516/1000  seq_len=128 n_valid=111  28s  max||J||/sqrt(d)=3.587  max_d_mean=4.49e-03
[  4h01m + 29.20s]   prompt 517/1000  seq_len=128 n_valid=111  29s  max||J||/sqrt(d)=6.514  max_d_mean=8.34e-03
[  4h01m + 27.80s]   prompt 518/1000  seq_len=64 n_valid=47  28s  max||J||/sqrt(d)=2.577  max_d_mean=2.98e-03
[  4h02m + 17.50s]   prompt 519/1000  seq_len=90 n_valid=73  18s  max||J||/sqrt(d)=2.483  max_d_mean=2.79e-03
[  4h02m + 14.60s]   prompt 520/1000  seq_len=128 n_valid=111  15s  max||J||/sqrt(d)=5.759  max_d_mean=7.30e-03
[  4h02m + 13.20s]   prompt 521/1000  seq_len=128 n_valid=111  13s  max||J||/sqrt(d)=3.093  max_d_mean=3.62e-03
[  4h02m + 12.10s]   prompt 522/1000  seq_len=115 n_valid=98  12s  max||J||/sqrt(d)=4.009  max_d_mean=4.74e-03
[  4h03m + 15.50s]   prompt 523/1000  seq_len=76 n_valid=59  15s  max||J||/sqrt(d)=4.440  max_d_mean=5.53e-03
[  4h03m + 20.20s]   prompt 524/1000  seq_len=128 n_valid=111  20s  max||J||/sqrt(d)=3.368  max_d_mean=4.18e-03
[  4h03m + 17.80s]   prompt 525/1000  seq_len=85 n_valid=68  18s  max||J||/sqrt(d)=3.459  max_d_mean=4.23e-03
[  4h04m + 28.80s]   prompt 526/1000  seq_len=128 n_valid=111  29s  max||J||/sqrt(d)=3.988  max_d_mean=4.81e-03
[  4h04m + 23.61s]   prompt 527/1000  seq_len=128 n_valid=111  24s  max||J||/sqrt(d)=4.877  max_d_mean=5.99e-03
[  4h04m + 16.10s]   prompt 528/1000  seq_len=128 n_valid=111  16s  max||J||/sqrt(d)=3.000  max_d_mean=3.22e-03
[  4h05m + 12.50s]   prompt 529/1000  seq_len=92 n_valid=75  12s  max||J||/sqrt(d)=3.042  max_d_mean=3.58e-03
[  4h05m +  9.80s]   prompt 530/1000  seq_len=128 n_valid=111  10s  max||J||/sqrt(d)=3.291  max_d_mean=3.59e-03
[  4h05m + 13.70s]   prompt 531/1000  seq_len=60 n_valid=43  14s  max||J||/sqrt(d)=2.965  max_d_mean=3.41e-03
[  4h05m + 18.89s]   prompt 532/1000  seq_len=128 n_valid=111  19s  max||J||/sqrt(d)=3.501  max_d_mean=4.00e-03
[  4h06m + 17.61s]   prompt 533/1000  seq_len=128 n_valid=111  18s  max||J||/sqrt(d)=3.984  max_d_mean=4.68e-03
[  4h06m + 11.00s]   prompt 534/1000  seq_len=45 n_valid=28  11s  max||J||/sqrt(d)=3.126  max_d_mean=3.71e-03
[  4h06m + 16.90s]   prompt 535/1000  seq_len=128 n_valid=111  17s  max||J||/sqrt(d)=3.698  max_d_mean=4.27e-03
[  4h06m + 24.70s]   prompt 536/1000  seq_len=128 n_valid=111  25s  max||J||/sqrt(d)=3.868  max_d_mean=4.36e-03
[  4h07m + 17.80s]   prompt 537/1000  seq_len=128 n_valid=111  18s  max||J||/sqrt(d)=3.221  max_d_mean=3.60e-03
[  4h07m + 17.10s]   prompt 538/1000  seq_len=128 n_valid=111  17s  max||J||/sqrt(d)=3.826  max_d_mean=4.34e-03
[  4h07m + 10.60s]   prompt 539/1000  seq_len=128 n_valid=111  11s  max||J||/sqrt(d)=3.026  max_d_mean=3.32e-03
[  4h07m + 14.80s]   prompt 540/1000  seq_len=128 n_valid=111  15s  max||J||/sqrt(d)=4.253  max_d_mean=4.92e-03
[  4h07m +  5.60s]   prompt 541/1000  seq_len=128 n_valid=111  6s  max||J||/sqrt(d)=3.849  max_d_mean=4.26e-03
[  4h08m + 17.00s]   prompt 542/1000  seq_len=128 n_valid=111  17s  max||J||/sqrt(d)=3.588  max_d_mean=3.91e-03
[  4h08m + 14.70s]   prompt 543/1000  seq_len=128 n_valid=111  15s  max||J||/sqrt(d)=3.310  max_d_mean=3.76e-03
[  4h08m + 19.20s]   prompt 544/1000  seq_len=128 n_valid=111  19s  max||J||/sqrt(d)=3.673  max_d_mean=4.13e-03
[  4h09m + 13.80s]   prompt 545/1000  seq_len=128 n_valid=111  14s  max||J||/sqrt(d)=4.178  max_d_mean=4.90e-03
[  4h09m + 11.00s]   prompt 546/1000  seq_len=105 n_valid=88  11s  max||J||/sqrt(d)=3.107  max_d_mean=3.41e-03
[  4h09m + 15.99s]   prompt 547/1000  seq_len=128 n_valid=111  16s  max||J||/sqrt(d)=4.044  max_d_mean=4.56e-03
[  4h09m + 13.10s]   prompt 548/1000  seq_len=128 n_valid=111  13s  max||J||/sqrt(d)=3.278  max_d_mean=3.43e-03
[  4h10m + 24.10s]   prompt 549/1000  seq_len=128 n_valid=111  24s  max||J||/sqrt(d)=3.405  max_d_mean=3.64e-03
[  4h10m + 22.20s]   prompt 550/1000  seq_len=128 n_valid=111  22s  max||J||/sqrt(d)=4.920  max_d_mean=5.47e-03
[  4h10m + 21.00s]   prompt 551/1000  seq_len=80 n_valid=63  21s  max||J||/sqrt(d)=3.734  max_d_mean=4.31e-03
[  4h11m + 22.60s]   prompt 552/1000  seq_len=128 n_valid=111  23s  max||J||/sqrt(d)=4.786  max_d_mean=5.37e-03
[  4h11m + 19.00s]   prompt 553/1000  seq_len=94 n_valid=77  19s  max||J||/sqrt(d)=3.727  max_d_mean=4.08e-03
[  4h11m + 15.50s]   prompt 554/1000  seq_len=91 n_valid=74  15s  max||J||/sqrt(d)=2.580  max_d_mean=2.88e-03
[  4h11m +  9.90s]   prompt 555/1000  seq_len=128 n_valid=111  10s  max||J||/sqrt(d)=3.341  max_d_mean=3.77e-03
[  4h12m + 12.40s]   prompt 556/1000  seq_len=128 n_valid=111  12s  max||J||/sqrt(d)=3.313  max_d_mean=3.51e-03
[  4h12m +  6.50s]   prompt 557/1000  seq_len=128 n_valid=111  6s  max||J||/sqrt(d)=3.314  max_d_mean=3.48e-03
[  4h12m + 13.00s]   prompt 558/1000  seq_len=69 n_valid=52  13s  max||J||/sqrt(d)=2.967  max_d_mean=3.25e-03
[  4h12m + 19.30s]   prompt 559/1000  seq_len=74 n_valid=57  19s  max||J||/sqrt(d)=2.592  max_d_mean=2.95e-03
[  4h13m + 10.60s]   prompt 560/1000  seq_len=128 n_valid=111  11s  max||J||/sqrt(d)=2.860  max_d_mean=3.06e-03
[  4h13m + 15.70s]   prompt 561/1000  seq_len=128 n_valid=111  16s  max||J||/sqrt(d)=3.380  max_d_mean=3.64e-03
[  4h13m + 18.40s]   prompt 562/1000  seq_len=107 n_valid=90  18s  max||J||/sqrt(d)=2.826  max_d_mean=3.04e-03
[  4h13m + 11.20s]   prompt 563/1000  seq_len=128 n_valid=111  11s  max||J||/sqrt(d)=2.707  max_d_mean=2.87e-03
[  4h13m + 14.40s]   prompt 564/1000  seq_len=128 n_valid=111  14s  max||J||/sqrt(d)=3.589  max_d_mean=3.87e-03
[  4h14m +  7.89s]   prompt 565/1000  seq_len=128 n_valid=111  8s  max||J||/sqrt(d)=3.184  max_d_mean=3.34e-03
[  4h14m + 15.70s]   prompt 566/1000  seq_len=128 n_valid=111  16s  max||J||/sqrt(d)=3.332  max_d_mean=3.41e-03
[  4h14m + 17.40s]   prompt 567/1000  seq_len=128 n_valid=111  17s  max||J||/sqrt(d)=2.675  max_d_mean=2.70e-03
[  4h14m + 19.10s]   prompt 568/1000  seq_len=128 n_valid=111  19s  max||J||/sqrt(d)=2.963  max_d_mean=3.16e-03
[  4h15m + 16.60s]   prompt 569/1000  seq_len=128 n_valid=111  17s  max||J||/sqrt(d)=3.738  max_d_mean=3.99e-03
[  4h15m +  7.20s]   prompt 570/1000  seq_len=128 n_valid=111  7s  max||J||/sqrt(d)=2.816  max_d_mean=2.85e-03
[  4h15m + 23.40s]   prompt 571/1000  seq_len=128 n_valid=111  23s  max||J||/sqrt(d)=3.726  max_d_mean=4.04e-03
[  4h16m + 16.31s]   prompt 572/1000  seq_len=128 n_valid=111  16s  max||J||/sqrt(d)=3.429  max_d_mean=3.50e-03
[  4h16m + 10.39s]   prompt 573/1000  seq_len=128 n_valid=111  10s  max||J||/sqrt(d)=3.106  max_d_mean=3.18e-03
[  4h16m + 13.90s]   prompt 574/1000  seq_len=128 n_valid=111  14s  max||J||/sqrt(d)=2.686  max_d_mean=2.80e-03
[  4h16m + 18.30s]   prompt 575/1000  seq_len=128 n_valid=111  18s  max||J||/sqrt(d)=2.931  max_d_mean=2.94e-03
[  4h16m +  8.00s]   prompt 576/1000  seq_len=128 n_valid=111  8s  max||J||/sqrt(d)=3.597  max_d_mean=3.76e-03
[  4h17m + 14.50s]   prompt 577/1000  seq_len=128 n_valid=111  14s  max||J||/sqrt(d)=3.609  max_d_mean=3.77e-03
[  4h17m + 29.00s]   prompt 578/1000  seq_len=126 n_valid=109  29s  max||J||/sqrt(d)=3.614  max_d_mean=3.82e-03
[  4h18m + 27.90s]   prompt 579/1000  seq_len=104 n_valid=87  28s  max||J||/sqrt(d)=2.956  max_d_mean=3.01e-03
[  4h18m + 25.10s]   prompt 580/1000  seq_len=97 n_valid=80  25s  max||J||/sqrt(d)=3.126  max_d_mean=3.28e-03
[  4h18m + 22.20s]   prompt 581/1000  seq_len=103 n_valid=86  22s  max||J||/sqrt(d)=3.367  max_d_mean=3.58e-03
[  4h19m + 22.11s]   prompt 582/1000  seq_len=67 n_valid=50  22s  max||J||/sqrt(d)=2.766  max_d_mean=3.17e-03
[  4h19m + 28.40s]   prompt 583/1000  seq_len=128 n_valid=111  28s  max||J||/sqrt(d)=3.217  max_d_mean=3.44e-03
[  4h20m + 26.70s]   prompt 584/1000  seq_len=128 n_valid=111  27s  max||J||/sqrt(d)=2.323  max_d_mean=2.30e-03
[  4h20m + 28.11s]   prompt 585/1000  seq_len=128 n_valid=111  28s  max||J||/sqrt(d)=2.709  max_d_mean=2.63e-03
[  4h21m + 28.39s]   prompt 586/1000  seq_len=98 n_valid=81  28s  max||J||/sqrt(d)=3.357  max_d_mean=3.49e-03
[  4h21m + 26.70s]   prompt 587/1000  seq_len=128 n_valid=111  27s  max||J||/sqrt(d)=3.068  max_d_mean=3.12e-03
[  4h22m + 28.19s]   prompt 588/1000  seq_len=128 n_valid=111  28s  max||J||/sqrt(d)=2.487  max_d_mean=2.47e-03
[  4h22m + 27.81s]   prompt 589/1000  seq_len=128 n_valid=111  28s  max||J||/sqrt(d)=3.439  max_d_mean=3.48e-03
[  4h22m + 19.30s]   prompt 590/1000  seq_len=128 n_valid=111  19s  max||J||/sqrt(d)=2.799  max_d_mean=2.84e-03
[  4h23m + 19.10s]   prompt 591/1000  seq_len=102 n_valid=85  19s  max||J||/sqrt(d)=2.678  max_d_mean=2.82e-03
[  4h23m + 29.00s]   prompt 592/1000  seq_len=78 n_valid=61  29s  max||J||/sqrt(d)=3.698  max_d_mean=3.85e-03
[  4h23m + 19.90s]   prompt 593/1000  seq_len=100 n_valid=83  20s  max||J||/sqrt(d)=2.787  max_d_mean=2.87e-03
[  4h24m + 13.30s]   prompt 594/1000  seq_len=128 n_valid=111  13s  max||J||/sqrt(d)=3.211  max_d_mean=3.18e-03
[  4h24m + 27.90s]   prompt 595/1000  seq_len=128 n_valid=111  28s  max||J||/sqrt(d)=3.157  max_d_mean=3.15e-03
[  4h25m + 24.90s]   prompt 596/1000  seq_len=128 n_valid=111  25s  max||J||/sqrt(d)=3.059  max_d_mean=3.03e-03
[  4h25m + 25.10s]   prompt 597/1000  seq_len=128 n_valid=111  25s  max||J||/sqrt(d)=3.683  max_d_mean=3.80e-03
[  4h25m + 14.70s]   prompt 598/1000  seq_len=95 n_valid=78  15s  max||J||/sqrt(d)=3.452  max_d_mean=3.59e-03
[  4h26m + 21.30s]   prompt 599/1000  seq_len=83 n_valid=66  21s  max||J||/sqrt(d)=4.447  max_d_mean=4.65e-03
[  4h26m + 26.11s]   prompt 600/1000  seq_len=71 n_valid=54  26s  max||J||/sqrt(d)=3.012  max_d_mean=2.95e-03
[  4h26m + 27.49s]   prompt 601/1000  seq_len=107 n_valid=90  27s  max||J||/sqrt(d)=3.274  max_d_mean=3.34e-03
[  4h27m + 27.70s]   prompt 602/1000  seq_len=128 n_valid=111  28s  max||J||/sqrt(d)=3.023  max_d_mean=2.90e-03
[  4h27m + 13.00s]   prompt 603/1000  seq_len=114 n_valid=97  13s  max||J||/sqrt(d)=3.291  max_d_mean=3.22e-03
[  4h28m + 24.30s]   prompt 604/1000  seq_len=92 n_valid=75  24s  max||J||/sqrt(d)=4.998  max_d_mean=5.37e-03
[  4h28m + 18.90s]   prompt 605/1000  seq_len=91 n_valid=74  19s  max||J||/sqrt(d)=3.173  max_d_mean=3.22e-03
[  4h28m + 16.30s]   prompt 606/1000  seq_len=81 n_valid=64  16s  max||J||/sqrt(d)=2.928  max_d_mean=3.02e-03
[  4h28m + 11.20s]   prompt 607/1000  seq_len=41 n_valid=24  11s  max||J||/sqrt(d)=2.337  max_d_mean=2.66e-03
[  4h29m + 22.20s]   prompt 608/1000  seq_len=128 n_valid=111  22s  max||J||/sqrt(d)=3.206  max_d_mean=3.24e-03
[  4h29m + 16.40s]   prompt 609/1000  seq_len=102 n_valid=85  16s  max||J||/sqrt(d)=4.591  max_d_mean=4.81e-03
[  4h29m + 23.40s]   prompt 610/1000  seq_len=128 n_valid=111  23s  max||J||/sqrt(d)=2.611  max_d_mean=2.43e-03
[  4h30m + 21.10s]   prompt 611/1000  seq_len=107 n_valid=90  21s  max||J||/sqrt(d)=3.735  max_d_mean=3.85e-03
[  4h30m + 22.40s]   prompt 612/1000  seq_len=128 n_valid=111  22s  max||J||/sqrt(d)=4.511  max_d_mean=4.67e-03
[  4h30m + 16.00s]   prompt 613/1000  seq_len=69 n_valid=52  16s  max||J||/sqrt(d)=4.101  max_d_mean=4.41e-03
[  4h31m + 26.20s]   prompt 614/1000  seq_len=90 n_valid=73  26s  max||J||/sqrt(d)=3.341  max_d_mean=3.41e-03
[  4h31m + 28.10s]   prompt 615/1000  seq_len=119 n_valid=102  28s  max||J||/sqrt(d)=2.753  max_d_mean=2.67e-03
[  4h32m + 17.10s]   prompt 616/1000  seq_len=120 n_valid=103  17s  max||J||/sqrt(d)=3.061  max_d_mean=2.87e-03
[  4h32m + 21.70s]   prompt 617/1000  seq_len=128 n_valid=111  22s  max||J||/sqrt(d)=2.580  max_d_mean=2.33e-03
[  4h32m + 27.00s]   prompt 618/1000  seq_len=128 n_valid=111  27s  max||J||/sqrt(d)=2.524  max_d_mean=2.40e-03
[  4h33m + 27.10s]   prompt 619/1000  seq_len=128 n_valid=111  27s  max||J||/sqrt(d)=3.234  max_d_mean=3.19e-03
[  4h33m + 28.10s]   prompt 620/1000  seq_len=128 n_valid=111  28s  max||J||/sqrt(d)=2.712  max_d_mean=2.61e-03
[  4h34m + 28.70s]   prompt 621/1000  seq_len=106 n_valid=89  29s  max||J||/sqrt(d)=2.920  max_d_mean=2.77e-03
[  4h34m + 28.50s]   prompt 622/1000  seq_len=128 n_valid=111  28s  max||J||/sqrt(d)=3.047  max_d_mean=3.08e-03
[  4h35m + 28.10s]   prompt 623/1000  seq_len=128 n_valid=111  28s  max||J||/sqrt(d)=3.143  max_d_mean=3.04e-03
[  4h35m + 28.70s]   prompt 624/1000  seq_len=53 n_valid=36  29s  max||J||/sqrt(d)=4.957  max_d_mean=5.33e-03
[  4h36m + 28.01s]   prompt 625/1000  seq_len=128 n_valid=111  28s  max||J||/sqrt(d)=2.813  max_d_mean=2.57e-03
[  4h36m + 28.48s]   prompt 626/1000  seq_len=128 n_valid=111  28s  max||J||/sqrt(d)=3.405  max_d_mean=3.29e-03
[  4h37m + 29.31s]   prompt 627/1000  seq_len=120 n_valid=103  29s  max||J||/sqrt(d)=2.971  max_d_mean=2.71e-03
[  4h37m + 26.99s]   prompt 628/1000  seq_len=128 n_valid=111  27s  max||J||/sqrt(d)=2.905  max_d_mean=2.76e-03
[  4h37m + 27.50s]   prompt 629/1000  seq_len=128 n_valid=111  27s  max||J||/sqrt(d)=3.139  max_d_mean=2.95e-03
[  4h38m + 27.40s]   prompt 630/1000  seq_len=122 n_valid=105  27s  max||J||/sqrt(d)=3.431  max_d_mean=3.24e-03
[  4h38m + 27.61s]   prompt 631/1000  seq_len=62 n_valid=45  28s  max||J||/sqrt(d)=3.169  max_d_mean=3.31e-03
[  4h39m + 26.99s]   prompt 632/1000  seq_len=58 n_valid=41  27s  max||J||/sqrt(d)=4.575  max_d_mean=4.82e-03
[  4h39m + 26.50s]   prompt 633/1000  seq_len=128 n_valid=111  27s  max||J||/sqrt(d)=2.740  max_d_mean=2.50e-03
[  4h40m + 18.40s]   prompt 634/1000  seq_len=52 n_valid=35  18s  max||J||/sqrt(d)=2.672  max_d_mean=2.63e-03
[  4h40m + 28.00s]   prompt 635/1000  seq_len=128 n_valid=111  28s  max||J||/sqrt(d)=3.092  max_d_mean=2.93e-03
[  4h41m + 28.80s]   prompt 636/1000  seq_len=97 n_valid=80  29s  max||J||/sqrt(d)=3.320  max_d_mean=3.12e-03
[  4h41m + 27.40s]   prompt 637/1000  seq_len=114 n_valid=97  27s  max||J||/sqrt(d)=3.013  max_d_mean=2.77e-03
[  4h41m + 17.70s]   prompt 638/1000  seq_len=89 n_valid=72  18s  max||J||/sqrt(d)=3.612  max_d_mean=3.48e-03
[  4h42m + 22.90s]   prompt 639/1000  seq_len=128 n_valid=111  23s  max||J||/sqrt(d)=3.118  max_d_mean=2.91e-03
[  4h42m + 25.80s]   prompt 640/1000  seq_len=72 n_valid=55  26s  max||J||/sqrt(d)=2.571  max_d_mean=2.67e-03
[  4h43m + 28.40s]   prompt 641/1000  seq_len=128 n_valid=111  28s  max||J||/sqrt(d)=3.379  max_d_mean=3.23e-03
[  4h43m + 26.20s]   prompt 642/1000  seq_len=128 n_valid=111  26s  max||J||/sqrt(d)=2.490  max_d_mean=2.32e-03
[  4h44m + 28.31s]   prompt 643/1000  seq_len=128 n_valid=111  28s  max||J||/sqrt(d)=2.777  max_d_mean=2.57e-03
[  4h44m + 28.89s]   prompt 644/1000  seq_len=128 n_valid=111  29s  max||J||/sqrt(d)=3.645  max_d_mean=3.68e-03
[  4h44m + 17.80s]   prompt 645/1000  seq_len=128 n_valid=111  18s  max||J||/sqrt(d)=2.488  max_d_mean=2.39e-03
[  4h45m + 13.50s]   prompt 646/1000  seq_len=128 n_valid=111  13s  max||J||/sqrt(d)=3.962  max_d_mean=3.87e-03
[  4h45m + 12.80s]   prompt 647/1000  seq_len=128 n_valid=111  13s  max||J||/sqrt(d)=2.822  max_d_mean=2.71e-03
[  4h45m + 25.30s]   prompt 648/1000  seq_len=128 n_valid=111  25s  max||J||/sqrt(d)=3.508  max_d_mean=3.29e-03
[  4h46m + 28.60s]   prompt 649/1000  seq_len=128 n_valid=111  29s  max||J||/sqrt(d)=3.299  max_d_mean=3.10e-03
[  4h46m + 27.60s]   prompt 650/1000  seq_len=128 n_valid=111  28s  max||J||/sqrt(d)=3.128  max_d_mean=2.98e-03
[  4h46m + 20.30s]   prompt 651/1000  seq_len=128 n_valid=111  20s  max||J||/sqrt(d)=3.007  max_d_mean=2.81e-03
[  4h47m + 29.70s]   prompt 652/1000  seq_len=128 n_valid=111  30s  max||J||/sqrt(d)=3.181  max_d_mean=3.06e-03
[  4h47m + 26.01s]   prompt 653/1000  seq_len=128 n_valid=111  26s  max||J||/sqrt(d)=3.600  max_d_mean=3.51e-03
[  4h48m + 28.09s]   prompt 654/1000  seq_len=128 n_valid=111  28s  max||J||/sqrt(d)=2.901  max_d_mean=2.67e-03
[  4h48m + 27.50s]   prompt 655/1000  seq_len=56 n_valid=39  28s  max||J||/sqrt(d)=2.491  max_d_mean=2.40e-03
[  4h49m + 28.00s]   prompt 656/1000  seq_len=82 n_valid=65  28s  max||J||/sqrt(d)=3.028  max_d_mean=2.99e-03
[  4h49m + 26.90s]   prompt 657/1000  seq_len=100 n_valid=83  27s  max||J||/sqrt(d)=3.617  max_d_mean=3.47e-03
[  4h50m + 23.80s]   prompt 658/1000  seq_len=128 n_valid=111  24s  max||J||/sqrt(d)=3.696  max_d_mean=3.51e-03
[  4h50m +  9.00s]   prompt 659/1000  seq_len=49 n_valid=32  9s  max||J||/sqrt(d)=2.314  max_d_mean=2.35e-03
[  4h50m + 13.10s]   prompt 660/1000  seq_len=128 n_valid=111  13s  max||J||/sqrt(d)=3.308  max_d_mean=3.12e-03
[  4h50m +  4.90s]   prompt 661/1000  seq_len=128 n_valid=111  5s  max||J||/sqrt(d)=3.081  max_d_mean=2.92e-03
[  4h50m + 21.71s]   prompt 662/1000  seq_len=128 n_valid=111  22s  max||J||/sqrt(d)=2.924  max_d_mean=2.66e-03
[  4h51m + 29.40s]   prompt 663/1000  seq_len=128 n_valid=111  29s  max||J||/sqrt(d)=3.870  max_d_mean=3.64e-03
[  4h51m + 27.79s]   prompt 664/1000  seq_len=128 n_valid=111  28s  max||J||/sqrt(d)=3.924  max_d_mean=3.78e-03
[  4h52m + 23.40s]   prompt 665/1000  seq_len=128 n_valid=111  23s  max||J||/sqrt(d)=3.289  max_d_mean=3.18e-03
[  4h52m + 28.80s]   prompt 666/1000  seq_len=128 n_valid=111  29s  max||J||/sqrt(d)=3.936  max_d_mean=3.81e-03
[  4h53m + 28.21s]   prompt 667/1000  seq_len=128 n_valid=111  28s  max||J||/sqrt(d)=4.178  max_d_mean=4.10e-03
[  4h53m + 24.79s]   prompt 668/1000  seq_len=128 n_valid=111  25s  max||J||/sqrt(d)=2.927  max_d_mean=2.72e-03
[  4h53m + 13.90s]   prompt 669/1000  seq_len=128 n_valid=111  14s  max||J||/sqrt(d)=3.786  max_d_mean=3.63e-03
[  4h54m + 14.70s]   prompt 670/1000  seq_len=128 n_valid=111  15s  max||J||/sqrt(d)=4.558  max_d_mean=4.39e-03
[  4h54m + 13.70s]   prompt 671/1000  seq_len=128 n_valid=111  14s  max||J||/sqrt(d)=3.070  max_d_mean=2.75e-03
[  4h54m + 18.20s]   prompt 672/1000  seq_len=128 n_valid=111  18s  max||J||/sqrt(d)=2.901  max_d_mean=2.51e-03
[  4h54m + 10.60s]   prompt 673/1000  seq_len=95 n_valid=78  11s  max||J||/sqrt(d)=3.119  max_d_mean=2.92e-03
[  4h55m + 18.40s]   prompt 674/1000  seq_len=128 n_valid=111  18s  max||J||/sqrt(d)=2.886  max_d_mean=2.55e-03
[  4h55m + 16.10s]   prompt 675/1000  seq_len=128 n_valid=111  16s  max||J||/sqrt(d)=3.561  max_d_mean=3.40e-03
[  4h55m + 16.30s]   prompt 676/1000  seq_len=128 n_valid=111  16s  max||J||/sqrt(d)=2.984  max_d_mean=2.76e-03
[  4h55m + 13.80s]   prompt 677/1000  seq_len=128 n_valid=111  14s  max||J||/sqrt(d)=2.642  max_d_mean=2.31e-03
[  4h56m + 12.81s]   prompt 678/1000  seq_len=128 n_valid=111  13s  max||J||/sqrt(d)=3.086  max_d_mean=2.76e-03
[  4h56m + 23.00s]   prompt 679/1000  seq_len=128 n_valid=111  23s  max||J||/sqrt(d)=3.215  max_d_mean=2.96e-03
[  4h56m + 16.40s]   prompt 680/1000  seq_len=128 n_valid=111  16s  max||J||/sqrt(d)=2.927  max_d_mean=2.69e-03
[  4h56m + 10.00s]   prompt 681/1000  seq_len=128 n_valid=111  10s  max||J||/sqrt(d)=3.182  max_d_mean=2.93e-03
[  4h57m + 16.90s]   prompt 682/1000  seq_len=128 n_valid=111  17s  max||J||/sqrt(d)=3.346  max_d_mean=3.08e-03
[  4h57m + 12.91s]   prompt 683/1000  seq_len=128 n_valid=111  13s  max||J||/sqrt(d)=3.077  max_d_mean=2.74e-03
[  4h57m +  9.29s]   prompt 684/1000  seq_len=128 n_valid=111  9s  max||J||/sqrt(d)=3.457  max_d_mean=3.16e-03
[  4h57m +  5.40s]   prompt 685/1000  seq_len=128 n_valid=111  5s  max||J||/sqrt(d)=3.223  max_d_mean=2.85e-03
[  4h57m + 12.10s]   prompt 686/1000  seq_len=128 n_valid=111  12s  max||J||/sqrt(d)=3.585  max_d_mean=3.31e-03
[  4h58m + 18.61s]   prompt 687/1000  seq_len=128 n_valid=111  19s  max||J||/sqrt(d)=3.944  max_d_mean=3.63e-03
[  4h58m + 16.60s]   prompt 688/1000  seq_len=128 n_valid=111  17s  max||J||/sqrt(d)=3.579  max_d_mean=3.18e-03
[  4h58m + 16.50s]   prompt 689/1000  seq_len=128 n_valid=111  16s  max||J||/sqrt(d)=2.890  max_d_mean=2.56e-03
[  4h58m + 17.50s]   prompt 690/1000  seq_len=96 n_valid=79  18s  max||J||/sqrt(d)=3.356  max_d_mean=3.02e-03
[  4h59m + 21.30s]   prompt 691/1000  seq_len=122 n_valid=105  21s  max||J||/sqrt(d)=3.208  max_d_mean=2.82e-03
[  4h59m + 19.00s]   prompt 692/1000  seq_len=128 n_valid=111  19s  max||J||/sqrt(d)=2.748  max_d_mean=2.35e-03
[  4h59m + 19.70s]   prompt 693/1000  seq_len=128 n_valid=111  20s  max||J||/sqrt(d)=2.888  max_d_mean=2.41e-03
[  5h00m +  8.70s]   prompt 694/1000  seq_len=128 n_valid=111  9s  max||J||/sqrt(d)=3.302  max_d_mean=2.84e-03
[  5h00m + 15.20s]   prompt 695/1000  seq_len=128 n_valid=111  15s  max||J||/sqrt(d)=2.959  max_d_mean=2.55e-03
[  5h00m + 19.30s]   prompt 696/1000  seq_len=128 n_valid=111  19s  max||J||/sqrt(d)=3.292  max_d_mean=2.90e-03
[  5h01m + 23.30s]   prompt 697/1000  seq_len=83 n_valid=66  23s  max||J||/sqrt(d)=3.004  max_d_mean=2.71e-03
[  5h01m + 22.60s]   prompt 698/1000  seq_len=128 n_valid=111  23s  max||J||/sqrt(d)=3.518  max_d_mean=3.15e-03
[  5h01m +  9.60s]   prompt 699/1000  seq_len=128 n_valid=111  10s  max||J||/sqrt(d)=2.945  max_d_mean=2.49e-03
[  5h01m + 18.00s]   prompt 700/1000  seq_len=128 n_valid=111  18s  max||J||/sqrt(d)=2.950  max_d_mean=2.55e-03
[  5h02m + 21.11s]   prompt 701/1000  seq_len=128 n_valid=111  21s  max||J||/sqrt(d)=2.529  max_d_mean=2.31e-03
[  5h02m +  8.50s]   prompt 702/1000  seq_len=93 n_valid=76  8s  max||J||/sqrt(d)=2.988  max_d_mean=2.72e-03
[  5h02m + 16.60s]   prompt 703/1000  seq_len=128 n_valid=111  17s  max||J||/sqrt(d)=3.522  max_d_mean=3.12e-03
[  5h03m + 18.30s]   prompt 704/1000  seq_len=128 n_valid=111  18s  max||J||/sqrt(d)=3.476  max_d_mean=3.04e-03
[  5h03m + 21.70s]   prompt 705/1000  seq_len=128 n_valid=111  22s  max||J||/sqrt(d)=2.627  max_d_mean=2.14e-03
[  5h03m + 15.30s]   prompt 706/1000  seq_len=128 n_valid=111  15s  max||J||/sqrt(d)=3.112  max_d_mean=2.69e-03
[  5h03m + 12.00s]   prompt 707/1000  seq_len=59 n_valid=42  12s  max||J||/sqrt(d)=3.749  max_d_mean=3.37e-03
[  5h04m + 27.39s]   prompt 708/1000  seq_len=65 n_valid=48  27s  max||J||/sqrt(d)=2.792  max_d_mean=2.50e-03
[  5h04m + 18.30s]   prompt 709/1000  seq_len=128 n_valid=111  18s  max||J||/sqrt(d)=2.618  max_d_mean=2.17e-03
[  5h04m + 17.90s]   prompt 710/1000  seq_len=128 n_valid=111  18s  max||J||/sqrt(d)=2.300  max_d_mean=1.88e-03
[  5h05m + 20.00s]   prompt 711/1000  seq_len=128 n_valid=111  20s  max||J||/sqrt(d)=3.007  max_d_mean=2.54e-03
[  5h05m + 16.90s]   prompt 712/1000  seq_len=124 n_valid=107  17s  max||J||/sqrt(d)=3.421  max_d_mean=2.90e-03
[  5h05m + 12.30s]   prompt 713/1000  seq_len=128 n_valid=111  12s  max||J||/sqrt(d)=2.945  max_d_mean=2.46e-03
[  5h05m + 15.50s]   prompt 714/1000  seq_len=114 n_valid=97  15s  max||J||/sqrt(d)=2.981  max_d_mean=2.56e-03
[  5h06m + 15.90s]   prompt 715/1000  seq_len=128 n_valid=111  16s  max||J||/sqrt(d)=3.256  max_d_mean=2.81e-03
[  5h06m + 11.80s]   prompt 716/1000  seq_len=119 n_valid=102  12s  max||J||/sqrt(d)=3.074  max_d_mean=2.70e-03
[  5h06m + 17.10s]   prompt 717/1000  seq_len=111 n_valid=94  17s  max||J||/sqrt(d)=3.400  max_d_mean=2.79e-03
[  5h06m + 11.60s]   prompt 718/1000  seq_len=70 n_valid=53  12s  max||J||/sqrt(d)=4.567  max_d_mean=4.13e-03
[  5h07m + 12.40s]   prompt 719/1000  seq_len=128 n_valid=111  12s  max||J||/sqrt(d)=2.747  max_d_mean=2.29e-03
[  5h07m + 16.70s]   prompt 720/1000  seq_len=96 n_valid=79  17s  max||J||/sqrt(d)=2.965  max_d_mean=2.47e-03
[  5h07m + 20.80s]   prompt 721/1000  seq_len=48 n_valid=31  21s  max||J||/sqrt(d)=2.791  max_d_mean=2.37e-03
[  5h07m + 15.00s]   prompt 722/1000  seq_len=89 n_valid=72  15s  max||J||/sqrt(d)=2.425  max_d_mean=1.92e-03
[  5h08m + 11.20s]   prompt 723/1000  seq_len=88 n_valid=71  11s  max||J||/sqrt(d)=3.312  max_d_mean=2.82e-03
[  5h08m + 12.50s]   prompt 724/1000  seq_len=128 n_valid=111  13s  max||J||/sqrt(d)=3.900  max_d_mean=3.50e-03
[  5h08m + 12.60s]   prompt 725/1000  seq_len=128 n_valid=111  13s  max||J||/sqrt(d)=3.023  max_d_mean=2.48e-03
[  5h08m +  9.00s]   prompt 726/1000  seq_len=128 n_valid=111  9s  max||J||/sqrt(d)=2.598  max_d_mean=2.15e-03
[  5h08m + 13.30s]   prompt 727/1000  seq_len=128 n_valid=111  13s  max||J||/sqrt(d)=4.579  max_d_mean=4.18e-03
[  5h09m + 21.80s]   prompt 728/1000  seq_len=128 n_valid=111  22s  max||J||/sqrt(d)=2.477  max_d_mean=2.01e-03
[  5h09m + 28.00s]   prompt 729/1000  seq_len=128 n_valid=111  28s  max||J||/sqrt(d)=2.451  max_d_mean=1.93e-03
[  5h10m + 28.10s]   prompt 730/1000  seq_len=128 n_valid=111  28s  max||J||/sqrt(d)=3.402  max_d_mean=2.90e-03
[  5h10m + 27.50s]   prompt 731/1000  seq_len=128 n_valid=111  28s  max||J||/sqrt(d)=3.565  max_d_mean=2.90e-03
[  5h11m + 29.30s]   prompt 732/1000  seq_len=128 n_valid=111  29s  max||J||/sqrt(d)=3.220  max_d_mean=2.68e-03
[  5h11m + 28.30s]   prompt 733/1000  seq_len=128 n_valid=111  28s  max||J||/sqrt(d)=2.661  max_d_mean=2.08e-03
[  5h12m + 28.40s]   prompt 734/1000  seq_len=128 n_valid=111  28s  max||J||/sqrt(d)=2.658  max_d_mean=2.16e-03
[  5h12m + 26.79s]   prompt 735/1000  seq_len=70 n_valid=53  27s  max||J||/sqrt(d)=2.263  max_d_mean=1.96e-03
[  5h12m + 22.80s]   prompt 736/1000  seq_len=109 n_valid=92  23s  max||J||/sqrt(d)=3.695  max_d_mean=2.93e-03
[  5h13m + 20.60s]   prompt 737/1000  seq_len=128 n_valid=111  21s  max||J||/sqrt(d)=2.910  max_d_mean=2.25e-03
[  5h13m + 23.60s]   prompt 738/1000  seq_len=37 n_valid=20  24s  max||J||/sqrt(d)=2.711  max_d_mean=2.38e-03
[  5h14m + 23.10s]   prompt 739/1000  seq_len=128 n_valid=111  23s  max||J||/sqrt(d)=2.680  max_d_mean=2.04e-03
[  5h14m + 22.01s]   prompt 740/1000  seq_len=127 n_valid=110  22s  max||J||/sqrt(d)=2.503  max_d_mean=1.97e-03
[  5h14m + 27.79s]   prompt 741/1000  seq_len=62 n_valid=45  28s  max||J||/sqrt(d)=2.547  max_d_mean=2.16e-03
[  5h15m + 26.60s]   prompt 742/1000  seq_len=128 n_valid=111  27s  max||J||/sqrt(d)=3.118  max_d_mean=2.44e-03
[  5h15m + 19.00s]   prompt 743/1000  seq_len=128 n_valid=111  19s  max||J||/sqrt(d)=3.413  max_d_mean=2.77e-03
[  5h16m + 21.70s]   prompt 744/1000  seq_len=125 n_valid=108  22s  max||J||/sqrt(d)=2.727  max_d_mean=2.09e-03
[  5h16m + 20.10s]   prompt 745/1000  seq_len=58 n_valid=41  20s  max||J||/sqrt(d)=3.479  max_d_mean=2.97e-03
[  5h16m + 11.90s]   prompt 746/1000  seq_len=128 n_valid=111  12s  max||J||/sqrt(d)=3.887  max_d_mean=3.39e-03
[  5h16m + 18.80s]   prompt 747/1000  seq_len=109 n_valid=92  19s  max||J||/sqrt(d)=3.287  max_d_mean=2.76e-03
[  5h17m + 19.20s]   prompt 748/1000  seq_len=128 n_valid=111  19s  max||J||/sqrt(d)=2.822  max_d_mean=2.21e-03
[  5h17m + 16.89s]   prompt 749/1000  seq_len=128 n_valid=111  17s  max||J||/sqrt(d)=3.146  max_d_mean=2.46e-03
[  5h17m + 18.20s]   prompt 750/1000  seq_len=113 n_valid=96  18s  max||J||/sqrt(d)=3.155  max_d_mean=2.48e-03
[  5h18m + 19.11s]   prompt 751/1000  seq_len=128 n_valid=111  19s  max||J||/sqrt(d)=2.853  max_d_mean=2.14e-03
[  5h18m +  5.50s]   prompt 752/1000  seq_len=128 n_valid=111  6s  max||J||/sqrt(d)=3.613  max_d_mean=3.22e-03
[  5h18m + 14.00s]   prompt 753/1000  seq_len=128 n_valid=111  14s  max||J||/sqrt(d)=4.802  max_d_mean=4.28e-03
[  5h18m + 12.40s]   prompt 754/1000  seq_len=128 n_valid=111  12s  max||J||/sqrt(d)=2.878  max_d_mean=2.43e-03
[  5h18m + 13.50s]   prompt 755/1000  seq_len=89 n_valid=72  13s  max||J||/sqrt(d)=2.950  max_d_mean=2.57e-03
[  5h19m + 24.60s]   prompt 756/1000  seq_len=128 n_valid=111  25s  max||J||/sqrt(d)=3.095  max_d_mean=2.48e-03
[  5h19m + 13.00s]   prompt 757/1000  seq_len=128 n_valid=111  13s  max||J||/sqrt(d)=4.279  max_d_mean=3.56e-03
[  5h19m +  7.60s]   prompt 758/1000  seq_len=128 n_valid=111  8s  max||J||/sqrt(d)=3.174  max_d_mean=2.48e-03
[  5h19m + 10.90s]   prompt 759/1000  seq_len=128 n_valid=111  11s  max||J||/sqrt(d)=4.071  max_d_mean=3.51e-03
[  5h19m + 10.40s]   prompt 760/1000  seq_len=128 n_valid=111  10s  max||J||/sqrt(d)=3.360  max_d_mean=2.72e-03
[  5h20m + 14.30s]   prompt 761/1000  seq_len=128 n_valid=111  14s  max||J||/sqrt(d)=2.942  max_d_mean=2.34e-03
[  5h20m + 13.50s]   prompt 762/1000  seq_len=128 n_valid=111  13s  max||J||/sqrt(d)=2.713  max_d_mean=2.00e-03
[  5h20m + 19.10s]   prompt 763/1000  seq_len=128 n_valid=111  19s  max||J||/sqrt(d)=3.884  max_d_mean=3.43e-03
[  5h21m + 14.90s]   prompt 764/1000  seq_len=128 n_valid=111  15s  max||J||/sqrt(d)=2.955  max_d_mean=2.34e-03
[  5h21m + 17.60s]   prompt 765/1000  seq_len=128 n_valid=111  18s  max||J||/sqrt(d)=3.777  max_d_mean=2.97e-03
[  5h21m + 12.90s]   prompt 766/1000  seq_len=128 n_valid=111  13s  max||J||/sqrt(d)=3.049  max_d_mean=2.50e-03
[  5h21m + 11.10s]   prompt 767/1000  seq_len=128 n_valid=111  11s  max||J||/sqrt(d)=4.115  max_d_mean=3.45e-03
[  5h21m +  7.90s]   prompt 768/1000  seq_len=90 n_valid=73  8s  max||J||/sqrt(d)=3.995  max_d_mean=3.31e-03
[  5h22m + 14.40s]   prompt 769/1000  seq_len=128 n_valid=111  14s  max||J||/sqrt(d)=3.240  max_d_mean=2.75e-03
[  5h22m + 12.70s]   prompt 770/1000  seq_len=93 n_valid=76  13s  max||J||/sqrt(d)=4.393  max_d_mean=3.59e-03
[  5h22m + 16.41s]   prompt 771/1000  seq_len=71 n_valid=54  16s  max||J||/sqrt(d)=3.828  max_d_mean=3.19e-03
[  5h22m + 14.59s]   prompt 772/1000  seq_len=74 n_valid=57  15s  max||J||/sqrt(d)=2.523  max_d_mean=2.20e-03
[  5h22m + 10.81s]   prompt 773/1000  seq_len=128 n_valid=111  11s  max||J||/sqrt(d)=2.891  max_d_mean=2.26e-03
[  5h23m + 15.99s]   prompt 774/1000  seq_len=118 n_valid=101  16s  max||J||/sqrt(d)=3.161  max_d_mean=2.50e-03
[  5h23m + 22.80s]   prompt 775/1000  seq_len=128 n_valid=111  23s  max||J||/sqrt(d)=3.750  max_d_mean=3.08e-03
[  5h23m + 18.31s]   prompt 776/1000  seq_len=128 n_valid=111  18s  max||J||/sqrt(d)=4.127  max_d_mean=3.42e-03
[  5h24m + 16.40s]   prompt 777/1000  seq_len=128 n_valid=111  16s  max||J||/sqrt(d)=3.557  max_d_mean=2.94e-03
[  5h24m + 17.00s]   prompt 778/1000  seq_len=128 n_valid=111  17s  max||J||/sqrt(d)=3.928  max_d_mean=3.14e-03
[  5h24m +  9.50s]   prompt 779/1000  seq_len=128 n_valid=111  9s  max||J||/sqrt(d)=4.640  max_d_mean=3.87e-03
[  5h24m + 16.50s]   prompt 780/1000  seq_len=128 n_valid=111  17s  max||J||/sqrt(d)=2.929  max_d_mean=2.34e-03
[  5h25m + 17.81s]   prompt 781/1000  seq_len=128 n_valid=111  18s  max||J||/sqrt(d)=4.087  max_d_mean=3.43e-03
[  5h25m + 10.59s]   prompt 782/1000  seq_len=128 n_valid=111  11s  max||J||/sqrt(d)=3.792  max_d_mean=3.15e-03
[  5h25m + 17.10s]   prompt 783/1000  seq_len=128 n_valid=111  17s  max||J||/sqrt(d)=3.130  max_d_mean=2.44e-03
[  5h25m + 17.80s]   prompt 784/1000  seq_len=128 n_valid=111  18s  max||J||/sqrt(d)=4.917  max_d_mean=4.16e-03
[  5h26m + 21.01s]   prompt 785/1000  seq_len=128 n_valid=111  21s  max||J||/sqrt(d)=4.654  max_d_mean=3.86e-03
[  5h26m + 19.60s]   prompt 786/1000  seq_len=120 n_valid=103  20s  max||J||/sqrt(d)=3.279  max_d_mean=2.63e-03
[  5h26m + 16.00s]   prompt 787/1000  seq_len=128 n_valid=111  16s  max||J||/sqrt(d)=3.414  max_d_mean=2.71e-03
[  5h27m + 16.90s]   prompt 788/1000  seq_len=128 n_valid=111  17s  max||J||/sqrt(d)=2.977  max_d_mean=2.42e-03
[  5h27m +  8.90s]   prompt 789/1000  seq_len=128 n_valid=111  9s  max||J||/sqrt(d)=5.080  max_d_mean=4.29e-03
[  5h27m + 23.70s]   prompt 790/1000  seq_len=128 n_valid=111  24s  max||J||/sqrt(d)=3.230  max_d_mean=2.57e-03
[  5h27m + 12.50s]   prompt 791/1000  seq_len=128 n_valid=111  13s  max||J||/sqrt(d)=3.402  max_d_mean=2.66e-03
[  5h28m + 12.90s]   prompt 792/1000  seq_len=128 n_valid=111  13s  max||J||/sqrt(d)=3.125  max_d_mean=2.53e-03
[  5h28m + 10.30s]   prompt 793/1000  seq_len=128 n_valid=111  10s  max||J||/sqrt(d)=3.740  max_d_mean=2.89e-03
[  5h28m + 16.40s]   prompt 794/1000  seq_len=128 n_valid=111  16s  max||J||/sqrt(d)=4.481  max_d_mean=3.60e-03
[  5h28m + 15.10s]   prompt 795/1000  seq_len=128 n_valid=111  15s  max||J||/sqrt(d)=3.855  max_d_mean=3.03e-03
[  5h29m + 18.70s]   prompt 796/1000  seq_len=118 n_valid=101  19s  max||J||/sqrt(d)=3.882  max_d_mean=3.16e-03
[  5h29m +  9.10s]   prompt 797/1000  seq_len=128 n_valid=111  9s  max||J||/sqrt(d)=3.922  max_d_mean=3.13e-03
[  5h29m + 16.30s]   prompt 798/1000  seq_len=128 n_valid=111  16s  max||J||/sqrt(d)=3.117  max_d_mean=2.45e-03
[  5h29m + 18.11s]   prompt 799/1000  seq_len=128 n_valid=111  18s  max||J||/sqrt(d)=3.904  max_d_mean=3.06e-03
[  5h30m + 25.69s]   prompt 800/1000  seq_len=128 n_valid=111  26s  max||J||/sqrt(d)=3.129  max_d_mean=2.44e-03
[  5h30m + 11.90s]   prompt 801/1000  seq_len=128 n_valid=111  12s  max||J||/sqrt(d)=3.398  max_d_mean=2.64e-03
[  5h30m + 21.40s]   prompt 802/1000  seq_len=128 n_valid=111  21s  max||J||/sqrt(d)=3.843  max_d_mean=3.00e-03
[  5h31m + 20.70s]   prompt 803/1000  seq_len=128 n_valid=111  21s  max||J||/sqrt(d)=3.909  max_d_mean=3.10e-03
[  5h31m + 20.60s]   prompt 804/1000  seq_len=128 n_valid=111  21s  max||J||/sqrt(d)=3.613  max_d_mean=2.82e-03
[  5h31m + 13.90s]   prompt 805/1000  seq_len=128 n_valid=111  14s  max||J||/sqrt(d)=3.367  max_d_mean=2.63e-03
[  5h32m + 19.30s]   prompt 806/1000  seq_len=128 n_valid=111  19s  max||J||/sqrt(d)=2.761  max_d_mean=2.06e-03
[  5h32m + 20.50s]   prompt 807/1000  seq_len=128 n_valid=111  21s  max||J||/sqrt(d)=4.422  max_d_mean=3.52e-03
[  5h32m + 11.10s]   prompt 808/1000  seq_len=79 n_valid=62  11s  max||J||/sqrt(d)=2.925  max_d_mean=2.31e-03
[  5h32m +  8.20s]   prompt 809/1000  seq_len=128 n_valid=111  8s  max||J||/sqrt(d)=3.933  max_d_mean=3.10e-03
[  5h33m + 14.20s]   prompt 810/1000  seq_len=128 n_valid=111  14s  max||J||/sqrt(d)=3.652  max_d_mean=2.79e-03
[  5h33m + 24.00s]   prompt 811/1000  seq_len=121 n_valid=104  24s  max||J||/sqrt(d)=3.140  max_d_mean=2.29e-03
[  5h33m + 12.50s]   prompt 812/1000  seq_len=126 n_valid=109  12s  max||J||/sqrt(d)=2.919  max_d_mean=2.13e-03
[  5h34m + 21.00s]   prompt 813/1000  seq_len=128 n_valid=111  21s  max||J||/sqrt(d)=2.497  max_d_mean=1.80e-03
[  5h34m + 23.90s]   prompt 814/1000  seq_len=128 n_valid=111  24s  max||J||/sqrt(d)=3.546  max_d_mean=2.68e-03
[  5h34m +  9.70s]   prompt 815/1000  seq_len=116 n_valid=99  10s  max||J||/sqrt(d)=2.779  max_d_mean=1.95e-03
[  5h34m + 14.20s]   prompt 816/1000  seq_len=128 n_valid=111  14s  max||J||/sqrt(d)=2.523  max_d_mean=1.89e-03
[  5h35m + 18.40s]   prompt 817/1000  seq_len=128 n_valid=111  18s  max||J||/sqrt(d)=2.731  max_d_mean=1.90e-03
[  5h35m + 13.00s]   prompt 818/1000  seq_len=128 n_valid=111  13s  max||J||/sqrt(d)=3.430  max_d_mean=2.52e-03
[  5h35m + 18.80s]   prompt 819/1000  seq_len=128 n_valid=111  19s  max||J||/sqrt(d)=4.230  max_d_mean=3.34e-03
[  5h35m +  8.90s]   prompt 820/1000  seq_len=128 n_valid=111  9s  max||J||/sqrt(d)=4.881  max_d_mean=3.88e-03
[  5h35m + 12.60s]   prompt 821/1000  seq_len=115 n_valid=98  13s  max||J||/sqrt(d)=5.115  max_d_mean=4.07e-03
[  5h36m + 22.11s]   prompt 822/1000  seq_len=128 n_valid=111  22s  max||J||/sqrt(d)=3.029  max_d_mean=2.16e-03
[  5h36m + 11.50s]   prompt 823/1000  seq_len=128 n_valid=111  11s  max||J||/sqrt(d)=3.390  max_d_mean=2.50e-03
[  5h36m + 12.50s]   prompt 824/1000  seq_len=128 n_valid=111  12s  max||J||/sqrt(d)=3.789  max_d_mean=2.81e-03
[  5h37m + 16.40s]   prompt 825/1000  seq_len=128 n_valid=111  16s  max||J||/sqrt(d)=3.187  max_d_mean=2.28e-03
[  5h37m + 20.10s]   prompt 826/1000  seq_len=128 n_valid=111  20s  max||J||/sqrt(d)=2.736  max_d_mean=1.96e-03
[  5h37m + 20.50s]   prompt 827/1000  seq_len=106 n_valid=89  20s  max||J||/sqrt(d)=3.818  max_d_mean=2.96e-03
[  5h38m + 22.10s]   prompt 828/1000  seq_len=105 n_valid=88  22s  max||J||/sqrt(d)=4.133  max_d_mean=3.09e-03
[  5h38m +  9.10s]   prompt 829/1000  seq_len=95 n_valid=78  9s  max||J||/sqrt(d)=2.784  max_d_mean=1.98e-03
[  5h38m + 20.10s]   prompt 830/1000  seq_len=128 n_valid=111  20s  max||J||/sqrt(d)=4.245  max_d_mean=3.24e-03
[  5h38m + 10.90s]   prompt 831/1000  seq_len=128 n_valid=111  11s  max||J||/sqrt(d)=3.312  max_d_mean=2.44e-03
[  5h39m + 25.90s]   prompt 832/1000  seq_len=124 n_valid=107  26s  max||J||/sqrt(d)=3.385  max_d_mean=2.50e-03
[  5h39m + 20.41s]   prompt 833/1000  seq_len=128 n_valid=111  20s  max||J||/sqrt(d)=3.111  max_d_mean=2.27e-03
[  5h39m + 13.30s]   prompt 834/1000  seq_len=109 n_valid=92  13s  max||J||/sqrt(d)=3.208  max_d_mean=2.46e-03
[  5h39m + 11.70s]   prompt 835/1000  seq_len=88 n_valid=71  12s  max||J||/sqrt(d)=4.148  max_d_mean=3.17e-03
[  5h40m +  6.10s]   prompt 836/1000  seq_len=116 n_valid=99  6s  max||J||/sqrt(d)=2.623  max_d_mean=1.90e-03
[  5h40m + 14.30s]   prompt 837/1000  seq_len=128 n_valid=111  14s  max||J||/sqrt(d)=3.005  max_d_mean=2.27e-03
[  5h40m + 15.40s]   prompt 838/1000  seq_len=128 n_valid=111  15s  max||J||/sqrt(d)=3.782  max_d_mean=2.79e-03
[  5h40m +  7.80s]   prompt 839/1000  seq_len=128 n_valid=111  8s  max||J||/sqrt(d)=3.469  max_d_mean=2.56e-03
[  5h41m + 22.20s]   prompt 840/1000  seq_len=87 n_valid=70  22s  max||J||/sqrt(d)=4.358  max_d_mean=3.37e-03
[  5h41m + 16.70s]   prompt 841/1000  seq_len=128 n_valid=111  17s  max||J||/sqrt(d)=3.163  max_d_mean=2.26e-03
[  5h41m + 10.80s]   prompt 842/1000  seq_len=128 n_valid=111  11s  max||J||/sqrt(d)=3.419  max_d_mean=2.37e-03
[  5h41m + 15.20s]   prompt 843/1000  seq_len=126 n_valid=109  15s  max||J||/sqrt(d)=3.386  max_d_mean=2.54e-03
[  5h41m + 14.81s]   prompt 844/1000  seq_len=128 n_valid=111  15s  max||J||/sqrt(d)=3.467  max_d_mean=2.52e-03
[  5h42m + 16.29s]   prompt 845/1000  seq_len=77 n_valid=60  16s  max||J||/sqrt(d)=4.701  max_d_mean=3.61e-03
[  5h42m +  6.40s]   prompt 846/1000  seq_len=128 n_valid=111  6s  max||J||/sqrt(d)=2.546  max_d_mean=1.81e-03
[  5h42m + 17.30s]   prompt 847/1000  seq_len=128 n_valid=111  17s  max||J||/sqrt(d)=3.498  max_d_mean=2.59e-03
[  5h43m + 24.80s]   prompt 848/1000  seq_len=128 n_valid=111  25s  max||J||/sqrt(d)=2.787  max_d_mean=1.96e-03
[  5h43m + 20.11s]   prompt 849/1000  seq_len=128 n_valid=111  20s  max||J||/sqrt(d)=2.801  max_d_mean=1.99e-03
[  5h43m + 14.70s]   prompt 850/1000  seq_len=128 n_valid=111  15s  max||J||/sqrt(d)=4.552  max_d_mean=3.47e-03
[  5h43m + 18.00s]   prompt 851/1000  seq_len=128 n_valid=111  18s  max||J||/sqrt(d)=2.522  max_d_mean=1.71e-03
[  5h44m + 18.60s]   prompt 852/1000  seq_len=128 n_valid=111  19s  max||J||/sqrt(d)=3.053  max_d_mean=2.14e-03
[  5h44m + 23.70s]   prompt 853/1000  seq_len=128 n_valid=111  24s  max||J||/sqrt(d)=3.083  max_d_mean=2.16e-03
[  5h45m + 21.30s]   prompt 854/1000  seq_len=128 n_valid=111  21s  max||J||/sqrt(d)=2.805  max_d_mean=1.96e-03
[  5h45m + 26.80s]   prompt 855/1000  seq_len=128 n_valid=111  27s  max||J||/sqrt(d)=2.850  max_d_mean=2.08e-03
[  5h45m + 20.21s]   prompt 856/1000  seq_len=128 n_valid=111  20s  max||J||/sqrt(d)=3.464  max_d_mean=2.52e-03
[  5h46m + 20.40s]   prompt 857/1000  seq_len=128 n_valid=111  20s  max||J||/sqrt(d)=4.310  max_d_mean=3.18e-03
[  5h46m + 16.70s]   prompt 858/1000  seq_len=69 n_valid=52  17s  max||J||/sqrt(d)=2.851  max_d_mean=2.06e-03
[  5h46m + 12.50s]   prompt 859/1000  seq_len=128 n_valid=111  12s  max||J||/sqrt(d)=4.221  max_d_mean=3.14e-03
[  5h46m + 12.10s]   prompt 860/1000  seq_len=128 n_valid=111  12s  max||J||/sqrt(d)=3.332  max_d_mean=2.42e-03
[  5h47m + 17.90s]   prompt 861/1000  seq_len=128 n_valid=111  18s  max||J||/sqrt(d)=2.960  max_d_mean=2.18e-03
[  5h47m +  4.90s]   prompt 862/1000  seq_len=128 n_valid=111  5s  max||J||/sqrt(d)=5.316  max_d_mean=4.01e-03
[  5h47m + 10.11s]   prompt 863/1000  seq_len=64 n_valid=47  10s  max||J||/sqrt(d)=3.757  max_d_mean=2.86e-03
[  5h47m + 13.70s]   prompt 864/1000  seq_len=128 n_valid=111  14s  max||J||/sqrt(d)=3.248  max_d_mean=2.31e-03
[  5h47m + 10.20s]   prompt 865/1000  seq_len=128 n_valid=111  10s  max||J||/sqrt(d)=3.308  max_d_mean=2.32e-03
[  5h47m +  8.20s]   prompt 866/1000  seq_len=128 n_valid=111  8s  max||J||/sqrt(d)=4.113  max_d_mean=2.98e-03
[  5h47m +  5.10s]   prompt 867/1000  seq_len=128 n_valid=111  5s  max||J||/sqrt(d)=3.428  max_d_mean=2.45e-03
[  5h48m + 10.90s]   prompt 868/1000  seq_len=128 n_valid=111  11s  max||J||/sqrt(d)=3.838  max_d_mean=2.78e-03
[  5h48m + 14.80s]   prompt 869/1000  seq_len=128 n_valid=111  15s  max||J||/sqrt(d)=3.166  max_d_mean=2.26e-03
[  5h48m + 19.10s]   prompt 870/1000  seq_len=128 n_valid=111  19s  max||J||/sqrt(d)=3.100  max_d_mean=2.10e-03
[  5h48m + 11.00s]   prompt 871/1000  seq_len=128 n_valid=111  11s  max||J||/sqrt(d)=3.570  max_d_mean=2.51e-03
[  5h49m +  5.70s]   prompt 872/1000  seq_len=128 n_valid=111  6s  max||J||/sqrt(d)=2.716  max_d_mean=1.92e-03
[  5h49m +  9.50s]   prompt 873/1000  seq_len=109 n_valid=92  9s  max||J||/sqrt(d)=2.915  max_d_mean=2.03e-03
[  5h49m + 11.90s]   prompt 874/1000  seq_len=128 n_valid=111  12s  max||J||/sqrt(d)=2.972  max_d_mean=2.01e-03
[  5h49m + 20.50s]   prompt 875/1000  seq_len=128 n_valid=111  20s  max||J||/sqrt(d)=3.533  max_d_mean=2.45e-03
[  5h49m + 15.50s]   prompt 876/1000  seq_len=128 n_valid=111  15s  max||J||/sqrt(d)=3.754  max_d_mean=2.56e-03
[  5h50m +  9.30s]   prompt 877/1000  seq_len=69 n_valid=52  9s  max||J||/sqrt(d)=3.857  max_d_mean=2.81e-03
[  5h50m + 12.30s]   prompt 878/1000  seq_len=101 n_valid=84  12s  max||J||/sqrt(d)=2.939  max_d_mean=2.02e-03
[  5h50m +  8.00s]   prompt 879/1000  seq_len=104 n_valid=87  8s  max||J||/sqrt(d)=2.730  max_d_mean=1.87e-03
[  5h50m + 12.50s]   prompt 880/1000  seq_len=118 n_valid=101  13s  max||J||/sqrt(d)=2.577  max_d_mean=1.87e-03
[  5h50m + 17.10s]   prompt 881/1000  seq_len=56 n_valid=39  17s  max||J||/sqrt(d)=4.396  max_d_mean=3.36e-03
[  5h51m + 13.40s]   prompt 882/1000  seq_len=128 n_valid=111  13s  max||J||/sqrt(d)=2.964  max_d_mean=2.08e-03
[  5h51m +  9.90s]   prompt 883/1000  seq_len=128 n_valid=111  10s  max||J||/sqrt(d)=2.642  max_d_mean=1.82e-03
[  5h51m +  6.30s]   prompt 884/1000  seq_len=66 n_valid=49  6s  max||J||/sqrt(d)=3.706  max_d_mean=2.82e-03
[  5h51m + 11.80s]   prompt 885/1000  seq_len=80 n_valid=63  12s  max||J||/sqrt(d)=4.076  max_d_mean=2.92e-03
[  5h51m + 13.40s]   prompt 886/1000  seq_len=128 n_valid=111  13s  max||J||/sqrt(d)=3.531  max_d_mean=2.39e-03
[  5h52m + 19.20s]   prompt 887/1000  seq_len=128 n_valid=111  19s  max||J||/sqrt(d)=3.049  max_d_mean=1.99e-03
[  5h52m + 14.40s]   prompt 888/1000  seq_len=128 n_valid=111  14s  max||J||/sqrt(d)=3.113  max_d_mean=2.20e-03
[  5h52m + 14.00s]   prompt 889/1000  seq_len=86 n_valid=69  14s  max||J||/sqrt(d)=3.658  max_d_mean=2.59e-03
[  5h52m +  7.80s]   prompt 890/1000  seq_len=84 n_valid=67  8s  max||J||/sqrt(d)=3.622  max_d_mean=2.74e-03
[  5h52m + 10.60s]   prompt 891/1000  seq_len=128 n_valid=111  11s  max||J||/sqrt(d)=3.504  max_d_mean=2.32e-03
[  5h53m + 10.20s]   prompt 892/1000  seq_len=128 n_valid=111  10s  max||J||/sqrt(d)=3.139  max_d_mean=2.15e-03
[  5h53m +  6.40s]   prompt 893/1000  seq_len=128 n_valid=111  6s  max||J||/sqrt(d)=3.274  max_d_mean=2.21e-03
[  5h53m + 17.20s]   prompt 894/1000  seq_len=125 n_valid=108  17s  max||J||/sqrt(d)=2.777  max_d_mean=1.82e-03
[  5h53m + 11.00s]   prompt 895/1000  seq_len=94 n_valid=77  11s  max||J||/sqrt(d)=2.873  max_d_mean=1.98e-03
[  5h53m + 14.30s]   prompt 896/1000  seq_len=128 n_valid=111  14s  max||J||/sqrt(d)=2.500  max_d_mean=1.68e-03
[  5h54m + 14.50s]   prompt 897/1000  seq_len=128 n_valid=111  14s  max||J||/sqrt(d)=2.637  max_d_mean=1.82e-03
[  5h54m + 11.40s]   prompt 898/1000  seq_len=128 n_valid=111  11s  max||J||/sqrt(d)=3.516  max_d_mean=2.50e-03
[  5h54m + 18.50s]   prompt 899/1000  seq_len=128 n_valid=111  18s  max||J||/sqrt(d)=3.747  max_d_mean=2.58e-03
[  5h55m + 21.71s]   prompt 900/1000  seq_len=128 n_valid=111  22s  max||J||/sqrt(d)=3.431  max_d_mean=2.31e-03
[  5h55m + 18.60s]   prompt 901/1000  seq_len=128 n_valid=111  18s  max||J||/sqrt(d)=3.070  max_d_mean=2.16e-03
[  5h55m +  6.00s]   prompt 902/1000  seq_len=128 n_valid=111  6s  max||J||/sqrt(d)=3.437  max_d_mean=2.27e-03
[  5h55m + 11.20s]   prompt 903/1000  seq_len=128 n_valid=111  11s  max||J||/sqrt(d)=3.017  max_d_mean=2.02e-03
[  5h55m +  7.80s]   prompt 904/1000  seq_len=128 n_valid=111  8s  max||J||/sqrt(d)=3.958  max_d_mean=2.78e-03
[  5h56m + 18.00s]   prompt 905/1000  seq_len=128 n_valid=111  18s  max||J||/sqrt(d)=2.971  max_d_mean=1.85e-03
[  5h56m + 23.70s]   prompt 906/1000  seq_len=128 n_valid=111  24s  max||J||/sqrt(d)=3.758  max_d_mean=2.71e-03
[  5h56m + 19.90s]   prompt 907/1000  seq_len=128 n_valid=111  20s  max||J||/sqrt(d)=2.758  max_d_mean=1.80e-03
[  5h57m + 15.21s]   prompt 908/1000  seq_len=128 n_valid=111  15s  max||J||/sqrt(d)=3.015  max_d_mean=2.07e-03
[  5h57m + 12.30s]   prompt 909/1000  seq_len=128 n_valid=111  12s  max||J||/sqrt(d)=3.522  max_d_mean=2.43e-03
[  5h57m + 13.50s]   prompt 910/1000  seq_len=128 n_valid=111  14s  max||J||/sqrt(d)=3.235  max_d_mean=2.25e-03
[  5h57m + 10.40s]   prompt 911/1000  seq_len=128 n_valid=111  10s  max||J||/sqrt(d)=3.451  max_d_mean=2.34e-03
[  5h57m + 10.30s]   prompt 912/1000  seq_len=128 n_valid=111  10s  max||J||/sqrt(d)=2.852  max_d_mean=1.84e-03
[  5h58m + 13.00s]   prompt 913/1000  seq_len=128 n_valid=111  13s  max||J||/sqrt(d)=3.491  max_d_mean=2.42e-03
[  5h58m + 16.00s]   prompt 914/1000  seq_len=128 n_valid=111  16s  max||J||/sqrt(d)=3.321  max_d_mean=2.24e-03
[  5h58m + 15.80s]   prompt 915/1000  seq_len=128 n_valid=111  16s  max||J||/sqrt(d)=3.131  max_d_mean=2.18e-03
[  5h58m + 15.59s]   prompt 916/1000  seq_len=128 n_valid=111  16s  max||J||/sqrt(d)=3.401  max_d_mean=2.25e-03
[  5h59m + 19.50s]   prompt 917/1000  seq_len=128 n_valid=111  19s  max||J||/sqrt(d)=3.584  max_d_mean=2.41e-03
[  5h59m + 17.00s]   prompt 918/1000  seq_len=128 n_valid=111  17s  max||J||/sqrt(d)=2.714  max_d_mean=1.77e-03
[  5h59m + 19.60s]   prompt 919/1000  seq_len=128 n_valid=111  20s  max||J||/sqrt(d)=3.082  max_d_mean=2.05e-03
[  6h00m + 15.80s]   prompt 920/1000  seq_len=128 n_valid=111  16s  max||J||/sqrt(d)=2.958  max_d_mean=1.97e-03
[  6h00m + 13.50s]   prompt 921/1000  seq_len=128 n_valid=111  14s  max||J||/sqrt(d)=2.891  max_d_mean=1.90e-03
[  6h00m +  6.80s]   prompt 922/1000  seq_len=128 n_valid=111  7s  max||J||/sqrt(d)=2.506  max_d_mean=1.67e-03
[  6h00m + 24.60s]   prompt 923/1000  seq_len=128 n_valid=111  25s  max||J||/sqrt(d)=2.891  max_d_mean=1.82e-03
[  6h01m + 15.70s]   prompt 924/1000  seq_len=112 n_valid=95  16s  max||J||/sqrt(d)=3.159  max_d_mean=2.13e-03
[  6h01m +  9.80s]   prompt 925/1000  seq_len=128 n_valid=111  10s  max||J||/sqrt(d)=3.145  max_d_mean=2.15e-03
[  6h01m + 14.20s]   prompt 926/1000  seq_len=62 n_valid=45  14s  max||J||/sqrt(d)=3.736  max_d_mean=2.50e-03
[  6h01m + 19.30s]   prompt 927/1000  seq_len=128 n_valid=111  19s  max||J||/sqrt(d)=3.454  max_d_mean=2.31e-03
[  6h02m + 13.50s]   prompt 928/1000  seq_len=128 n_valid=111  13s  max||J||/sqrt(d)=2.969  max_d_mean=1.94e-03
[  6h02m + 11.50s]   prompt 929/1000  seq_len=128 n_valid=111  11s  max||J||/sqrt(d)=2.639  max_d_mean=1.71e-03
[  6h02m +  8.90s]   prompt 930/1000  seq_len=128 n_valid=111  9s  max||J||/sqrt(d)=3.608  max_d_mean=2.41e-03
[  6h02m + 17.20s]   prompt 931/1000  seq_len=128 n_valid=111  17s  max||J||/sqrt(d)=2.880  max_d_mean=1.95e-03
[  6h02m + 16.00s]   prompt 932/1000  seq_len=128 n_valid=111  16s  max||J||/sqrt(d)=3.767  max_d_mean=2.58e-03
[  6h03m + 15.30s]   prompt 933/1000  seq_len=128 n_valid=111  15s  max||J||/sqrt(d)=3.574  max_d_mean=2.43e-03
[  6h03m + 17.19s]   prompt 934/1000  seq_len=128 n_valid=111  17s  max||J||/sqrt(d)=3.060  max_d_mean=2.06e-03
[  6h03m +  9.90s]   prompt 935/1000  seq_len=128 n_valid=111  10s  max||J||/sqrt(d)=3.251  max_d_mean=2.07e-03
[  6h03m + 14.30s]   prompt 936/1000  seq_len=106 n_valid=89  14s  max||J||/sqrt(d)=3.195  max_d_mean=2.15e-03
[  6h04m + 17.50s]   prompt 937/1000  seq_len=128 n_valid=111  17s  max||J||/sqrt(d)=3.332  max_d_mean=2.19e-03
[  6h04m +  7.61s]   prompt 938/1000  seq_len=125 n_valid=108  8s  max||J||/sqrt(d)=3.516  max_d_mean=2.33e-03
[  6h04m + 15.10s]   prompt 939/1000  seq_len=128 n_valid=111  15s  max||J||/sqrt(d)=3.740  max_d_mean=2.50e-03
[  6h04m + 14.00s]   prompt 940/1000  seq_len=128 n_valid=111  14s  max||J||/sqrt(d)=3.745  max_d_mean=2.63e-03
[  6h05m + 22.51s]   prompt 941/1000  seq_len=128 n_valid=111  23s  max||J||/sqrt(d)=3.577  max_d_mean=2.43e-03
[  6h05m +  9.00s]   prompt 942/1000  seq_len=128 n_valid=111  9s  max||J||/sqrt(d)=3.523  max_d_mean=2.38e-03
[  6h05m + 10.10s]   prompt 943/1000  seq_len=128 n_valid=111  10s  max||J||/sqrt(d)=2.976  max_d_mean=1.98e-03
[  6h05m + 12.00s]   prompt 944/1000  seq_len=128 n_valid=111  12s  max||J||/sqrt(d)=3.149  max_d_mean=2.01e-03
[  6h05m + 16.50s]   prompt 945/1000  seq_len=128 n_valid=111  17s  max||J||/sqrt(d)=3.010  max_d_mean=1.95e-03
[  6h06m + 22.70s]   prompt 946/1000  seq_len=128 n_valid=111  23s  max||J||/sqrt(d)=3.320  max_d_mean=2.21e-03
[  6h06m + 17.21s]   prompt 947/1000  seq_len=128 n_valid=111  17s  max||J||/sqrt(d)=3.492  max_d_mean=2.25e-03
[  6h06m + 17.89s]   prompt 948/1000  seq_len=49 n_valid=32  18s  max||J||/sqrt(d)=4.067  max_d_mean=2.86e-03
[  6h07m + 16.10s]   prompt 949/1000  seq_len=128 n_valid=111  16s  max||J||/sqrt(d)=7.679  max_d_mean=5.46e-03
[  6h07m + 10.90s]   prompt 950/1000  seq_len=128 n_valid=111  11s  max||J||/sqrt(d)=3.756  max_d_mean=2.47e-03
[  6h07m + 15.40s]   prompt 951/1000  seq_len=128 n_valid=111  15s  max||J||/sqrt(d)=2.968  max_d_mean=1.92e-03
[  6h07m + 12.00s]   prompt 952/1000  seq_len=94 n_valid=77  12s  max||J||/sqrt(d)=2.926  max_d_mean=1.91e-03
[  6h08m + 14.60s]   prompt 953/1000  seq_len=117 n_valid=100  15s  max||J||/sqrt(d)=3.198  max_d_mean=2.11e-03
[  6h08m + 19.00s]   prompt 954/1000  seq_len=128 n_valid=111  19s  max||J||/sqrt(d)=4.316  max_d_mean=2.95e-03
[  6h08m + 17.30s]   prompt 955/1000  seq_len=128 n_valid=111  17s  max||J||/sqrt(d)=3.577  max_d_mean=2.42e-03
[  6h08m + 12.00s]   prompt 956/1000  seq_len=128 n_valid=111  12s  max||J||/sqrt(d)=2.980  max_d_mean=1.84e-03
[  6h09m + 14.10s]   prompt 957/1000  seq_len=128 n_valid=111  14s  max||J||/sqrt(d)=3.677  max_d_mean=2.31e-03
[  6h09m +  5.90s]   prompt 958/1000  seq_len=109 n_valid=92  6s  max||J||/sqrt(d)=3.557  max_d_mean=2.29e-03
[  6h09m +  9.90s]   prompt 959/1000  seq_len=128 n_valid=111  10s  max||J||/sqrt(d)=4.356  max_d_mean=2.93e-03
[  6h09m + 10.60s]   prompt 960/1000  seq_len=128 n_valid=111  11s  max||J||/sqrt(d)=3.733  max_d_mean=2.52e-03
[  6h09m + 10.20s]   prompt 961/1000  seq_len=128 n_valid=111  10s  max||J||/sqrt(d)=3.253  max_d_mean=2.05e-03
[  6h09m + 16.00s]   prompt 962/1000  seq_len=128 n_valid=111  16s  max||J||/sqrt(d)=3.111  max_d_mean=2.09e-03
[  6h10m +  8.40s]   prompt 963/1000  seq_len=128 n_valid=111  8s  max||J||/sqrt(d)=2.705  max_d_mean=1.68e-03
[  6h10m + 13.10s]   prompt 964/1000  seq_len=104 n_valid=87  13s  max||J||/sqrt(d)=4.077  max_d_mean=2.65e-03
[  6h10m + 16.80s]   prompt 965/1000  seq_len=128 n_valid=111  17s  max||J||/sqrt(d)=3.580  max_d_mean=2.38e-03
[  6h10m + 11.00s]   prompt 966/1000  seq_len=128 n_valid=111  11s  max||J||/sqrt(d)=3.522  max_d_mean=2.30e-03
[  6h10m + 14.00s]   prompt 967/1000  seq_len=128 n_valid=111  14s  max||J||/sqrt(d)=3.368  max_d_mean=2.18e-03
[  6h11m + 17.70s]   prompt 968/1000  seq_len=108 n_valid=91  18s  max||J||/sqrt(d)=5.145  max_d_mean=3.53e-03
[  6h11m + 10.10s]   prompt 969/1000  seq_len=128 n_valid=111  10s  max||J||/sqrt(d)=3.313  max_d_mean=2.08e-03
[  6h11m + 17.10s]   prompt 970/1000  seq_len=128 n_valid=111  17s  max||J||/sqrt(d)=4.206  max_d_mean=2.77e-03
[  6h12m + 17.60s]   prompt 971/1000  seq_len=128 n_valid=111  18s  max||J||/sqrt(d)=3.304  max_d_mean=2.07e-03
[  6h12m + 21.30s]   prompt 972/1000  seq_len=113 n_valid=96  21s  max||J||/sqrt(d)=3.169  max_d_mean=2.00e-03
[  6h12m + 12.00s]   prompt 973/1000  seq_len=71 n_valid=54  12s  max||J||/sqrt(d)=3.123  max_d_mean=2.11e-03
[  6h12m + 16.30s]   prompt 974/1000  seq_len=128 n_valid=111  16s  max||J||/sqrt(d)=3.618  max_d_mean=2.31e-03
[  6h13m + 13.00s]   prompt 975/1000  seq_len=80 n_valid=63  13s  max||J||/sqrt(d)=3.294  max_d_mean=2.15e-03
[  6h13m + 15.00s]   prompt 976/1000  seq_len=119 n_valid=102  15s  max||J||/sqrt(d)=2.617  max_d_mean=1.55e-03
[  6h13m + 23.10s]   prompt 977/1000  seq_len=128 n_valid=111  23s  max||J||/sqrt(d)=3.218  max_d_mean=2.03e-03
[  6h13m + 16.10s]   prompt 978/1000  seq_len=128 n_valid=111  16s  max||J||/sqrt(d)=4.753  max_d_mean=3.16e-03
[  6h14m + 28.11s]   prompt 979/1000  seq_len=93 n_valid=76  28s  max||J||/sqrt(d)=3.492  max_d_mean=2.35e-03
[  6h14m + 11.70s]   prompt 980/1000  seq_len=128 n_valid=111  12s  max||J||/sqrt(d)=3.286  max_d_mean=2.10e-03
[  6h15m + 25.60s]   prompt 981/1000  seq_len=128 n_valid=111  26s  max||J||/sqrt(d)=3.522  max_d_mean=2.27e-03
[  6h15m + 26.50s]   prompt 982/1000  seq_len=61 n_valid=44  27s  max||J||/sqrt(d)=3.241  max_d_mean=2.10e-03
[  6h15m + 18.09s]   prompt 983/1000  seq_len=128 n_valid=111  18s  max||J||/sqrt(d)=3.338  max_d_mean=2.19e-03
[  6h16m + 22.80s]   prompt 984/1000  seq_len=81 n_valid=64  23s  max||J||/sqrt(d)=3.810  max_d_mean=2.48e-03
[  6h16m + 21.50s]   prompt 985/1000  seq_len=117 n_valid=100  21s  max||J||/sqrt(d)=2.937  max_d_mean=1.88e-03
[  6h17m + 27.80s]   prompt 986/1000  seq_len=128 n_valid=111  28s  max||J||/sqrt(d)=3.137  max_d_mean=1.98e-03
[  6h17m +  7.40s]   prompt 987/1000  seq_len=112 n_valid=95  7s  max||J||/sqrt(d)=2.889  max_d_mean=1.76e-03
[  6h17m + 11.60s]   prompt 988/1000  seq_len=104 n_valid=87  12s  max||J||/sqrt(d)=3.282  max_d_mean=2.03e-03
[  6h17m + 13.20s]   prompt 989/1000  seq_len=99 n_valid=82  13s  max||J||/sqrt(d)=3.127  max_d_mean=1.95e-03
[  6h17m + 25.61s]   prompt 990/1000  seq_len=77 n_valid=60  26s  max||J||/sqrt(d)=4.761  max_d_mean=3.18e-03
[  6h18m + 18.40s]   prompt 991/1000  seq_len=83 n_valid=66  18s  max||J||/sqrt(d)=4.014  max_d_mean=2.62e-03
[  6h18m + 22.69s]   prompt 992/1000  seq_len=128 n_valid=111  23s  max||J||/sqrt(d)=3.827  max_d_mean=2.55e-03
[  6h19m + 29.51s]   prompt 993/1000  seq_len=108 n_valid=91  30s  max||J||/sqrt(d)=4.605  max_d_mean=3.04e-03
[  6h19m + 27.10s]   prompt 994/1000  seq_len=128 n_valid=111  27s  max||J||/sqrt(d)=3.767  max_d_mean=2.33e-03
[  6h19m + 19.30s]   prompt 995/1000  seq_len=107 n_valid=90  19s  max||J||/sqrt(d)=5.802  max_d_mean=3.84e-03
[  6h20m + 22.11s]   prompt 996/1000  seq_len=128 n_valid=111  22s  max||J||/sqrt(d)=3.882  max_d_mean=2.52e-03
[  6h20m + 26.40s]   prompt 997/1000  seq_len=55 n_valid=38  26s  max||J||/sqrt(d)=3.493  max_d_mean=2.29e-03
[  6h20m + 13.80s]   prompt 998/1000  seq_len=87 n_valid=70  14s  max||J||/sqrt(d)=5.161  max_d_mean=3.43e-03
[  6h21m + 12.70s]   prompt 999/1000  seq_len=64 n_valid=47  13s  max||J||/sqrt(d)=4.410  max_d_mean=2.94e-03
[  6h21m + 13.70s]   prompt 1000/1000  seq_len=128 n_valid=111  14s  max||J||/sqrt(d)=3.493  max_d_mean=2.25e-03
[  6h21m +  0.17s] fit: done, 1000 prompts
saved runs/smollm2-360m-it/lens.pt {'model': 'HuggingFaceTB/SmolLM2-360M-Instruct', 'n_prompts': 1000, 'skip_prompts': 0, 'dim_batch': 160, 'max_seq_len': 128, 'target_layer': None, 'skip_first': 16, 'corpus': 'Salesforce/wikitext:wikitext-103-raw-v1:train (min200/max2000 chars, non-header)', 'dtype': 'bfloat16', 'wall_seconds': 22880.7}
