Warning: You are sending unauthenticated requests to the HF Hub. Please set a HF_TOKEN to enable higher rate limits and faster downloads.
Loading weights:   0%|          | 0/272 [00:00<?, ?it/s]Loading weights: 100%|██████████| 272/272 [00:00<00:00, 7722.90it/s]
HFLensModel(LlamaForCausalLM, n_layers=30, d_model=576)
[     4s +  4.35s] fit: n_layers=30 d_model=576, fitting 29 source layers (target=L29) on 1000 prompts
[    42s + 37.92s]   prompt 1/1000  seq_len=128 n_valid=111  35s  max||J||/sqrt(d)=3.544  max_d_mean=nan
[  1m10s + 28.60s]   prompt 2/1000  seq_len=111 n_valid=94  29s  max||J||/sqrt(d)=3.301  max_d_mean=5.29e-01
[  1m48s + 38.00s]   prompt 3/1000  seq_len=120 n_valid=103  38s  max||J||/sqrt(d)=3.684  max_d_mean=3.53e-01
[  2m22s + 33.30s]   prompt 4/1000  seq_len=128 n_valid=111  33s  max||J||/sqrt(d)=4.310  max_d_mean=3.44e-01
[  2m40s + 18.70s]   prompt 5/1000  seq_len=128 n_valid=111  19s  max||J||/sqrt(d)=4.404  max_d_mean=2.56e-01
[  2m57s + 16.89s]   prompt 6/1000  seq_len=94 n_valid=77  17s  max||J||/sqrt(d)=3.997  max_d_mean=1.96e-01
[  3m15s + 17.30s]   prompt 7/1000  seq_len=128 n_valid=111  17s  max||J||/sqrt(d)=3.318  max_d_mean=1.56e-01
[  3m35s + 20.39s]   prompt 8/1000  seq_len=128 n_valid=111  20s  max||J||/sqrt(d)=4.488  max_d_mean=1.85e-01
[  3m55s + 20.51s]   prompt 9/1000  seq_len=128 n_valid=111  21s  max||J||/sqrt(d)=5.340  max_d_mean=1.88e-01
[  4m17s + 21.19s]   prompt 10/1000  seq_len=128 n_valid=111  21s  max||J||/sqrt(d)=3.080  max_d_mean=9.37e-02
[  4m36s + 19.50s]   prompt 11/1000  seq_len=128 n_valid=111  20s  max||J||/sqrt(d)=3.592  max_d_mean=9.88e-02
[  4m58s + 21.40s]   prompt 12/1000  seq_len=128 n_valid=111  21s  max||J||/sqrt(d)=3.635  max_d_mean=8.62e-02
[  5m16s + 18.90s]   prompt 13/1000  seq_len=128 n_valid=111  19s  max||J||/sqrt(d)=3.709  max_d_mean=8.73e-02
W0816 21:02:58.675000 25287 torch/_dynamo/convert_frame.py:1016] [0/8] torch._dynamo hit config.recompile_limit (8)
W0816 21:02:58.675000 25287 torch/_dynamo/convert_frame.py:1016] [0/8]    function: '__call__' (/usr/local/lib/python3.12/dist-packages/transformers/modeling_layers.py:79)
W0816 21:02:58.675000 25287 torch/_dynamo/convert_frame.py:1016] [0/8]    last reason: 0/1: tensor 'args[0]' requires_grad mismatch. expected requires_grad=1
W0816 21:02:58.675000 25287 torch/_dynamo/convert_frame.py:1016] [0/8] To log all recompilation reasons, use TORCH_LOGS="recompiles".
W0816 21:02:58.675000 25287 torch/_dynamo/convert_frame.py:1016] [0/8] To diagnose recompilation issues, see https://pytorch.org/docs/main/torch.compiler_troubleshooting.html.
[  5m36s + 20.00s]   prompt 14/1000  seq_len=113 n_valid=96  20s  max||J||/sqrt(d)=3.481  max_d_mean=7.86e-02
[  5m58s + 21.30s]   prompt 15/1000  seq_len=90 n_valid=73  21s  max||J||/sqrt(d)=4.158  max_d_mean=9.49e-02
[  6m18s + 20.09s]   prompt 16/1000  seq_len=128 n_valid=111  20s  max||J||/sqrt(d)=3.123  max_d_mean=5.77e-02
[  6m43s + 25.30s]   prompt 17/1000  seq_len=128 n_valid=111  25s  max||J||/sqrt(d)=4.203  max_d_mean=8.37e-02
[  7m06s + 22.50s]   prompt 18/1000  seq_len=107 n_valid=90  23s  max||J||/sqrt(d)=3.195  max_d_mean=5.68e-02
[  7m26s + 20.01s]   prompt 19/1000  seq_len=86 n_valid=69  20s  max||J||/sqrt(d)=4.502  max_d_mean=7.67e-02
[  7m49s + 23.49s]   prompt 20/1000  seq_len=128 n_valid=111  23s  max||J||/sqrt(d)=3.351  max_d_mean=6.18e-02
[  8m12s + 22.91s]   prompt 21/1000  seq_len=128 n_valid=111  23s  max||J||/sqrt(d)=3.730  max_d_mean=5.61e-02
[  8m35s + 22.69s]   prompt 22/1000  seq_len=128 n_valid=111  23s  max||J||/sqrt(d)=3.256  max_d_mean=5.46e-02
[  8m56s + 20.90s]   prompt 23/1000  seq_len=128 n_valid=111  21s  max||J||/sqrt(d)=2.749  max_d_mean=4.69e-02
[  9m18s + 22.51s]   prompt 24/1000  seq_len=103 n_valid=86  23s  max||J||/sqrt(d)=3.406  max_d_mean=5.45e-02
[  9m42s + 24.20s]   prompt 25/1000  seq_len=128 n_valid=111  24s  max||J||/sqrt(d)=3.244  max_d_mean=5.03e-02
[ 10m04s + 21.80s]   prompt 26/1000  seq_len=128 n_valid=111  22s  max||J||/sqrt(d)=3.123  max_d_mean=4.61e-02
[ 10m25s + 20.59s]   prompt 27/1000  seq_len=97 n_valid=80  21s  max||J||/sqrt(d)=4.672  max_d_mean=7.26e-02
[ 10m49s + 24.50s]   prompt 28/1000  seq_len=128 n_valid=111  24s  max||J||/sqrt(d)=4.069  max_d_mean=5.47e-02
[ 11m13s + 24.10s]   prompt 29/1000  seq_len=128 n_valid=111  24s  max||J||/sqrt(d)=4.943  max_d_mean=6.94e-02
[ 11m37s + 24.10s]   prompt 30/1000  seq_len=46 n_valid=29  24s  max||J||/sqrt(d)=2.565  max_d_mean=3.90e-02
[ 11m58s + 20.79s]   prompt 31/1000  seq_len=86 n_valid=69  21s  max||J||/sqrt(d)=4.649  max_d_mean=6.16e-02
[ 12m19s + 20.80s]   prompt 32/1000  seq_len=94 n_valid=77  21s  max||J||/sqrt(d)=3.496  max_d_mean=4.11e-02
[ 12m43s + 24.01s]   prompt 33/1000  seq_len=92 n_valid=75  24s  max||J||/sqrt(d)=4.590  max_d_mean=5.74e-02
[ 13m05s + 21.89s]   prompt 34/1000  seq_len=128 n_valid=111  22s  max||J||/sqrt(d)=4.130  max_d_mean=4.60e-02
[ 13m31s + 26.30s]   prompt 35/1000  seq_len=99 n_valid=82  26s  max||J||/sqrt(d)=3.001  max_d_mean=3.36e-02
[ 13m56s + 24.51s]   prompt 36/1000  seq_len=72 n_valid=55  25s  max||J||/sqrt(d)=3.234  max_d_mean=3.64e-02
[ 14m18s + 22.19s]   prompt 37/1000  seq_len=128 n_valid=111  22s  max||J||/sqrt(d)=4.511  max_d_mean=4.76e-02
[ 14m40s + 21.90s]   prompt 38/1000  seq_len=128 n_valid=111  22s  max||J||/sqrt(d)=4.774  max_d_mean=4.81e-02
[ 15m10s + 30.11s]   prompt 39/1000  seq_len=128 n_valid=111  30s  max||J||/sqrt(d)=3.171  max_d_mean=2.97e-02
[ 15m31s + 21.39s]   prompt 40/1000  seq_len=128 n_valid=111  21s  max||J||/sqrt(d)=4.164  max_d_mean=3.89e-02
[ 15m59s + 27.41s]   prompt 41/1000  seq_len=105 n_valid=88  27s  max||J||/sqrt(d)=3.341  max_d_mean=3.19e-02
[ 16m23s + 23.90s]   prompt 42/1000  seq_len=97 n_valid=80  24s  max||J||/sqrt(d)=4.980  max_d_mean=4.73e-02
[ 16m46s + 23.30s]   prompt 43/1000  seq_len=66 n_valid=49  23s  max||J||/sqrt(d)=3.572  max_d_mean=3.47e-02
[ 17m09s + 22.60s]   prompt 44/1000  seq_len=101 n_valid=84  23s  max||J||/sqrt(d)=4.480  max_d_mean=4.00e-02
[ 17m33s + 24.00s]   prompt 45/1000  seq_len=128 n_valid=111  24s  max||J||/sqrt(d)=3.653  max_d_mean=3.10e-02
[ 17m55s + 22.30s]   prompt 46/1000  seq_len=128 n_valid=111  22s  max||J||/sqrt(d)=3.177  max_d_mean=2.53e-02
[ 18m16s + 21.49s]   prompt 47/1000  seq_len=128 n_valid=111  21s  max||J||/sqrt(d)=3.798  max_d_mean=2.98e-02
[ 18m41s + 24.80s]   prompt 48/1000  seq_len=123 n_valid=106  25s  max||J||/sqrt(d)=3.965  max_d_mean=3.12e-02
[ 19m04s + 22.80s]   prompt 49/1000  seq_len=66 n_valid=49  23s  max||J||/sqrt(d)=2.611  max_d_mean=2.22e-02
[ 19m25s + 21.00s]   prompt 50/1000  seq_len=128 n_valid=111  21s  max||J||/sqrt(d)=3.968  max_d_mean=3.02e-02
[ 19m49s + 24.50s]   prompt 51/1000  seq_len=57 n_valid=40  24s  max||J||/sqrt(d)=3.353  max_d_mean=2.98e-02
[ 20m12s + 22.30s]   prompt 52/1000  seq_len=128 n_valid=111  22s  max||J||/sqrt(d)=3.631  max_d_mean=2.47e-02
[ 20m38s + 26.50s]   prompt 53/1000  seq_len=124 n_valid=107  26s  max||J||/sqrt(d)=3.480  max_d_mean=2.45e-02
[ 21m03s + 24.40s]   prompt 54/1000  seq_len=110 n_valid=93  24s  max||J||/sqrt(d)=2.923  max_d_mean=2.17e-02
[ 21m24s + 21.30s]   prompt 55/1000  seq_len=96 n_valid=79  21s  max||J||/sqrt(d)=3.065  max_d_mean=2.22e-02
[ 21m48s + 24.50s]   prompt 56/1000  seq_len=100 n_valid=83  25s  max||J||/sqrt(d)=3.179  max_d_mean=2.21e-02
[ 22m12s + 23.60s]   prompt 57/1000  seq_len=102 n_valid=85  24s  max||J||/sqrt(d)=2.689  max_d_mean=1.86e-02
[ 22m34s + 22.09s]   prompt 58/1000  seq_len=84 n_valid=67  22s  max||J||/sqrt(d)=3.321  max_d_mean=2.36e-02
[ 22m57s + 23.30s]   prompt 59/1000  seq_len=67 n_valid=50  23s  max||J||/sqrt(d)=3.126  max_d_mean=2.37e-02
[ 23m21s + 23.30s]   prompt 60/1000  seq_len=98 n_valid=81  23s  max||J||/sqrt(d)=3.244  max_d_mean=2.08e-02
[ 23m44s + 23.50s]   prompt 61/1000  seq_len=91 n_valid=74  23s  max||J||/sqrt(d)=3.833  max_d_mean=2.41e-02
[ 24m07s + 22.90s]   prompt 62/1000  seq_len=112 n_valid=95  23s  max||J||/sqrt(d)=3.686  max_d_mean=2.46e-02
[ 24m35s + 27.71s]   prompt 63/1000  seq_len=111 n_valid=94  28s  max||J||/sqrt(d)=2.765  max_d_mean=1.71e-02
[ 24m57s + 22.60s]   prompt 64/1000  seq_len=128 n_valid=111  23s  max||J||/sqrt(d)=3.404  max_d_mean=1.98e-02
[ 25m20s + 23.00s]   prompt 65/1000  seq_len=128 n_valid=111  23s  max||J||/sqrt(d)=3.324  max_d_mean=1.97e-02
[ 25m45s + 24.30s]   prompt 66/1000  seq_len=45 n_valid=28  24s  max||J||/sqrt(d)=3.451  max_d_mean=2.42e-02
[ 26m06s + 21.40s]   prompt 67/1000  seq_len=99 n_valid=82  21s  max||J||/sqrt(d)=3.328  max_d_mean=2.18e-02
[ 26m30s + 23.91s]   prompt 68/1000  seq_len=128 n_valid=111  24s  max||J||/sqrt(d)=3.586  max_d_mean=1.91e-02
[ 26m54s + 23.99s]   prompt 69/1000  seq_len=110 n_valid=93  24s  max||J||/sqrt(d)=3.765  max_d_mean=2.14e-02
[ 27m16s + 21.91s]   prompt 70/1000  seq_len=91 n_valid=74  22s  max||J||/sqrt(d)=3.283  max_d_mean=1.97e-02
[ 27m40s + 24.30s]   prompt 71/1000  seq_len=88 n_valid=71  24s  max||J||/sqrt(d)=3.370  max_d_mean=2.00e-02
[ 28m07s + 26.40s]   prompt 72/1000  seq_len=94 n_valid=77  26s  max||J||/sqrt(d)=3.884  max_d_mean=2.21e-02
[ 28m28s + 20.90s]   prompt 73/1000  seq_len=84 n_valid=67  21s  max||J||/sqrt(d)=3.605  max_d_mean=2.24e-02
[ 28m52s + 24.50s]   prompt 74/1000  seq_len=128 n_valid=111  24s  max||J||/sqrt(d)=3.246  max_d_mean=1.61e-02
[ 29m16s + 23.50s]   prompt 75/1000  seq_len=128 n_valid=111  24s  max||J||/sqrt(d)=3.331  max_d_mean=1.62e-02
[ 29m37s + 21.20s]   prompt 76/1000  seq_len=128 n_valid=111  21s  max||J||/sqrt(d)=3.495  max_d_mean=1.92e-02
[ 30m00s + 23.30s]   prompt 77/1000  seq_len=128 n_valid=111  23s  max||J||/sqrt(d)=3.613  max_d_mean=1.98e-02
[ 30m23s + 23.21s]   prompt 78/1000  seq_len=128 n_valid=111  23s  max||J||/sqrt(d)=3.454  max_d_mean=1.86e-02
[ 30m46s + 22.69s]   prompt 79/1000  seq_len=128 n_valid=111  23s  max||J||/sqrt(d)=3.698  max_d_mean=1.98e-02
[ 31m09s + 23.51s]   prompt 80/1000  seq_len=60 n_valid=43  24s  max||J||/sqrt(d)=3.016  max_d_mean=1.78e-02
[ 31m37s + 27.10s]   prompt 81/1000  seq_len=84 n_valid=67  27s  max||J||/sqrt(d)=2.672  max_d_mean=1.43e-02
[ 31m58s + 21.30s]   prompt 82/1000  seq_len=128 n_valid=111  21s  max||J||/sqrt(d)=3.091  max_d_mean=1.54e-02
[ 32m21s + 23.51s]   prompt 83/1000  seq_len=128 n_valid=111  24s  max||J||/sqrt(d)=3.734  max_d_mean=2.01e-02
[ 32m46s + 24.20s]   prompt 84/1000  seq_len=128 n_valid=111  24s  max||J||/sqrt(d)=3.432  max_d_mean=1.84e-02
[ 33m07s + 21.70s]   prompt 85/1000  seq_len=128 n_valid=111  22s  max||J||/sqrt(d)=3.882  max_d_mean=2.05e-02
[ 33m31s + 23.89s]   prompt 86/1000  seq_len=128 n_valid=111  24s  max||J||/sqrt(d)=5.848  max_d_mean=3.20e-02
[ 33m55s + 23.81s]   prompt 87/1000  seq_len=128 n_valid=111  24s  max||J||/sqrt(d)=4.309  max_d_mean=2.24e-02
[ 34m16s + 20.80s]   prompt 88/1000  seq_len=128 n_valid=111  21s  max||J||/sqrt(d)=3.961  max_d_mean=2.00e-02
[ 34m40s + 24.10s]   prompt 89/1000  seq_len=128 n_valid=111  24s  max||J||/sqrt(d)=2.998  max_d_mean=1.51e-02
[ 35m03s + 22.80s]   prompt 90/1000  seq_len=96 n_valid=79  23s  max||J||/sqrt(d)=3.516  max_d_mean=1.84e-02
[ 35m25s + 22.50s]   prompt 91/1000  seq_len=128 n_valid=111  22s  max||J||/sqrt(d)=4.244  max_d_mean=2.17e-02
[ 35m51s + 25.70s]   prompt 92/1000  seq_len=128 n_valid=111  26s  max||J||/sqrt(d)=3.502  max_d_mean=1.61e-02
[ 36m15s + 24.10s]   prompt 93/1000  seq_len=128 n_valid=111  24s  max||J||/sqrt(d)=3.903  max_d_mean=1.88e-02
[ 36m39s + 23.60s]   prompt 94/1000  seq_len=128 n_valid=111  24s  max||J||/sqrt(d)=4.024  max_d_mean=1.87e-02
[ 37m02s + 23.00s]   prompt 95/1000  seq_len=94 n_valid=77  23s  max||J||/sqrt(d)=3.842  max_d_mean=1.83e-02
[ 37m25s + 23.90s]   prompt 96/1000  seq_len=128 n_valid=111  24s  max||J||/sqrt(d)=3.650  max_d_mean=1.59e-02
[ 37m48s + 22.70s]   prompt 97/1000  seq_len=128 n_valid=111  23s  max||J||/sqrt(d)=3.738  max_d_mean=1.65e-02
[ 38m12s + 24.20s]   prompt 98/1000  seq_len=128 n_valid=111  24s  max||J||/sqrt(d)=4.911  max_d_mean=2.35e-02
[ 38m36s + 23.60s]   prompt 99/1000  seq_len=128 n_valid=111  24s  max||J||/sqrt(d)=3.536  max_d_mean=1.55e-02
[ 38m59s + 22.70s]   prompt 100/1000  seq_len=128 n_valid=111  23s  max||J||/sqrt(d)=4.071  max_d_mean=1.69e-02
[ 39m23s + 24.00s]   prompt 101/1000  seq_len=128 n_valid=111  24s  max||J||/sqrt(d)=3.335  max_d_mean=1.36e-02
[ 39m49s + 26.50s]   prompt 102/1000  seq_len=128 n_valid=111  26s  max||J||/sqrt(d)=4.159  max_d_mean=1.71e-02
[ 40m11s + 22.00s]   prompt 103/1000  seq_len=128 n_valid=111  22s  max||J||/sqrt(d)=2.694  max_d_mean=1.09e-02
[ 40m34s + 23.21s]   prompt 104/1000  seq_len=128 n_valid=111  23s  max||J||/sqrt(d)=3.669  max_d_mean=1.54e-02
[ 40m56s + 21.40s]   prompt 105/1000  seq_len=128 n_valid=111  21s  max||J||/sqrt(d)=3.906  max_d_mean=1.64e-02
[ 41m17s + 20.99s]   prompt 106/1000  seq_len=121 n_valid=104  21s  max||J||/sqrt(d)=3.452  max_d_mean=1.41e-02
[ 41m40s + 23.70s]   prompt 107/1000  seq_len=94 n_valid=77  24s  max||J||/sqrt(d)=4.339  max_d_mean=1.77e-02
[ 42m02s + 21.51s]   prompt 108/1000  seq_len=84 n_valid=67  22s  max||J||/sqrt(d)=4.102  max_d_mean=1.76e-02
[ 42m22s + 20.00s]   prompt 109/1000  seq_len=98 n_valid=81  20s  max||J||/sqrt(d)=4.626  max_d_mean=1.85e-02
[ 42m45s + 23.30s]   prompt 110/1000  seq_len=128 n_valid=111  23s  max||J||/sqrt(d)=5.048  max_d_mean=2.07e-02
[ 43m06s + 21.11s]   prompt 111/1000  seq_len=128 n_valid=111  21s  max||J||/sqrt(d)=3.903  max_d_mean=1.43e-02
[ 43m30s + 23.39s]   prompt 112/1000  seq_len=128 n_valid=111  23s  max||J||/sqrt(d)=2.544  max_d_mean=1.00e-02
[ 43m53s + 23.20s]   prompt 113/1000  seq_len=128 n_valid=111  23s  max||J||/sqrt(d)=4.259  max_d_mean=1.75e-02
[ 44m15s + 22.40s]   prompt 114/1000  seq_len=128 n_valid=111  22s  max||J||/sqrt(d)=3.327  max_d_mean=1.15e-02
[ 44m35s + 20.10s]   prompt 115/1000  seq_len=128 n_valid=111  20s  max||J||/sqrt(d)=3.760  max_d_mean=1.29e-02
[ 44m59s + 23.41s]   prompt 116/1000  seq_len=128 n_valid=111  23s  max||J||/sqrt(d)=3.936  max_d_mean=1.36e-02
[ 45m23s + 23.90s]   prompt 117/1000  seq_len=104 n_valid=87  24s  max||J||/sqrt(d)=3.674  max_d_mean=1.40e-02
[ 45m39s + 16.60s]   prompt 118/1000  seq_len=128 n_valid=111  17s  max||J||/sqrt(d)=3.353  max_d_mean=1.12e-02
[ 45m58s + 18.60s]   prompt 119/1000  seq_len=55 n_valid=38  19s  max||J||/sqrt(d)=3.843  max_d_mean=1.55e-02
[ 46m22s + 23.99s]   prompt 120/1000  seq_len=128 n_valid=111  24s  max||J||/sqrt(d)=3.309  max_d_mean=1.14e-02
[ 46m40s + 18.20s]   prompt 121/1000  seq_len=128 n_valid=111  18s  max||J||/sqrt(d)=3.947  max_d_mean=1.33e-02
[ 47m00s + 19.41s]   prompt 122/1000  seq_len=128 n_valid=111  19s  max||J||/sqrt(d)=3.245  max_d_mean=1.12e-02
[ 47m23s + 23.30s]   prompt 123/1000  seq_len=128 n_valid=111  23s  max||J||/sqrt(d)=3.737  max_d_mean=1.28e-02
[ 47m44s + 21.49s]   prompt 124/1000  seq_len=128 n_valid=111  21s  max||J||/sqrt(d)=3.403  max_d_mean=1.10e-02
[ 48m06s + 21.31s]   prompt 125/1000  seq_len=128 n_valid=111  21s  max||J||/sqrt(d)=3.296  max_d_mean=1.09e-02
[ 48m31s + 24.99s]   prompt 126/1000  seq_len=128 n_valid=111  25s  max||J||/sqrt(d)=3.391  max_d_mean=1.11e-02
[ 48m52s + 21.01s]   prompt 127/1000  seq_len=128 n_valid=111  21s  max||J||/sqrt(d)=4.232  max_d_mean=1.38e-02
[ 49m15s + 23.30s]   prompt 128/1000  seq_len=128 n_valid=111  23s  max||J||/sqrt(d)=3.640  max_d_mean=1.17e-02
[ 49m39s + 23.99s]   prompt 129/1000  seq_len=128 n_valid=111  24s  max||J||/sqrt(d)=3.707  max_d_mean=1.21e-02
[ 49m58s + 19.30s]   prompt 130/1000  seq_len=128 n_valid=111  19s  max||J||/sqrt(d)=3.668  max_d_mean=1.14e-02
[ 50m21s + 23.10s]   prompt 131/1000  seq_len=128 n_valid=111  23s  max||J||/sqrt(d)=3.206  max_d_mean=9.48e-03
[ 50m45s + 23.70s]   prompt 132/1000  seq_len=128 n_valid=111  24s  max||J||/sqrt(d)=3.969  max_d_mean=1.31e-02
[ 51m08s + 23.00s]   prompt 133/1000  seq_len=128 n_valid=111  23s  max||J||/sqrt(d)=4.138  max_d_mean=1.38e-02
[ 51m26s + 17.79s]   prompt 134/1000  seq_len=128 n_valid=111  18s  max||J||/sqrt(d)=4.471  max_d_mean=1.39e-02
[ 51m47s + 21.51s]   prompt 135/1000  seq_len=128 n_valid=111  22s  max||J||/sqrt(d)=3.703  max_d_mean=1.08e-02
[ 52m11s + 24.09s]   prompt 136/1000  seq_len=128 n_valid=111  24s  max||J||/sqrt(d)=4.047  max_d_mean=1.19e-02
[ 52m26s + 15.00s]   prompt 137/1000  seq_len=128 n_valid=111  15s  max||J||/sqrt(d)=5.191  max_d_mean=1.69e-02
[ 52m41s + 14.20s]   prompt 138/1000  seq_len=114 n_valid=97  14s  max||J||/sqrt(d)=4.938  max_d_mean=1.56e-02
[ 53m04s + 23.80s]   prompt 139/1000  seq_len=128 n_valid=111  24s  max||J||/sqrt(d)=4.026  max_d_mean=1.24e-02
[ 53m27s + 22.70s]   prompt 140/1000  seq_len=128 n_valid=111  23s  max||J||/sqrt(d)=4.111  max_d_mean=1.23e-02
[ 53m47s + 20.19s]   prompt 141/1000  seq_len=128 n_valid=111  20s  max||J||/sqrt(d)=3.911  max_d_mean=1.15e-02
[ 54m12s + 24.20s]   prompt 142/1000  seq_len=91 n_valid=74  24s  max||J||/sqrt(d)=3.417  max_d_mean=1.03e-02
[ 54m34s + 22.11s]   prompt 143/1000  seq_len=128 n_valid=111  22s  max||J||/sqrt(d)=3.206  max_d_mean=9.09e-03
[ 54m55s + 21.59s]   prompt 144/1000  seq_len=57 n_valid=40  22s  max||J||/sqrt(d)=2.915  max_d_mean=1.01e-02
[ 55m18s + 23.21s]   prompt 145/1000  seq_len=128 n_valid=111  23s  max||J||/sqrt(d)=3.776  max_d_mean=1.09e-02
[ 55m40s + 21.29s]   prompt 146/1000  seq_len=128 n_valid=111  21s  max||J||/sqrt(d)=3.196  max_d_mean=9.04e-03
[ 56m03s + 23.51s]   prompt 147/1000  seq_len=128 n_valid=111  24s  max||J||/sqrt(d)=3.029  max_d_mean=8.74e-03
[ 56m27s + 24.00s]   prompt 148/1000  seq_len=128 n_valid=111  24s  max||J||/sqrt(d)=3.253  max_d_mean=9.45e-03
[ 56m39s + 12.10s]   prompt 149/1000  seq_len=128 n_valid=111  12s  max||J||/sqrt(d)=3.023  max_d_mean=8.28e-03
[ 56m57s + 17.50s]   prompt 150/1000  seq_len=128 n_valid=111  17s  max||J||/sqrt(d)=3.179  max_d_mean=9.21e-03
[ 57m20s + 22.70s]   prompt 151/1000  seq_len=128 n_valid=111  23s  max||J||/sqrt(d)=3.356  max_d_mean=9.47e-03
[ 57m42s + 22.90s]   prompt 152/1000  seq_len=128 n_valid=111  23s  max||J||/sqrt(d)=3.011  max_d_mean=8.31e-03
[ 58m04s + 21.50s]   prompt 153/1000  seq_len=128 n_valid=111  22s  max||J||/sqrt(d)=3.380  max_d_mean=9.13e-03
[ 58m27s + 23.19s]   prompt 154/1000  seq_len=128 n_valid=111  23s  max||J||/sqrt(d)=4.154  max_d_mean=1.14e-02
[ 58m51s + 24.00s]   prompt 155/1000  seq_len=119 n_valid=102  24s  max||J||/sqrt(d)=3.371  max_d_mean=9.63e-03
[ 59m10s + 18.50s]   prompt 156/1000  seq_len=100 n_valid=83  18s  max||J||/sqrt(d)=2.842  max_d_mean=7.75e-03
[ 59m30s + 20.80s]   prompt 157/1000  seq_len=128 n_valid=111  21s  max||J||/sqrt(d)=2.972  max_d_mean=7.51e-03
[ 59m55s + 24.50s]   prompt 158/1000  seq_len=128 n_valid=111  25s  max||J||/sqrt(d)=2.762  max_d_mean=7.60e-03
[  1h00m + 17.80s]   prompt 159/1000  seq_len=128 n_valid=111  18s  max||J||/sqrt(d)=4.047  max_d_mean=1.06e-02
[  1h00m + 17.70s]   prompt 160/1000  seq_len=128 n_valid=111  18s  max||J||/sqrt(d)=3.662  max_d_mean=9.63e-03
[  1h00m + 24.40s]   prompt 161/1000  seq_len=128 n_valid=111  24s  max||J||/sqrt(d)=3.213  max_d_mean=8.18e-03
[  1h01m + 21.71s]   prompt 162/1000  seq_len=128 n_valid=111  22s  max||J||/sqrt(d)=4.237  max_d_mean=1.15e-02
[  1h01m + 17.70s]   prompt 163/1000  seq_len=81 n_valid=64  18s  max||J||/sqrt(d)=3.315  max_d_mean=8.36e-03
[  1h01m + 23.89s]   prompt 164/1000  seq_len=76 n_valid=59  24s  max||J||/sqrt(d)=2.637  max_d_mean=7.67e-03
[  1h02m + 22.10s]   prompt 165/1000  seq_len=92 n_valid=75  22s  max||J||/sqrt(d)=2.995  max_d_mean=7.55e-03
[  1h02m + 21.00s]   prompt 166/1000  seq_len=128 n_valid=111  21s  max||J||/sqrt(d)=3.825  max_d_mean=9.96e-03
[  1h03m + 23.80s]   prompt 167/1000  seq_len=128 n_valid=111  24s  max||J||/sqrt(d)=4.035  max_d_mean=1.08e-02
[  1h03m + 21.70s]   prompt 168/1000  seq_len=128 n_valid=111  22s  max||J||/sqrt(d)=3.162  max_d_mean=8.36e-03
[  1h03m + 17.10s]   prompt 169/1000  seq_len=128 n_valid=111  17s  max||J||/sqrt(d)=3.932  max_d_mean=9.36e-03
[  1h04m + 23.60s]   prompt 170/1000  seq_len=128 n_valid=111  24s  max||J||/sqrt(d)=3.119  max_d_mean=7.54e-03
[  1h04m + 23.40s]   prompt 171/1000  seq_len=128 n_valid=111  23s  max||J||/sqrt(d)=3.305  max_d_mean=7.63e-03
[  1h04m + 18.50s]   prompt 172/1000  seq_len=128 n_valid=111  19s  max||J||/sqrt(d)=4.103  max_d_mean=1.04e-02
[  1h05m + 19.50s]   prompt 173/1000  seq_len=128 n_valid=111  20s  max||J||/sqrt(d)=3.841  max_d_mean=9.21e-03
[  1h05m + 23.90s]   prompt 174/1000  seq_len=91 n_valid=74  24s  max||J||/sqrt(d)=3.376  max_d_mean=8.32e-03
[  1h05m + 17.40s]   prompt 175/1000  seq_len=128 n_valid=111  17s  max||J||/sqrt(d)=3.798  max_d_mean=9.40e-03
[  1h06m + 16.39s]   prompt 176/1000  seq_len=121 n_valid=104  16s  max||J||/sqrt(d)=3.779  max_d_mean=9.30e-03
[  1h06m + 23.90s]   prompt 177/1000  seq_len=126 n_valid=109  24s  max||J||/sqrt(d)=3.117  max_d_mean=6.92e-03
[  1h06m + 22.40s]   prompt 178/1000  seq_len=42 n_valid=25  22s  max||J||/sqrt(d)=3.642  max_d_mean=1.04e-02
[  1h07m + 16.60s]   prompt 179/1000  seq_len=128 n_valid=111  17s  max||J||/sqrt(d)=2.753  max_d_mean=6.10e-03
[  1h07m + 24.20s]   prompt 180/1000  seq_len=73 n_valid=56  24s  max||J||/sqrt(d)=3.743  max_d_mean=9.62e-03
[  1h07m + 23.49s]   prompt 181/1000  seq_len=89 n_valid=72  23s  max||J||/sqrt(d)=4.164  max_d_mean=1.05e-02
[  1h08m + 23.90s]   prompt 182/1000  seq_len=128 n_valid=111  24s  max||J||/sqrt(d)=4.869  max_d_mean=1.20e-02
[  1h08m + 24.01s]   prompt 183/1000  seq_len=128 n_valid=111  24s  max||J||/sqrt(d)=5.464  max_d_mean=1.41e-02
[  1h09m + 19.00s]   prompt 184/1000  seq_len=128 n_valid=111  19s  max||J||/sqrt(d)=5.093  max_d_mean=1.24e-02
[  1h09m + 17.00s]   prompt 185/1000  seq_len=128 n_valid=111  17s  max||J||/sqrt(d)=4.134  max_d_mean=9.58e-03
[  1h09m + 24.21s]   prompt 186/1000  seq_len=128 n_valid=111  24s  max||J||/sqrt(d)=3.907  max_d_mean=9.04e-03
[  1h10m + 22.19s]   prompt 187/1000  seq_len=72 n_valid=55  22s  max||J||/sqrt(d)=5.158  max_d_mean=1.31e-02
[  1h10m + 17.61s]   prompt 188/1000  seq_len=119 n_valid=102  18s  max||J||/sqrt(d)=2.973  max_d_mean=7.02e-03
[  1h10m + 23.80s]   prompt 189/1000  seq_len=65 n_valid=48  24s  max||J||/sqrt(d)=3.584  max_d_mean=8.76e-03
[  1h11m + 22.80s]   prompt 190/1000  seq_len=128 n_valid=111  23s  max||J||/sqrt(d)=3.351  max_d_mean=7.41e-03
[  1h11m + 22.90s]   prompt 191/1000  seq_len=82 n_valid=65  23s  max||J||/sqrt(d)=3.271  max_d_mean=7.65e-03
[  1h11m + 16.10s]   prompt 192/1000  seq_len=89 n_valid=72  16s  max||J||/sqrt(d)=2.965  max_d_mean=6.78e-03
[  1h12m + 23.30s]   prompt 193/1000  seq_len=128 n_valid=111  23s  max||J||/sqrt(d)=2.841  max_d_mean=6.23e-03
[  1h12m + 21.51s]   prompt 194/1000  seq_len=128 n_valid=111  22s  max||J||/sqrt(d)=2.757  max_d_mean=6.39e-03
[  1h12m + 19.60s]   prompt 195/1000  seq_len=128 n_valid=111  20s  max||J||/sqrt(d)=3.293  max_d_mean=7.31e-03
[  1h13m + 24.00s]   prompt 196/1000  seq_len=128 n_valid=111  24s  max||J||/sqrt(d)=3.258  max_d_mean=7.31e-03
[  1h13m + 22.60s]   prompt 197/1000  seq_len=116 n_valid=99  23s  max||J||/sqrt(d)=3.414  max_d_mean=7.69e-03
[  1h14m + 22.30s]   prompt 198/1000  seq_len=92 n_valid=75  22s  max||J||/sqrt(d)=2.618  max_d_mean=5.99e-03
[  1h14m + 23.40s]   prompt 199/1000  seq_len=58 n_valid=41  23s  max||J||/sqrt(d)=2.633  max_d_mean=6.64e-03
[  1h14m + 20.80s]   prompt 200/1000  seq_len=128 n_valid=111  21s  max||J||/sqrt(d)=3.222  max_d_mean=6.85e-03
[  1h15m + 23.60s]   prompt 201/1000  seq_len=124 n_valid=107  24s  max||J||/sqrt(d)=3.073  max_d_mean=6.88e-03
[  1h15m + 24.10s]   prompt 202/1000  seq_len=128 n_valid=111  24s  max||J||/sqrt(d)=3.357  max_d_mean=7.21e-03
[  1h15m + 17.90s]   prompt 203/1000  seq_len=128 n_valid=111  18s  max||J||/sqrt(d)=4.051  max_d_mean=9.04e-03
[  1h16m + 15.20s]   prompt 204/1000  seq_len=69 n_valid=52  15s  max||J||/sqrt(d)=3.878  max_d_mean=8.68e-03
[  1h16m + 24.00s]   prompt 205/1000  seq_len=128 n_valid=111  24s  max||J||/sqrt(d)=3.201  max_d_mean=6.51e-03
[  1h16m + 20.61s]   prompt 206/1000  seq_len=128 n_valid=111  21s  max||J||/sqrt(d)=4.028  max_d_mean=8.66e-03
[  1h17m + 23.30s]   prompt 207/1000  seq_len=80 n_valid=63  23s  max||J||/sqrt(d)=5.184  max_d_mean=1.21e-02
[  1h17m + 23.40s]   prompt 208/1000  seq_len=128 n_valid=111  23s  max||J||/sqrt(d)=3.437  max_d_mean=6.87e-03
[  1h18m + 23.60s]   prompt 209/1000  seq_len=118 n_valid=101  24s  max||J||/sqrt(d)=4.045  max_d_mean=8.51e-03
[  1h18m + 21.10s]   prompt 210/1000  seq_len=128 n_valid=111  21s  max||J||/sqrt(d)=4.009  max_d_mean=8.53e-03
[  1h18m + 24.40s]   prompt 211/1000  seq_len=128 n_valid=111  24s  max||J||/sqrt(d)=4.073  max_d_mean=8.40e-03
[  1h19m + 23.60s]   prompt 212/1000  seq_len=128 n_valid=111  24s  max||J||/sqrt(d)=3.396  max_d_mean=7.13e-03
[  1h19m + 20.50s]   prompt 213/1000  seq_len=128 n_valid=111  21s  max||J||/sqrt(d)=3.698  max_d_mean=7.14e-03
[  1h19m + 24.01s]   prompt 214/1000  seq_len=128 n_valid=111  24s  max||J||/sqrt(d)=3.722  max_d_mean=7.94e-03
[  1h20m + 23.19s]   prompt 215/1000  seq_len=87 n_valid=70  23s  max||J||/sqrt(d)=3.105  max_d_mean=6.34e-03
[  1h20m + 18.41s]   prompt 216/1000  seq_len=98 n_valid=81  18s  max||J||/sqrt(d)=3.065  max_d_mean=5.85e-03
[  1h21m + 24.20s]   prompt 217/1000  seq_len=128 n_valid=111  24s  max||J||/sqrt(d)=3.395  max_d_mean=6.90e-03
[  1h21m + 21.80s]   prompt 218/1000  seq_len=68 n_valid=51  22s  max||J||/sqrt(d)=3.059  max_d_mean=6.32e-03
[  1h21m + 12.90s]   prompt 219/1000  seq_len=128 n_valid=111  13s  max||J||/sqrt(d)=3.035  max_d_mean=5.83e-03
[  1h22m + 23.60s]   prompt 220/1000  seq_len=128 n_valid=111  24s  max||J||/sqrt(d)=4.040  max_d_mean=7.63e-03
[  1h22m + 24.09s]   prompt 221/1000  seq_len=96 n_valid=79  24s  max||J||/sqrt(d)=5.855  max_d_mean=1.27e-02
[  1h22m + 14.90s]   prompt 222/1000  seq_len=128 n_valid=111  15s  max||J||/sqrt(d)=3.188  max_d_mean=5.87e-03
[  1h23m + 23.61s]   prompt 223/1000  seq_len=128 n_valid=111  24s  max||J||/sqrt(d)=3.753  max_d_mean=6.99e-03
[  1h23m + 23.19s]   prompt 224/1000  seq_len=128 n_valid=111  23s  max||J||/sqrt(d)=4.051  max_d_mean=7.86e-03
[  1h23m + 11.30s]   prompt 225/1000  seq_len=128 n_valid=111  11s  max||J||/sqrt(d)=4.507  max_d_mean=8.47e-03
[  1h24m + 22.70s]   prompt 226/1000  seq_len=128 n_valid=111  23s  max||J||/sqrt(d)=3.754  max_d_mean=7.22e-03
[  1h24m + 22.70s]   prompt 227/1000  seq_len=128 n_valid=111  23s  max||J||/sqrt(d)=3.745  max_d_mean=7.48e-03
[  1h24m + 23.40s]   prompt 228/1000  seq_len=128 n_valid=111  23s  max||J||/sqrt(d)=3.255  max_d_mean=5.65e-03
[  1h25m + 16.70s]   prompt 229/1000  seq_len=128 n_valid=111  17s  max||J||/sqrt(d)=3.711  max_d_mean=7.04e-03
[  1h25m + 23.70s]   prompt 230/1000  seq_len=128 n_valid=111  24s  max||J||/sqrt(d)=2.899  max_d_mean=4.95e-03
[  1h25m + 23.40s]   prompt 231/1000  seq_len=128 n_valid=111  23s  max||J||/sqrt(d)=3.362  max_d_mean=5.98e-03
[  1h26m + 21.70s]   prompt 232/1000  seq_len=128 n_valid=111  22s  max||J||/sqrt(d)=4.063  max_d_mean=7.18e-03
[  1h26m + 24.09s]   prompt 233/1000  seq_len=128 n_valid=111  24s  max||J||/sqrt(d)=3.391  max_d_mean=5.99e-03
[  1h26m + 20.31s]   prompt 234/1000  seq_len=128 n_valid=111  20s  max||J||/sqrt(d)=3.918  max_d_mean=6.91e-03
[  1h27m + 13.80s]   prompt 235/1000  seq_len=128 n_valid=111  14s  max||J||/sqrt(d)=3.074  max_d_mean=5.17e-03
[  1h27m + 21.60s]   prompt 236/1000  seq_len=128 n_valid=111  22s  max||J||/sqrt(d)=3.093  max_d_mean=5.09e-03
[  1h27m + 24.01s]   prompt 237/1000  seq_len=58 n_valid=41  24s  max||J||/sqrt(d)=2.904  max_d_mean=5.54e-03
[  1h28m + 21.29s]   prompt 238/1000  seq_len=128 n_valid=111  21s  max||J||/sqrt(d)=3.489  max_d_mean=5.85e-03
[  1h28m + 23.09s]   prompt 239/1000  seq_len=128 n_valid=111  23s  max||J||/sqrt(d)=3.778  max_d_mean=6.13e-03
[  1h29m + 24.40s]   prompt 240/1000  seq_len=128 n_valid=111  24s  max||J||/sqrt(d)=3.824  max_d_mean=6.29e-03
[  1h29m + 12.50s]   prompt 241/1000  seq_len=75 n_valid=58  12s  max||J||/sqrt(d)=3.529  max_d_mean=6.18e-03
[  1h29m + 14.50s]   prompt 242/1000  seq_len=128 n_valid=111  14s  max||J||/sqrt(d)=3.518  max_d_mean=5.89e-03
[  1h29m + 24.01s]   prompt 243/1000  seq_len=128 n_valid=111  24s  max||J||/sqrt(d)=3.223  max_d_mean=5.17e-03
[  1h30m + 22.40s]   prompt 244/1000  seq_len=128 n_valid=111  22s  max||J||/sqrt(d)=4.099  max_d_mean=7.13e-03
[  1h30m + 21.59s]   prompt 245/1000  seq_len=42 n_valid=25  22s  max||J||/sqrt(d)=2.836  max_d_mean=5.86e-03
[  1h31m + 23.40s]   prompt 246/1000  seq_len=105 n_valid=88  23s  max||J||/sqrt(d)=3.153  max_d_mean=5.36e-03
[  1h31m + 23.40s]   prompt 247/1000  seq_len=128 n_valid=111  23s  max||J||/sqrt(d)=4.115  max_d_mean=6.97e-03
[  1h31m + 21.80s]   prompt 248/1000  seq_len=128 n_valid=111  22s  max||J||/sqrt(d)=4.208  max_d_mean=7.42e-03
[  1h32m + 22.90s]   prompt 249/1000  seq_len=128 n_valid=111  23s  max||J||/sqrt(d)=4.295  max_d_mean=7.66e-03
[  1h32m + 24.20s]   prompt 250/1000  seq_len=128 n_valid=111  24s  max||J||/sqrt(d)=3.094  max_d_mean=5.08e-03
[  1h32m + 20.79s]   prompt 251/1000  seq_len=128 n_valid=111  21s  max||J||/sqrt(d)=3.240  max_d_mean=5.19e-03
[  1h33m + 24.60s]   prompt 252/1000  seq_len=128 n_valid=111  25s  max||J||/sqrt(d)=3.374  max_d_mean=5.55e-03
[  1h33m + 23.10s]   prompt 253/1000  seq_len=70 n_valid=53  23s  max||J||/sqrt(d)=2.887  max_d_mean=5.55e-03
[  1h34m + 15.00s]   prompt 254/1000  seq_len=121 n_valid=104  15s  max||J||/sqrt(d)=2.799  max_d_mean=4.74e-03
[  1h34m + 20.80s]   prompt 255/1000  seq_len=98 n_valid=81  21s  max||J||/sqrt(d)=3.363  max_d_mean=5.96e-03
[  1h34m + 23.90s]   prompt 256/1000  seq_len=128 n_valid=111  24s  max||J||/sqrt(d)=3.849  max_d_mean=6.34e-03
[  1h34m +  9.50s]   prompt 257/1000  seq_len=128 n_valid=111  9s  max||J||/sqrt(d)=3.892  max_d_mean=6.39e-03
[  1h35m +  9.20s]   prompt 258/1000  seq_len=128 n_valid=111  9s  max||J||/sqrt(d)=3.839  max_d_mean=6.12e-03
[  1h35m + 21.40s]   prompt 259/1000  seq_len=120 n_valid=103  21s  max||J||/sqrt(d)=3.612  max_d_mean=5.95e-03
[  1h35m + 23.60s]   prompt 260/1000  seq_len=128 n_valid=111  24s  max||J||/sqrt(d)=3.312  max_d_mean=5.38e-03
[  1h36m + 21.00s]   prompt 261/1000  seq_len=128 n_valid=111  21s  max||J||/sqrt(d)=3.793  max_d_mean=6.24e-03
[  1h36m + 24.20s]   prompt 262/1000  seq_len=113 n_valid=96  24s  max||J||/sqrt(d)=3.581  max_d_mean=6.14e-03
[  1h36m + 23.30s]   prompt 263/1000  seq_len=80 n_valid=63  23s  max||J||/sqrt(d)=3.901  max_d_mean=6.81e-03
[  1h37m + 21.00s]   prompt 264/1000  seq_len=128 n_valid=111  21s  max||J||/sqrt(d)=3.498  max_d_mean=5.57e-03
[  1h37m + 23.20s]   prompt 265/1000  seq_len=128 n_valid=111  23s  max||J||/sqrt(d)=3.446  max_d_mean=5.28e-03
[  1h38m + 23.40s]   prompt 266/1000  seq_len=128 n_valid=111  23s  max||J||/sqrt(d)=3.321  max_d_mean=5.46e-03
[  1h38m + 22.21s]   prompt 267/1000  seq_len=128 n_valid=111  22s  max||J||/sqrt(d)=3.960  max_d_mean=6.23e-03
[  1h38m + 22.29s]   prompt 268/1000  seq_len=128 n_valid=111  22s  max||J||/sqrt(d)=3.545  max_d_mean=5.72e-03
[  1h39m + 24.30s]   prompt 269/1000  seq_len=128 n_valid=111  24s  max||J||/sqrt(d)=3.364  max_d_mean=5.25e-03
[  1h39m + 18.80s]   prompt 270/1000  seq_len=128 n_valid=111  19s  max||J||/sqrt(d)=4.277  max_d_mean=6.86e-03
[  1h39m + 17.00s]   prompt 271/1000  seq_len=128 n_valid=111  17s  max||J||/sqrt(d)=3.411  max_d_mean=5.33e-03
[  1h40m + 30.80s]   prompt 272/1000  seq_len=106 n_valid=89  31s  max||J||/sqrt(d)=3.418  max_d_mean=5.59e-03
[  1h40m + 23.00s]   prompt 273/1000  seq_len=128 n_valid=111  23s  max||J||/sqrt(d)=3.550  max_d_mean=5.49e-03
[  1h41m + 23.10s]   prompt 274/1000  seq_len=128 n_valid=111  23s  max||J||/sqrt(d)=2.998  max_d_mean=4.70e-03
[  1h41m + 27.90s]   prompt 275/1000  seq_len=128 n_valid=111  28s  max||J||/sqrt(d)=3.981  max_d_mean=5.83e-03
[  1h41m + 21.10s]   prompt 276/1000  seq_len=128 n_valid=111  21s  max||J||/sqrt(d)=4.620  max_d_mean=7.69e-03
[  1h42m + 24.40s]   prompt 277/1000  seq_len=87 n_valid=70  24s  max||J||/sqrt(d)=4.231  max_d_mean=6.99e-03
[  1h42m + 22.41s]   prompt 278/1000  seq_len=128 n_valid=111  22s  max||J||/sqrt(d)=4.266  max_d_mean=6.29e-03
[  1h43m + 19.70s]   prompt 279/1000  seq_len=128 n_valid=111  20s  max||J||/sqrt(d)=3.803  max_d_mean=5.37e-03
[  1h43m + 24.10s]   prompt 280/1000  seq_len=112 n_valid=95  24s  max||J||/sqrt(d)=3.347  max_d_mean=4.82e-03
[  1h43m + 22.60s]   prompt 281/1000  seq_len=128 n_valid=111  23s  max||J||/sqrt(d)=4.105  max_d_mean=6.51e-03
[  1h44m + 22.90s]   prompt 282/1000  seq_len=128 n_valid=111  23s  max||J||/sqrt(d)=3.302  max_d_mean=5.00e-03
[  1h44m + 27.41s]   prompt 283/1000  seq_len=128 n_valid=111  27s  max||J||/sqrt(d)=3.701  max_d_mean=5.44e-03
[  1h45m + 23.50s]   prompt 284/1000  seq_len=128 n_valid=111  23s  max||J||/sqrt(d)=3.464  max_d_mean=5.50e-03
[  1h45m + 21.90s]   prompt 285/1000  seq_len=128 n_valid=111  22s  max||J||/sqrt(d)=3.336  max_d_mean=4.85e-03
[  1h45m + 24.80s]   prompt 286/1000  seq_len=88 n_valid=71  25s  max||J||/sqrt(d)=3.974  max_d_mean=6.10e-03
[  1h46m + 22.90s]   prompt 287/1000  seq_len=128 n_valid=111  23s  max||J||/sqrt(d)=3.700  max_d_mean=5.31e-03
[  1h46m + 21.30s]   prompt 288/1000  seq_len=128 n_valid=111  21s  max||J||/sqrt(d)=3.399  max_d_mean=4.94e-03
[  1h46m + 24.00s]   prompt 289/1000  seq_len=128 n_valid=111  24s  max||J||/sqrt(d)=4.359  max_d_mean=6.43e-03
[  1h47m + 22.70s]   prompt 290/1000  seq_len=128 n_valid=111  23s  max||J||/sqrt(d)=3.665  max_d_mean=5.37e-03
[  1h47m + 23.10s]   prompt 291/1000  seq_len=128 n_valid=111  23s  max||J||/sqrt(d)=4.041  max_d_mean=5.95e-03
[  1h48m + 23.90s]   prompt 292/1000  seq_len=128 n_valid=111  24s  max||J||/sqrt(d)=3.888  max_d_mean=5.74e-03
[  1h48m + 21.70s]   prompt 293/1000  seq_len=128 n_valid=111  22s  max||J||/sqrt(d)=3.870  max_d_mean=5.62e-03
[  1h48m + 23.60s]   prompt 294/1000  seq_len=68 n_valid=51  24s  max||J||/sqrt(d)=3.111  max_d_mean=5.06e-03
[  1h49m + 23.90s]   prompt 295/1000  seq_len=128 n_valid=111  24s  max||J||/sqrt(d)=4.374  max_d_mean=6.05e-03
[  1h49m + 21.00s]   prompt 296/1000  seq_len=125 n_valid=108  21s  max||J||/sqrt(d)=3.380  max_d_mean=4.64e-03
[  1h50m + 24.10s]   prompt 297/1000  seq_len=128 n_valid=111  24s  max||J||/sqrt(d)=3.825  max_d_mean=5.37e-03
[  1h50m + 24.00s]   prompt 298/1000  seq_len=128 n_valid=111  24s  max||J||/sqrt(d)=3.699  max_d_mean=5.31e-03
[  1h50m + 22.00s]   prompt 299/1000  seq_len=128 n_valid=111  22s  max||J||/sqrt(d)=4.464  max_d_mean=6.55e-03
[  1h51m + 23.80s]   prompt 300/1000  seq_len=128 n_valid=111  24s  max||J||/sqrt(d)=3.590  max_d_mean=4.91e-03
[  1h51m + 23.81s]   prompt 301/1000  seq_len=128 n_valid=111  24s  max||J||/sqrt(d)=3.494  max_d_mean=4.61e-03
[  1h51m + 23.09s]   prompt 302/1000  seq_len=102 n_valid=85  23s  max||J||/sqrt(d)=4.197  max_d_mean=5.69e-03
[  1h52m + 21.90s]   prompt 303/1000  seq_len=66 n_valid=49  22s  max||J||/sqrt(d)=2.852  max_d_mean=4.46e-03
[  1h52m + 24.30s]   prompt 304/1000  seq_len=119 n_valid=102  24s  max||J||/sqrt(d)=3.304  max_d_mean=4.34e-03
[  1h53m + 21.11s]   prompt 305/1000  seq_len=67 n_valid=50  21s  max||J||/sqrt(d)=4.741  max_d_mean=7.46e-03
[  1h53m + 23.19s]   prompt 306/1000  seq_len=128 n_valid=111  23s  max||J||/sqrt(d)=4.210  max_d_mean=5.84e-03
[  1h53m + 24.00s]   prompt 307/1000  seq_len=128 n_valid=111  24s  max||J||/sqrt(d)=3.292  max_d_mean=4.54e-03
[  1h54m + 22.30s]   prompt 308/1000  seq_len=123 n_valid=106  22s  max||J||/sqrt(d)=3.406  max_d_mean=4.36e-03
[  1h54m + 23.51s]   prompt 309/1000  seq_len=128 n_valid=111  24s  max||J||/sqrt(d)=3.180  max_d_mean=4.27e-03
[  1h55m + 24.50s]   prompt 310/1000  seq_len=128 n_valid=111  24s  max||J||/sqrt(d)=3.423  max_d_mean=4.31e-03
[  1h55m + 23.00s]   prompt 311/1000  seq_len=124 n_valid=107  23s  max||J||/sqrt(d)=3.549  max_d_mean=4.64e-03
[  1h55m + 24.30s]   prompt 312/1000  seq_len=128 n_valid=111  24s  max||J||/sqrt(d)=3.973  max_d_mean=5.16e-03
[  1h56m + 22.99s]   prompt 313/1000  seq_len=123 n_valid=106  23s  max||J||/sqrt(d)=4.622  max_d_mean=6.57e-03
[  1h56m + 22.41s]   prompt 314/1000  seq_len=128 n_valid=111  22s  max||J||/sqrt(d)=3.528  max_d_mean=4.78e-03
[  1h57m + 24.69s]   prompt 315/1000  seq_len=128 n_valid=111  25s  max||J||/sqrt(d)=4.189  max_d_mean=5.83e-03
[  1h57m + 20.60s]   prompt 316/1000  seq_len=128 n_valid=111  21s  max||J||/sqrt(d)=4.122  max_d_mean=5.66e-03
[  1h57m + 21.90s]   prompt 317/1000  seq_len=128 n_valid=111  22s  max||J||/sqrt(d)=5.103  max_d_mean=7.55e-03
[  1h58m + 24.09s]   prompt 318/1000  seq_len=128 n_valid=111  24s  max||J||/sqrt(d)=4.763  max_d_mean=6.95e-03
[  1h58m + 23.90s]   prompt 319/1000  seq_len=120 n_valid=103  24s  max||J||/sqrt(d)=3.601  max_d_mean=4.94e-03
[  1h58m + 22.00s]   prompt 320/1000  seq_len=128 n_valid=111  22s  max||J||/sqrt(d)=3.570  max_d_mean=4.72e-03
[  1h59m + 23.30s]   prompt 321/1000  seq_len=92 n_valid=75  23s  max||J||/sqrt(d)=4.662  max_d_mean=6.69e-03
[  1h59m + 23.90s]   prompt 322/1000  seq_len=128 n_valid=111  24s  max||J||/sqrt(d)=4.027  max_d_mean=5.57e-03
[  2h00m + 21.20s]   prompt 323/1000  seq_len=128 n_valid=111  21s  max||J||/sqrt(d)=3.672  max_d_mean=4.80e-03
[  2h00m + 24.10s]   prompt 324/1000  seq_len=87 n_valid=70  24s  max||J||/sqrt(d)=3.246  max_d_mean=4.30e-03
[  2h00m + 23.70s]   prompt 325/1000  seq_len=128 n_valid=111  24s  max||J||/sqrt(d)=3.960  max_d_mean=5.15e-03
[  2h01m + 20.19s]   prompt 326/1000  seq_len=128 n_valid=111  20s  max||J||/sqrt(d)=3.720  max_d_mean=4.82e-03
[  2h01m + 24.00s]   prompt 327/1000  seq_len=96 n_valid=79  24s  max||J||/sqrt(d)=3.783  max_d_mean=5.08e-03
[  2h01m + 23.50s]   prompt 328/1000  seq_len=128 n_valid=111  23s  max||J||/sqrt(d)=3.298  max_d_mean=4.18e-03
[  2h02m + 21.40s]   prompt 329/1000  seq_len=128 n_valid=111  21s  max||J||/sqrt(d)=3.673  max_d_mean=4.91e-03
[  2h02m + 24.31s]   prompt 330/1000  seq_len=63 n_valid=46  24s  max||J||/sqrt(d)=4.171  max_d_mean=5.65e-03
[  2h03m + 23.49s]   prompt 331/1000  seq_len=128 n_valid=111  23s  max||J||/sqrt(d)=4.764  max_d_mean=6.52e-03
[  2h03m + 22.61s]   prompt 332/1000  seq_len=128 n_valid=111  23s  max||J||/sqrt(d)=4.483  max_d_mean=6.38e-03
[  2h03m + 23.99s]   prompt 333/1000  seq_len=128 n_valid=111  24s  max||J||/sqrt(d)=4.097  max_d_mean=5.63e-03
[  2h04m + 20.20s]   prompt 334/1000  seq_len=128 n_valid=111  20s  max||J||/sqrt(d)=3.901  max_d_mean=5.12e-03
[  2h04m + 20.41s]   prompt 335/1000  seq_len=49 n_valid=32  20s  max||J||/sqrt(d)=2.864  max_d_mean=4.35e-03
[  2h04m + 23.49s]   prompt 336/1000  seq_len=128 n_valid=111  23s  max||J||/sqrt(d)=3.483  max_d_mean=4.49e-03
[  2h05m + 22.50s]   prompt 337/1000  seq_len=128 n_valid=111  23s  max||J||/sqrt(d)=3.782  max_d_mean=4.86e-03
[  2h05m + 22.30s]   prompt 338/1000  seq_len=82 n_valid=65  22s  max||J||/sqrt(d)=2.667  max_d_mean=3.68e-03
[  2h06m + 27.80s]   prompt 339/1000  seq_len=128 n_valid=111  28s  max||J||/sqrt(d)=3.586  max_d_mean=4.43e-03
[  2h06m + 24.10s]   prompt 340/1000  seq_len=84 n_valid=67  24s  max||J||/sqrt(d)=4.422  max_d_mean=5.80e-03
[  2h06m + 21.40s]   prompt 341/1000  seq_len=86 n_valid=69  21s  max||J||/sqrt(d)=3.565  max_d_mean=4.76e-03
[  2h07m + 24.20s]   prompt 342/1000  seq_len=97 n_valid=80  24s  max||J||/sqrt(d)=3.207  max_d_mean=4.18e-03
[  2h07m + 26.30s]   prompt 343/1000  seq_len=128 n_valid=111  26s  max||J||/sqrt(d)=4.327  max_d_mean=5.26e-03
[  2h08m + 21.70s]   prompt 344/1000  seq_len=113 n_valid=96  22s  max||J||/sqrt(d)=3.248  max_d_mean=4.02e-03
[  2h08m + 24.50s]   prompt 345/1000  seq_len=128 n_valid=111  24s  max||J||/sqrt(d)=3.620  max_d_mean=4.25e-03
[  2h08m + 21.20s]   prompt 346/1000  seq_len=128 n_valid=111  21s  max||J||/sqrt(d)=3.880  max_d_mean=4.68e-03
[  2h09m + 23.20s]   prompt 347/1000  seq_len=128 n_valid=111  23s  max||J||/sqrt(d)=3.164  max_d_mean=3.96e-03
[  2h09m + 27.80s]   prompt 348/1000  seq_len=86 n_valid=69  28s  max||J||/sqrt(d)=2.953  max_d_mean=3.57e-03
[  2h10m + 22.20s]   prompt 349/1000  seq_len=128 n_valid=111  22s  max||J||/sqrt(d)=3.799  max_d_mean=4.23e-03
[  2h10m + 24.41s]   prompt 350/1000  seq_len=82 n_valid=65  24s  max||J||/sqrt(d)=4.956  max_d_mean=6.27e-03
[  2h10m + 23.70s]   prompt 351/1000  seq_len=73 n_valid=56  24s  max||J||/sqrt(d)=2.719  max_d_mean=3.66e-03
[  2h11m + 22.80s]   prompt 352/1000  seq_len=128 n_valid=111  23s  max||J||/sqrt(d)=3.771  max_d_mean=4.47e-03
[  2h11m + 24.01s]   prompt 353/1000  seq_len=128 n_valid=111  24s  max||J||/sqrt(d)=3.458  max_d_mean=4.02e-03
[  2h12m + 23.28s]   prompt 354/1000  seq_len=128 n_valid=111  23s  max||J||/sqrt(d)=3.242  max_d_mean=3.74e-03
[  2h12m + 25.51s]   prompt 355/1000  seq_len=128 n_valid=111  26s  max||J||/sqrt(d)=4.116  max_d_mean=4.79e-03
[  2h12m + 23.89s]   prompt 356/1000  seq_len=128 n_valid=111  24s  max||J||/sqrt(d)=4.553  max_d_mean=5.51e-03
[  2h13m + 23.91s]   prompt 357/1000  seq_len=128 n_valid=111  24s  max||J||/sqrt(d)=3.736  max_d_mean=4.32e-03
[  2h13m + 20.30s]   prompt 358/1000  seq_len=128 n_valid=111  20s  max||J||/sqrt(d)=3.984  max_d_mean=4.46e-03
[  2h14m + 22.89s]   prompt 359/1000  seq_len=104 n_valid=87  23s  max||J||/sqrt(d)=4.733  max_d_mean=5.75e-03
[  2h14m + 23.10s]   prompt 360/1000  seq_len=128 n_valid=111  23s  max||J||/sqrt(d)=4.125  max_d_mean=4.92e-03
[  2h14m + 20.20s]   prompt 361/1000  seq_len=128 n_valid=111  20s  max||J||/sqrt(d)=3.822  max_d_mean=4.52e-03
[  2h15m + 18.70s]   prompt 362/1000  seq_len=94 n_valid=77  19s  max||J||/sqrt(d)=3.252  max_d_mean=3.58e-03
[  2h15m + 19.60s]   prompt 363/1000  seq_len=128 n_valid=111  20s  max||J||/sqrt(d)=3.893  max_d_mean=4.55e-03
[  2h15m + 18.80s]   prompt 364/1000  seq_len=128 n_valid=111  19s  max||J||/sqrt(d)=3.822  max_d_mean=4.33e-03
[  2h16m + 21.70s]   prompt 365/1000  seq_len=128 n_valid=111  22s  max||J||/sqrt(d)=4.503  max_d_mean=5.08e-03
[  2h16m + 26.10s]   prompt 366/1000  seq_len=128 n_valid=111  26s  max||J||/sqrt(d)=3.559  max_d_mean=3.93e-03
[  2h16m + 21.09s]   prompt 367/1000  seq_len=128 n_valid=111  21s  max||J||/sqrt(d)=3.789  max_d_mean=4.44e-03
[  2h17m + 19.70s]   prompt 368/1000  seq_len=75 n_valid=58  20s  max||J||/sqrt(d)=3.345  max_d_mean=3.93e-03
[  2h17m + 21.30s]   prompt 369/1000  seq_len=128 n_valid=111  21s  max||J||/sqrt(d)=3.282  max_d_mean=4.09e-03
[  2h17m + 20.10s]   prompt 370/1000  seq_len=67 n_valid=50  20s  max||J||/sqrt(d)=3.305  max_d_mean=4.43e-03
[  2h18m + 20.89s]   prompt 371/1000  seq_len=86 n_valid=69  21s  max||J||/sqrt(d)=4.964  max_d_mean=6.24e-03
[  2h18m + 19.50s]   prompt 372/1000  seq_len=88 n_valid=71  20s  max||J||/sqrt(d)=4.149  max_d_mean=5.17e-03
[  2h18m + 20.50s]   prompt 373/1000  seq_len=109 n_valid=92  20s  max||J||/sqrt(d)=4.358  max_d_mean=5.35e-03
[  2h19m + 19.60s]   prompt 374/1000  seq_len=85 n_valid=68  20s  max||J||/sqrt(d)=5.328  max_d_mean=6.58e-03
[  2h19m + 24.60s]   prompt 375/1000  seq_len=80 n_valid=63  25s  max||J||/sqrt(d)=4.287  max_d_mean=5.27e-03
[  2h19m + 20.30s]   prompt 376/1000  seq_len=80 n_valid=63  20s  max||J||/sqrt(d)=3.823  max_d_mean=4.73e-03
[  2h20m + 19.50s]   prompt 377/1000  seq_len=111 n_valid=94  19s  max||J||/sqrt(d)=4.451  max_d_mean=5.32e-03
[  2h20m + 21.20s]   prompt 378/1000  seq_len=106 n_valid=89  21s  max||J||/sqrt(d)=4.623  max_d_mean=5.63e-03
[  2h20m + 20.40s]   prompt 379/1000  seq_len=82 n_valid=65  20s  max||J||/sqrt(d)=4.571  max_d_mean=5.53e-03
[  2h21m + 20.30s]   prompt 380/1000  seq_len=60 n_valid=43  20s  max||J||/sqrt(d)=3.690  max_d_mean=4.91e-03
[  2h21m + 21.70s]   prompt 381/1000  seq_len=59 n_valid=42  22s  max||J||/sqrt(d)=3.432  max_d_mean=4.42e-03
[  2h21m + 20.10s]   prompt 382/1000  seq_len=57 n_valid=40  20s  max||J||/sqrt(d)=6.016  max_d_mean=7.80e-03
[  2h22m + 19.20s]   prompt 383/1000  seq_len=96 n_valid=79  19s  max||J||/sqrt(d)=3.543  max_d_mean=4.25e-03
[  2h22m + 19.70s]   prompt 384/1000  seq_len=107 n_valid=90  20s  max||J||/sqrt(d)=4.047  max_d_mean=4.68e-03
[  2h22m + 19.20s]   prompt 385/1000  seq_len=46 n_valid=29  19s  max||J||/sqrt(d)=5.264  max_d_mean=6.88e-03
[  2h23m + 20.30s]   prompt 386/1000  seq_len=59 n_valid=42  20s  max||J||/sqrt(d)=4.011  max_d_mean=5.16e-03
[  2h23m + 21.19s]   prompt 387/1000  seq_len=128 n_valid=111  21s  max||J||/sqrt(d)=3.771  max_d_mean=4.42e-03
[  2h23m + 20.60s]   prompt 388/1000  seq_len=128 n_valid=111  21s  max||J||/sqrt(d)=4.055  max_d_mean=4.72e-03
[  2h24m + 21.10s]   prompt 389/1000  seq_len=101 n_valid=84  21s  max||J||/sqrt(d)=4.149  max_d_mean=4.96e-03
[  2h24m + 20.80s]   prompt 390/1000  seq_len=128 n_valid=111  21s  max||J||/sqrt(d)=4.391  max_d_mean=5.00e-03
[  2h24m + 17.90s]   prompt 391/1000  seq_len=58 n_valid=41  18s  max||J||/sqrt(d)=3.789  max_d_mean=4.62e-03
[  2h25m + 18.40s]   prompt 392/1000  seq_len=78 n_valid=61  18s  max||J||/sqrt(d)=4.108  max_d_mean=5.15e-03
[  2h25m + 20.50s]   prompt 393/1000  seq_len=128 n_valid=111  21s  max||J||/sqrt(d)=2.877  max_d_mean=3.29e-03
[  2h25m + 18.10s]   prompt 394/1000  seq_len=79 n_valid=62  18s  max||J||/sqrt(d)=5.502  max_d_mean=6.72e-03
[  2h26m + 19.00s]   prompt 395/1000  seq_len=107 n_valid=90  19s  max||J||/sqrt(d)=3.262  max_d_mean=3.82e-03
[  2h26m + 17.80s]   prompt 396/1000  seq_len=128 n_valid=111  18s  max||J||/sqrt(d)=3.755  max_d_mean=4.37e-03
[  2h26m + 22.90s]   prompt 397/1000  seq_len=111 n_valid=94  23s  max||J||/sqrt(d)=3.609  max_d_mean=4.07e-03
[  2h27m + 22.10s]   prompt 398/1000  seq_len=128 n_valid=111  22s  max||J||/sqrt(d)=3.222  max_d_mean=3.50e-03
[  2h27m + 23.10s]   prompt 399/1000  seq_len=128 n_valid=111  23s  max||J||/sqrt(d)=4.307  max_d_mean=4.96e-03
[  2h28m + 19.89s]   prompt 400/1000  seq_len=128 n_valid=111  20s  max||J||/sqrt(d)=3.913  max_d_mean=4.22e-03
[  2h28m + 20.30s]   prompt 401/1000  seq_len=100 n_valid=83  20s  max||J||/sqrt(d)=4.229  max_d_mean=4.71e-03
[  2h28m + 18.00s]   prompt 402/1000  seq_len=128 n_valid=111  18s  max||J||/sqrt(d)=3.091  max_d_mean=3.30e-03
[  2h28m + 20.10s]   prompt 403/1000  seq_len=119 n_valid=102  20s  max||J||/sqrt(d)=3.628  max_d_mean=4.06e-03
[  2h29m + 19.30s]   prompt 404/1000  seq_len=128 n_valid=111  19s  max||J||/sqrt(d)=3.414  max_d_mean=3.53e-03
[  2h29m + 19.61s]   prompt 405/1000  seq_len=128 n_valid=111  20s  max||J||/sqrt(d)=3.449  max_d_mean=3.70e-03
[  2h29m + 21.29s]   prompt 406/1000  seq_len=128 n_valid=111  21s  max||J||/sqrt(d)=3.835  max_d_mean=4.21e-03
[  2h30m + 19.70s]   prompt 407/1000  seq_len=84 n_valid=67  20s  max||J||/sqrt(d)=4.355  max_d_mean=5.05e-03
[  2h30m + 18.20s]   prompt 408/1000  seq_len=48 n_valid=31  18s  max||J||/sqrt(d)=4.119  max_d_mean=5.11e-03
[  2h30m + 19.70s]   prompt 409/1000  seq_len=45 n_valid=28  20s  max||J||/sqrt(d)=3.149  max_d_mean=3.70e-03
[  2h31m + 18.11s]   prompt 410/1000  seq_len=128 n_valid=111  18s  max||J||/sqrt(d)=3.783  max_d_mean=4.01e-03
[  2h31m + 21.09s]   prompt 411/1000  seq_len=128 n_valid=111  21s  max||J||/sqrt(d)=5.137  max_d_mean=5.85e-03
[  2h31m + 23.00s]   prompt 412/1000  seq_len=128 n_valid=111  23s  max||J||/sqrt(d)=3.076  max_d_mean=3.12e-03
[  2h32m + 20.10s]   prompt 413/1000  seq_len=128 n_valid=111  20s  max||J||/sqrt(d)=3.400  max_d_mean=3.61e-03
[  2h32m + 21.40s]   prompt 414/1000  seq_len=128 n_valid=111  21s  max||J||/sqrt(d)=3.328  max_d_mean=3.36e-03
[  2h33m + 21.70s]   prompt 415/1000  seq_len=128 n_valid=111  22s  max||J||/sqrt(d)=3.356  max_d_mean=3.32e-03
[  2h33m + 20.11s]   prompt 416/1000  seq_len=128 n_valid=111  20s  max||J||/sqrt(d)=3.488  max_d_mean=3.52e-03
[  2h33m + 20.19s]   prompt 417/1000  seq_len=39 n_valid=22  20s  max||J||/sqrt(d)=3.614  max_d_mean=4.44e-03
[  2h34m + 18.50s]   prompt 418/1000  seq_len=55 n_valid=38  18s  max||J||/sqrt(d)=2.818  max_d_mean=3.38e-03
[  2h34m + 20.70s]   prompt 419/1000  seq_len=106 n_valid=89  21s  max||J||/sqrt(d)=3.503  max_d_mean=3.75e-03
[  2h34m + 18.90s]   prompt 420/1000  seq_len=128 n_valid=111  19s  max||J||/sqrt(d)=3.749  max_d_mean=4.02e-03
[  2h35m + 21.50s]   prompt 421/1000  seq_len=76 n_valid=59  21s  max||J||/sqrt(d)=2.549  max_d_mean=2.77e-03
[  2h35m + 20.50s]   prompt 422/1000  seq_len=128 n_valid=111  21s  max||J||/sqrt(d)=4.056  max_d_mean=4.40e-03
[  2h35m + 21.30s]   prompt 423/1000  seq_len=94 n_valid=77  21s  max||J||/sqrt(d)=3.567  max_d_mean=3.88e-03
[  2h36m + 18.99s]   prompt 424/1000  seq_len=128 n_valid=111  19s  max||J||/sqrt(d)=3.324  max_d_mean=3.24e-03
[  2h36m + 18.50s]   prompt 425/1000  seq_len=128 n_valid=111  19s  max||J||/sqrt(d)=4.487  max_d_mean=4.88e-03
[  2h36m + 19.00s]   prompt 426/1000  seq_len=128 n_valid=111  19s  max||J||/sqrt(d)=3.489  max_d_mean=3.48e-03
[  2h37m + 21.00s]   prompt 427/1000  seq_len=114 n_valid=97  21s  max||J||/sqrt(d)=3.511  max_d_mean=3.49e-03
[  2h37m + 18.40s]   prompt 428/1000  seq_len=128 n_valid=111  18s  max||J||/sqrt(d)=2.940  max_d_mean=2.87e-03
[  2h37m + 19.50s]   prompt 429/1000  seq_len=128 n_valid=111  20s  max||J||/sqrt(d)=3.429  max_d_mean=3.62e-03
[  2h37m + 19.10s]   prompt 430/1000  seq_len=128 n_valid=111  19s  max||J||/sqrt(d)=3.256  max_d_mean=3.13e-03
[  2h38m + 19.10s]   prompt 431/1000  seq_len=110 n_valid=93  19s  max||J||/sqrt(d)=3.435  max_d_mean=3.40e-03
[  2h38m + 20.40s]   prompt 432/1000  seq_len=128 n_valid=111  20s  max||J||/sqrt(d)=4.607  max_d_mean=4.85e-03
[  2h39m + 23.41s]   prompt 433/1000  seq_len=63 n_valid=46  23s  max||J||/sqrt(d)=3.668  max_d_mean=3.91e-03
[  2h39m + 21.19s]   prompt 434/1000  seq_len=128 n_valid=111  21s  max||J||/sqrt(d)=3.377  max_d_mean=3.32e-03
[  2h39m + 18.30s]   prompt 435/1000  seq_len=128 n_valid=111  18s  max||J||/sqrt(d)=3.377  max_d_mean=3.34e-03
[  2h40m + 19.50s]   prompt 436/1000  seq_len=128 n_valid=111  20s  max||J||/sqrt(d)=4.248  max_d_mean=4.20e-03
[  2h40m + 21.30s]   prompt 437/1000  seq_len=128 n_valid=111  21s  max||J||/sqrt(d)=4.810  max_d_mean=5.05e-03
[  2h40m + 20.20s]   prompt 438/1000  seq_len=72 n_valid=55  20s  max||J||/sqrt(d)=3.821  max_d_mean=3.92e-03
[  2h41m + 26.30s]   prompt 439/1000  seq_len=128 n_valid=111  26s  max||J||/sqrt(d)=3.261  max_d_mean=3.14e-03
[  2h41m + 20.30s]   prompt 440/1000  seq_len=128 n_valid=111  20s  max||J||/sqrt(d)=4.036  max_d_mean=4.09e-03
[  2h41m + 20.60s]   prompt 441/1000  seq_len=128 n_valid=111  21s  max||J||/sqrt(d)=4.032  max_d_mean=3.94e-03
[  2h42m + 21.80s]   prompt 442/1000  seq_len=113 n_valid=96  22s  max||J||/sqrt(d)=3.895  max_d_mean=3.81e-03
[  2h42m + 19.80s]   prompt 443/1000  seq_len=85 n_valid=68  20s  max||J||/sqrt(d)=2.864  max_d_mean=2.85e-03
[  2h42m + 19.20s]   prompt 444/1000  seq_len=116 n_valid=99  19s  max||J||/sqrt(d)=4.559  max_d_mean=4.98e-03
[  2h43m + 19.90s]   prompt 445/1000  seq_len=128 n_valid=111  20s  max||J||/sqrt(d)=4.008  max_d_mean=3.77e-03
[  2h43m + 17.80s]   prompt 446/1000  seq_len=128 n_valid=111  18s  max||J||/sqrt(d)=4.653  max_d_mean=4.54e-03
[  2h43m + 18.70s]   prompt 447/1000  seq_len=119 n_valid=102  19s  max||J||/sqrt(d)=3.806  max_d_mean=3.64e-03
[  2h44m + 20.60s]   prompt 448/1000  seq_len=54 n_valid=37  21s  max||J||/sqrt(d)=2.680  max_d_mean=2.87e-03
[  2h44m + 20.30s]   prompt 449/1000  seq_len=128 n_valid=111  20s  max||J||/sqrt(d)=3.357  max_d_mean=3.16e-03
[  2h44m + 21.30s]   prompt 450/1000  seq_len=101 n_valid=84  21s  max||J||/sqrt(d)=4.776  max_d_mean=4.79e-03
[  2h45m + 19.60s]   prompt 451/1000  seq_len=128 n_valid=111  19s  max||J||/sqrt(d)=3.146  max_d_mean=2.98e-03
[  2h45m + 21.20s]   prompt 452/1000  seq_len=128 n_valid=111  21s  max||J||/sqrt(d)=2.695  max_d_mean=2.59e-03
[  2h45m + 17.20s]   prompt 453/1000  seq_len=128 n_valid=111  17s  max||J||/sqrt(d)=2.875  max_d_mean=2.77e-03
[  2h46m + 15.89s]   prompt 454/1000  seq_len=128 n_valid=111  16s  max||J||/sqrt(d)=3.701  max_d_mean=3.61e-03
[  2h46m + 17.00s]   prompt 455/1000  seq_len=128 n_valid=111  17s  max||J||/sqrt(d)=3.589  max_d_mean=3.45e-03
[  2h46m +  8.90s]   prompt 456/1000  seq_len=128 n_valid=111  9s  max||J||/sqrt(d)=3.412  max_d_mean=3.14e-03
[  2h46m +  3.90s]   prompt 457/1000  seq_len=128 n_valid=111  4s  max||J||/sqrt(d)=2.749  max_d_mean=2.54e-03
[  2h46m + 13.20s]   prompt 458/1000  seq_len=128 n_valid=111  13s  max||J||/sqrt(d)=3.771  max_d_mean=3.55e-03
[  2h47m + 20.49s]   prompt 459/1000  seq_len=128 n_valid=111  20s  max||J||/sqrt(d)=3.214  max_d_mean=2.97e-03
[  2h47m + 13.21s]   prompt 460/1000  seq_len=128 n_valid=111  13s  max||J||/sqrt(d)=4.199  max_d_mean=4.07e-03
[  2h47m + 17.49s]   prompt 461/1000  seq_len=128 n_valid=111  17s  max||J||/sqrt(d)=3.738  max_d_mean=3.46e-03
[  2h47m + 14.30s]   prompt 462/1000  seq_len=128 n_valid=111  14s  max||J||/sqrt(d)=3.464  max_d_mean=3.24e-03
[  2h48m + 19.70s]   prompt 463/1000  seq_len=128 n_valid=111  20s  max||J||/sqrt(d)=3.878  max_d_mean=3.64e-03
[  2h48m + 19.90s]   prompt 464/1000  seq_len=128 n_valid=111  20s  max||J||/sqrt(d)=3.307  max_d_mean=2.96e-03
[  2h48m + 19.90s]   prompt 465/1000  seq_len=128 n_valid=111  20s  max||J||/sqrt(d)=4.316  max_d_mean=4.14e-03
[  2h49m + 20.30s]   prompt 466/1000  seq_len=128 n_valid=111  20s  max||J||/sqrt(d)=3.823  max_d_mean=3.57e-03
[  2h49m + 22.10s]   prompt 467/1000  seq_len=128 n_valid=111  22s  max||J||/sqrt(d)=3.189  max_d_mean=3.05e-03
[  2h49m + 20.21s]   prompt 468/1000  seq_len=128 n_valid=111  20s  max||J||/sqrt(d)=3.601  max_d_mean=3.47e-03
[  2h50m + 19.09s]   prompt 469/1000  seq_len=128 n_valid=111  19s  max||J||/sqrt(d)=2.942  max_d_mean=2.82e-03
[  2h50m + 20.40s]   prompt 470/1000  seq_len=128 n_valid=111  20s  max||J||/sqrt(d)=3.477  max_d_mean=3.04e-03
[  2h50m + 19.41s]   prompt 471/1000  seq_len=128 n_valid=111  19s  max||J||/sqrt(d)=3.752  max_d_mean=3.57e-03
[  2h51m + 26.09s]   prompt 472/1000  seq_len=51 n_valid=34  26s  max||J||/sqrt(d)=3.544  max_d_mean=3.68e-03
[  2h51m + 20.10s]   prompt 473/1000  seq_len=128 n_valid=111  20s  max||J||/sqrt(d)=3.344  max_d_mean=2.90e-03
[  2h52m + 21.90s]   prompt 474/1000  seq_len=128 n_valid=111  22s  max||J||/sqrt(d)=3.517  max_d_mean=3.11e-03
[  2h52m + 22.10s]   prompt 475/1000  seq_len=122 n_valid=105  22s  max||J||/sqrt(d)=3.044  max_d_mean=2.78e-03
[  2h52m + 19.90s]   prompt 476/1000  seq_len=128 n_valid=111  20s  max||J||/sqrt(d)=4.154  max_d_mean=3.82e-03
[  2h53m + 19.50s]   prompt 477/1000  seq_len=70 n_valid=53  20s  max||J||/sqrt(d)=4.813  max_d_mean=4.95e-03
[  2h53m + 17.80s]   prompt 478/1000  seq_len=119 n_valid=102  18s  max||J||/sqrt(d)=4.178  max_d_mean=3.74e-03
[  2h53m + 19.00s]   prompt 479/1000  seq_len=128 n_valid=111  19s  max||J||/sqrt(d)=4.028  max_d_mean=3.62e-03
[  2h53m + 19.80s]   prompt 480/1000  seq_len=128 n_valid=111  20s  max||J||/sqrt(d)=3.167  max_d_mean=2.73e-03
[  2h54m + 21.40s]   prompt 481/1000  seq_len=64 n_valid=47  21s  max||J||/sqrt(d)=2.853  max_d_mean=2.84e-03
[  2h54m + 19.20s]   prompt 482/1000  seq_len=128 n_valid=111  19s  max||J||/sqrt(d)=3.325  max_d_mean=3.07e-03
[  2h55m + 24.39s]   prompt 483/1000  seq_len=128 n_valid=111  24s  max||J||/sqrt(d)=3.512  max_d_mean=3.17e-03
[  2h55m + 19.31s]   prompt 484/1000  seq_len=76 n_valid=59  19s  max||J||/sqrt(d)=3.598  max_d_mean=3.50e-03
[  2h55m + 19.79s]   prompt 485/1000  seq_len=128 n_valid=111  20s  max||J||/sqrt(d)=3.037  max_d_mean=2.68e-03
[  2h56m + 19.41s]   prompt 486/1000  seq_len=117 n_valid=100  19s  max||J||/sqrt(d)=3.202  max_d_mean=2.81e-03
[  2h56m + 19.80s]   prompt 487/1000  seq_len=128 n_valid=111  20s  max||J||/sqrt(d)=2.858  max_d_mean=2.39e-03
[  2h56m + 20.81s]   prompt 488/1000  seq_len=128 n_valid=111  21s  max||J||/sqrt(d)=3.177  max_d_mean=2.72e-03
[  2h57m + 25.80s]   prompt 489/1000  seq_len=116 n_valid=99  26s  max||J||/sqrt(d)=3.042  max_d_mean=2.67e-03
[  2h57m + 20.10s]   prompt 490/1000  seq_len=127 n_valid=110  20s  max||J||/sqrt(d)=3.234  max_d_mean=2.69e-03
[  2h57m + 20.50s]   prompt 491/1000  seq_len=108 n_valid=91  21s  max||J||/sqrt(d)=4.600  max_d_mean=4.42e-03
[  2h58m + 21.00s]   prompt 492/1000  seq_len=128 n_valid=111  21s  max||J||/sqrt(d)=3.619  max_d_mean=3.19e-03
[  2h58m + 18.89s]   prompt 493/1000  seq_len=110 n_valid=93  19s  max||J||/sqrt(d)=4.794  max_d_mean=4.56e-03
[  2h58m + 19.00s]   prompt 494/1000  seq_len=128 n_valid=111  19s  max||J||/sqrt(d)=3.282  max_d_mean=2.89e-03
[  2h59m + 22.40s]   prompt 495/1000  seq_len=60 n_valid=43  22s  max||J||/sqrt(d)=3.826  max_d_mean=3.80e-03
[  2h59m + 19.90s]   prompt 496/1000  seq_len=59 n_valid=42  20s  max||J||/sqrt(d)=3.909  max_d_mean=3.62e-03
[  2h59m + 19.70s]   prompt 497/1000  seq_len=72 n_valid=55  20s  max||J||/sqrt(d)=4.397  max_d_mean=4.21e-03
[  3h00m + 20.30s]   prompt 498/1000  seq_len=128 n_valid=111  20s  max||J||/sqrt(d)=3.470  max_d_mean=2.98e-03
[  3h00m + 19.29s]   prompt 499/1000  seq_len=128 n_valid=111  19s  max||J||/sqrt(d)=3.593  max_d_mean=3.14e-03
[  3h00m + 20.80s]   prompt 500/1000  seq_len=128 n_valid=111  21s  max||J||/sqrt(d)=3.417  max_d_mean=2.85e-03
[  3h01m + 21.20s]   prompt 501/1000  seq_len=128 n_valid=111  21s  max||J||/sqrt(d)=3.270  max_d_mean=2.89e-03
[  3h01m + 19.21s]   prompt 502/1000  seq_len=128 n_valid=111  19s  max||J||/sqrt(d)=3.475  max_d_mean=3.08e-03
[  3h01m + 18.90s]   prompt 503/1000  seq_len=128 n_valid=111  19s  max||J||/sqrt(d)=3.320  max_d_mean=2.94e-03
[  3h02m + 19.80s]   prompt 504/1000  seq_len=128 n_valid=111  20s  max||J||/sqrt(d)=3.519  max_d_mean=3.09e-03
[  3h02m + 21.49s]   prompt 505/1000  seq_len=49 n_valid=32  21s  max||J||/sqrt(d)=2.731  max_d_mean=2.62e-03
[  3h02m + 20.11s]   prompt 506/1000  seq_len=46 n_valid=29  20s  max||J||/sqrt(d)=2.914  max_d_mean=2.85e-03
[  3h03m + 18.80s]   prompt 507/1000  seq_len=116 n_valid=99  19s  max||J||/sqrt(d)=3.044  max_d_mean=2.52e-03
[  3h03m + 19.10s]   prompt 508/1000  seq_len=128 n_valid=111  19s  max||J||/sqrt(d)=2.750  max_d_mean=2.09e-03
[  3h03m + 19.29s]   prompt 509/1000  seq_len=84 n_valid=67  19s  max||J||/sqrt(d)=3.717  max_d_mean=3.40e-03
[  3h04m + 18.31s]   prompt 510/1000  seq_len=128 n_valid=111  18s  max||J||/sqrt(d)=3.947  max_d_mean=3.49e-03
[  3h04m + 18.70s]   prompt 511/1000  seq_len=128 n_valid=111  19s  max||J||/sqrt(d)=4.570  max_d_mean=4.23e-03
[  3h04m + 19.70s]   prompt 512/1000  seq_len=107 n_valid=90  20s  max||J||/sqrt(d)=4.687  max_d_mean=4.35e-03
[  3h05m + 19.90s]   prompt 513/1000  seq_len=57 n_valid=40  20s  max||J||/sqrt(d)=6.106  max_d_mean=6.07e-03
[  3h05m + 20.00s]   prompt 514/1000  seq_len=115 n_valid=98  20s  max||J||/sqrt(d)=2.722  max_d_mean=2.49e-03
[  3h05m + 19.29s]   prompt 515/1000  seq_len=128 n_valid=111  19s  max||J||/sqrt(d)=4.663  max_d_mean=4.35e-03
[  3h06m + 21.90s]   prompt 516/1000  seq_len=128 n_valid=111  22s  max||J||/sqrt(d)=3.988  max_d_mean=3.76e-03
[  3h06m + 18.90s]   prompt 517/1000  seq_len=128 n_valid=111  19s  max||J||/sqrt(d)=3.468  max_d_mean=2.90e-03
[  3h06m + 20.50s]   prompt 518/1000  seq_len=64 n_valid=47  21s  max||J||/sqrt(d)=2.854  max_d_mean=2.61e-03
[  3h07m + 19.70s]   prompt 519/1000  seq_len=90 n_valid=73  20s  max||J||/sqrt(d)=2.573  max_d_mean=2.10e-03
[  3h07m + 20.50s]   prompt 520/1000  seq_len=128 n_valid=111  20s  max||J||/sqrt(d)=3.608  max_d_mean=3.25e-03
[  3h07m + 19.30s]   prompt 521/1000  seq_len=128 n_valid=111  19s  max||J||/sqrt(d)=3.337  max_d_mean=2.86e-03
[  3h08m + 18.30s]   prompt 522/1000  seq_len=115 n_valid=98  18s  max||J||/sqrt(d)=4.223  max_d_mean=3.59e-03
[  3h08m + 20.60s]   prompt 523/1000  seq_len=76 n_valid=59  21s  max||J||/sqrt(d)=4.151  max_d_mean=3.72e-03
[  3h08m + 20.20s]   prompt 524/1000  seq_len=128 n_valid=111  20s  max||J||/sqrt(d)=3.952  max_d_mean=3.57e-03
[  3h09m + 19.70s]   prompt 525/1000  seq_len=85 n_valid=68  20s  max||J||/sqrt(d)=3.658  max_d_mean=3.32e-03
[  3h09m + 20.99s]   prompt 526/1000  seq_len=128 n_valid=111  21s  max||J||/sqrt(d)=4.411  max_d_mean=3.80e-03
[  3h09m + 19.60s]   prompt 527/1000  seq_len=128 n_valid=111  20s  max||J||/sqrt(d)=3.524  max_d_mean=2.76e-03
[  3h10m + 18.80s]   prompt 528/1000  seq_len=128 n_valid=111  19s  max||J||/sqrt(d)=3.936  max_d_mean=3.02e-03
[  3h10m + 20.90s]   prompt 529/1000  seq_len=92 n_valid=75  21s  max||J||/sqrt(d)=3.018  max_d_mean=2.53e-03
[  3h10m + 21.00s]   prompt 530/1000  seq_len=128 n_valid=111  21s  max||J||/sqrt(d)=3.706  max_d_mean=2.98e-03
[  3h11m + 21.70s]   prompt 531/1000  seq_len=60 n_valid=43  22s  max||J||/sqrt(d)=3.108  max_d_mean=2.59e-03
[  3h11m + 20.10s]   prompt 532/1000  seq_len=128 n_valid=111  20s  max||J||/sqrt(d)=3.317  max_d_mean=2.70e-03
[  3h11m + 14.10s]   prompt 533/1000  seq_len=128 n_valid=111  14s  max||J||/sqrt(d)=3.710  max_d_mean=3.09e-03
[  3h11m + 18.60s]   prompt 534/1000  seq_len=45 n_valid=28  19s  max||J||/sqrt(d)=3.222  max_d_mean=2.82e-03
[  3h12m + 15.00s]   prompt 535/1000  seq_len=128 n_valid=111  15s  max||J||/sqrt(d)=3.551  max_d_mean=2.90e-03
[  3h12m + 19.60s]   prompt 536/1000  seq_len=128 n_valid=111  20s  max||J||/sqrt(d)=4.224  max_d_mean=3.42e-03
[  3h12m + 11.50s]   prompt 537/1000  seq_len=128 n_valid=111  12s  max||J||/sqrt(d)=3.750  max_d_mean=3.01e-03
[  3h13m + 15.90s]   prompt 538/1000  seq_len=128 n_valid=111  16s  max||J||/sqrt(d)=3.726  max_d_mean=3.05e-03
[  3h13m + 20.20s]   prompt 539/1000  seq_len=128 n_valid=111  20s  max||J||/sqrt(d)=3.315  max_d_mean=2.63e-03
[  3h13m + 21.31s]   prompt 540/1000  seq_len=128 n_valid=111  21s  max||J||/sqrt(d)=4.090  max_d_mean=3.34e-03
[  3h14m + 21.00s]   prompt 541/1000  seq_len=128 n_valid=111  21s  max||J||/sqrt(d)=4.170  max_d_mean=3.34e-03
[  3h14m + 19.90s]   prompt 542/1000  seq_len=128 n_valid=111  20s  max||J||/sqrt(d)=3.265  max_d_mean=2.43e-03
[  3h14m + 22.90s]   prompt 543/1000  seq_len=128 n_valid=111  23s  max||J||/sqrt(d)=3.531  max_d_mean=2.89e-03
[  3h15m + 18.90s]   prompt 544/1000  seq_len=128 n_valid=111  19s  max||J||/sqrt(d)=3.805  max_d_mean=3.05e-03
[  3h15m + 18.90s]   prompt 545/1000  seq_len=128 n_valid=111  19s  max||J||/sqrt(d)=3.584  max_d_mean=3.02e-03
[  3h15m + 20.20s]   prompt 546/1000  seq_len=105 n_valid=88  20s  max||J||/sqrt(d)=2.983  max_d_mean=2.27e-03
[  3h16m + 19.70s]   prompt 547/1000  seq_len=128 n_valid=111  20s  max||J||/sqrt(d)=4.225  max_d_mean=3.41e-03
[  3h16m + 20.30s]   prompt 548/1000  seq_len=128 n_valid=111  20s  max||J||/sqrt(d)=3.405  max_d_mean=2.49e-03
[  3h16m + 19.30s]   prompt 549/1000  seq_len=128 n_valid=111  19s  max||J||/sqrt(d)=3.572  max_d_mean=2.68e-03
[  3h17m + 19.29s]   prompt 550/1000  seq_len=128 n_valid=111  19s  max||J||/sqrt(d)=4.553  max_d_mean=3.51e-03
[  3h17m + 20.10s]   prompt 551/1000  seq_len=80 n_valid=63  20s  max||J||/sqrt(d)=3.392  max_d_mean=2.82e-03
[  3h17m + 20.20s]   prompt 552/1000  seq_len=128 n_valid=111  20s  max||J||/sqrt(d)=4.441  max_d_mean=3.55e-03
[  3h18m + 20.60s]   prompt 553/1000  seq_len=94 n_valid=77  21s  max||J||/sqrt(d)=4.108  max_d_mean=3.31e-03
[  3h18m + 22.20s]   prompt 554/1000  seq_len=91 n_valid=74  22s  max||J||/sqrt(d)=3.464  max_d_mean=2.77e-03
[  3h18m + 22.80s]   prompt 555/1000  seq_len=128 n_valid=111  23s  max||J||/sqrt(d)=3.674  max_d_mean=2.87e-03
[  3h19m + 18.80s]   prompt 556/1000  seq_len=128 n_valid=111  19s  max||J||/sqrt(d)=3.602  max_d_mean=2.69e-03
[  3h19m + 19.40s]   prompt 557/1000  seq_len=128 n_valid=111  19s  max||J||/sqrt(d)=3.659  max_d_mean=2.83e-03
[  3h19m + 21.10s]   prompt 558/1000  seq_len=69 n_valid=52  21s  max||J||/sqrt(d)=2.838  max_d_mean=2.35e-03
[  3h20m + 18.40s]   prompt 559/1000  seq_len=74 n_valid=57  18s  max||J||/sqrt(d)=2.889  max_d_mean=2.35e-03
[  3h20m + 19.60s]   prompt 560/1000  seq_len=128 n_valid=111  20s  max||J||/sqrt(d)=3.020  max_d_mean=2.36e-03
[  3h20m + 20.10s]   prompt 561/1000  seq_len=128 n_valid=111  20s  max||J||/sqrt(d)=3.216  max_d_mean=2.37e-03
[  3h21m + 20.00s]   prompt 562/1000  seq_len=107 n_valid=90  20s  max||J||/sqrt(d)=3.138  max_d_mean=2.44e-03
[  3h21m + 20.00s]   prompt 563/1000  seq_len=128 n_valid=111  20s  max||J||/sqrt(d)=2.972  max_d_mean=2.32e-03
[  3h21m + 22.00s]   prompt 564/1000  seq_len=128 n_valid=111  22s  max||J||/sqrt(d)=3.842  max_d_mean=2.77e-03
[  3h22m + 24.90s]   prompt 565/1000  seq_len=128 n_valid=111  25s  max||J||/sqrt(d)=3.463  max_d_mean=2.54e-03
[  3h22m + 22.41s]   prompt 566/1000  seq_len=128 n_valid=111  22s  max||J||/sqrt(d)=3.551  max_d_mean=2.63e-03
[  3h22m + 20.39s]   prompt 567/1000  seq_len=128 n_valid=111  20s  max||J||/sqrt(d)=2.946  max_d_mean=2.10e-03
[  3h23m + 21.51s]   prompt 568/1000  seq_len=128 n_valid=111  22s  max||J||/sqrt(d)=3.407  max_d_mean=2.61e-03
[  3h23m + 21.40s]   prompt 569/1000  seq_len=128 n_valid=111  21s  max||J||/sqrt(d)=3.879  max_d_mean=2.96e-03
[  3h23m + 20.50s]   prompt 570/1000  seq_len=128 n_valid=111  21s  max||J||/sqrt(d)=3.489  max_d_mean=2.44e-03
[  3h24m + 23.29s]   prompt 571/1000  seq_len=128 n_valid=111  23s  max||J||/sqrt(d)=3.842  max_d_mean=2.72e-03
[  3h24m + 19.00s]   prompt 572/1000  seq_len=128 n_valid=111  19s  max||J||/sqrt(d)=3.890  max_d_mean=2.91e-03
[  3h25m + 18.70s]   prompt 573/1000  seq_len=128 n_valid=111  19s  max||J||/sqrt(d)=3.654  max_d_mean=2.67e-03
[  3h25m + 20.10s]   prompt 574/1000  seq_len=128 n_valid=111  20s  max||J||/sqrt(d)=2.956  max_d_mean=2.11e-03
[  3h25m + 18.61s]   prompt 575/1000  seq_len=128 n_valid=111  19s  max||J||/sqrt(d)=3.167  max_d_mean=2.27e-03
[  3h25m + 20.19s]   prompt 576/1000  seq_len=128 n_valid=111  20s  max||J||/sqrt(d)=3.567  max_d_mean=2.58e-03
[  3h26m + 19.61s]   prompt 577/1000  seq_len=128 n_valid=111  20s  max||J||/sqrt(d)=3.796  max_d_mean=2.71e-03
[  3h26m + 24.49s]   prompt 578/1000  seq_len=126 n_valid=109  24s  max||J||/sqrt(d)=3.743  max_d_mean=2.65e-03
[  3h27m + 20.00s]   prompt 579/1000  seq_len=104 n_valid=87  20s  max||J||/sqrt(d)=3.256  max_d_mean=2.45e-03
[  3h27m + 20.40s]   prompt 580/1000  seq_len=97 n_valid=80  20s  max||J||/sqrt(d)=2.794  max_d_mean=2.03e-03
[  3h27m + 21.10s]   prompt 581/1000  seq_len=103 n_valid=86  21s  max||J||/sqrt(d)=3.642  max_d_mean=2.82e-03
[  3h28m + 21.90s]   prompt 582/1000  seq_len=67 n_valid=50  22s  max||J||/sqrt(d)=2.732  max_d_mean=2.34e-03
[  3h28m + 22.00s]   prompt 583/1000  seq_len=128 n_valid=111  22s  max||J||/sqrt(d)=3.957  max_d_mean=3.02e-03
[  3h28m + 21.50s]   prompt 584/1000  seq_len=128 n_valid=111  22s  max||J||/sqrt(d)=2.606  max_d_mean=1.85e-03
[  3h29m + 19.50s]   prompt 585/1000  seq_len=128 n_valid=111  19s  max||J||/sqrt(d)=2.992  max_d_mean=2.03e-03
[  3h29m + 20.10s]   prompt 586/1000  seq_len=98 n_valid=81  20s  max||J||/sqrt(d)=3.892  max_d_mean=2.88e-03
[  3h29m + 18.41s]   prompt 587/1000  seq_len=128 n_valid=111  18s  max||J||/sqrt(d)=3.051  max_d_mean=2.13e-03
[  3h30m + 19.59s]   prompt 588/1000  seq_len=128 n_valid=111  20s  max||J||/sqrt(d)=2.839  max_d_mean=1.86e-03
[  3h30m + 20.30s]   prompt 589/1000  seq_len=128 n_valid=111  20s  max||J||/sqrt(d)=3.505  max_d_mean=2.50e-03
[  3h30m + 18.90s]   prompt 590/1000  seq_len=128 n_valid=111  19s  max||J||/sqrt(d)=2.903  max_d_mean=2.07e-03
[  3h31m + 20.31s]   prompt 591/1000  seq_len=102 n_valid=85  20s  max||J||/sqrt(d)=2.918  max_d_mean=2.31e-03
[  3h31m + 22.40s]   prompt 592/1000  seq_len=78 n_valid=61  22s  max||J||/sqrt(d)=3.456  max_d_mean=2.63e-03
[  3h31m + 21.41s]   prompt 593/1000  seq_len=100 n_valid=83  21s  max||J||/sqrt(d)=2.924  max_d_mean=2.16e-03
[  3h32m + 20.09s]   prompt 594/1000  seq_len=128 n_valid=111  20s  max||J||/sqrt(d)=3.548  max_d_mean=2.53e-03
[  3h32m + 22.60s]   prompt 595/1000  seq_len=128 n_valid=111  23s  max||J||/sqrt(d)=3.716  max_d_mean=2.67e-03
[  3h32m + 21.61s]   prompt 596/1000  seq_len=128 n_valid=111  22s  max||J||/sqrt(d)=3.260  max_d_mean=2.34e-03
[  3h33m + 22.50s]   prompt 597/1000  seq_len=128 n_valid=111  23s  max||J||/sqrt(d)=5.017  max_d_mean=3.96e-03
[  3h33m + 22.69s]   prompt 598/1000  seq_len=95 n_valid=78  23s  max||J||/sqrt(d)=3.224  max_d_mean=2.47e-03
[  3h34m + 22.70s]   prompt 599/1000  seq_len=83 n_valid=66  23s  max||J||/sqrt(d)=3.630  max_d_mean=2.66e-03
[  3h34m + 22.91s]   prompt 600/1000  seq_len=71 n_valid=54  23s  max||J||/sqrt(d)=3.199  max_d_mean=2.30e-03
[  3h34m + 22.79s]   prompt 601/1000  seq_len=107 n_valid=90  23s  max||J||/sqrt(d)=3.784  max_d_mean=2.86e-03
[  3h35m + 16.80s]   prompt 602/1000  seq_len=128 n_valid=111  17s  max||J||/sqrt(d)=3.459  max_d_mean=2.36e-03
[  3h35m + 14.10s]   prompt 603/1000  seq_len=114 n_valid=97  14s  max||J||/sqrt(d)=3.289  max_d_mean=2.24e-03
[  3h35m + 20.20s]   prompt 604/1000  seq_len=92 n_valid=75  20s  max||J||/sqrt(d)=4.789  max_d_mean=3.62e-03
[  3h36m + 25.10s]   prompt 605/1000  seq_len=91 n_valid=74  25s  max||J||/sqrt(d)=3.935  max_d_mean=2.93e-03
[  3h36m + 34.70s]   prompt 606/1000  seq_len=81 n_valid=64  35s  max||J||/sqrt(d)=3.304  max_d_mean=2.51e-03
[  3h37m + 27.00s]   prompt 607/1000  seq_len=41 n_valid=24  27s  max||J||/sqrt(d)=2.806  max_d_mean=2.44e-03
[  3h37m + 22.00s]   prompt 608/1000  seq_len=128 n_valid=111  22s  max||J||/sqrt(d)=3.592  max_d_mean=2.66e-03
[  3h37m + 22.30s]   prompt 609/1000  seq_len=102 n_valid=85  22s  max||J||/sqrt(d)=3.866  max_d_mean=2.97e-03
[  3h38m + 22.60s]   prompt 610/1000  seq_len=128 n_valid=111  23s  max||J||/sqrt(d)=3.029  max_d_mean=2.04e-03
[  3h38m + 25.60s]   prompt 611/1000  seq_len=107 n_valid=90  26s  max||J||/sqrt(d)=3.813  max_d_mean=2.80e-03
[  3h39m + 21.50s]   prompt 612/1000  seq_len=128 n_valid=111  21s  max||J||/sqrt(d)=4.063  max_d_mean=2.90e-03
[  3h39m + 21.31s]   prompt 613/1000  seq_len=69 n_valid=52  21s  max||J||/sqrt(d)=5.536  max_d_mean=4.52e-03
[  3h39m + 21.89s]   prompt 614/1000  seq_len=90 n_valid=73  22s  max||J||/sqrt(d)=3.322  max_d_mean=2.49e-03
[  3h40m + 21.30s]   prompt 615/1000  seq_len=119 n_valid=102  21s  max||J||/sqrt(d)=3.108  max_d_mean=2.21e-03
[  3h40m + 20.40s]   prompt 616/1000  seq_len=120 n_valid=103  20s  max||J||/sqrt(d)=3.009  max_d_mean=2.01e-03
[  3h40m + 18.50s]   prompt 617/1000  seq_len=128 n_valid=111  19s  max||J||/sqrt(d)=3.239  max_d_mean=2.14e-03
[  3h41m + 17.50s]   prompt 618/1000  seq_len=128 n_valid=111  18s  max||J||/sqrt(d)=2.718  max_d_mean=1.85e-03
[  3h41m +  6.30s]   prompt 619/1000  seq_len=128 n_valid=111  6s  max||J||/sqrt(d)=3.112  max_d_mean=2.14e-03
[  3h41m + 18.20s]   prompt 620/1000  seq_len=128 n_valid=111  18s  max||J||/sqrt(d)=3.209  max_d_mean=2.17e-03
[  3h41m + 19.10s]   prompt 621/1000  seq_len=106 n_valid=89  19s  max||J||/sqrt(d)=3.588  max_d_mean=2.58e-03
[  3h42m + 20.40s]   prompt 622/1000  seq_len=128 n_valid=111  20s  max||J||/sqrt(d)=3.267  max_d_mean=2.42e-03
[  3h42m + 20.50s]   prompt 623/1000  seq_len=128 n_valid=111  20s  max||J||/sqrt(d)=3.830  max_d_mean=2.80e-03
[  3h42m + 13.90s]   prompt 624/1000  seq_len=53 n_valid=36  14s  max||J||/sqrt(d)=4.969  max_d_mean=4.01e-03
[  3h42m + 15.70s]   prompt 625/1000  seq_len=128 n_valid=111  16s  max||J||/sqrt(d)=3.203  max_d_mean=2.09e-03
[  3h43m + 15.10s]   prompt 626/1000  seq_len=128 n_valid=111  15s  max||J||/sqrt(d)=3.358  max_d_mean=2.26e-03
[  3h43m + 16.30s]   prompt 627/1000  seq_len=120 n_valid=103  16s  max||J||/sqrt(d)=3.008  max_d_mean=2.00e-03
[  3h43m + 20.40s]   prompt 628/1000  seq_len=128 n_valid=111  20s  max||J||/sqrt(d)=3.221  max_d_mean=2.15e-03
[  3h44m + 21.10s]   prompt 629/1000  seq_len=128 n_valid=111  21s  max||J||/sqrt(d)=3.771  max_d_mean=2.55e-03
[  3h44m + 26.40s]   prompt 630/1000  seq_len=122 n_valid=105  26s  max||J||/sqrt(d)=3.766  max_d_mean=2.52e-03
[  3h44m + 19.81s]   prompt 631/1000  seq_len=62 n_valid=45  20s  max||J||/sqrt(d)=2.976  max_d_mean=2.31e-03
[  3h45m + 21.60s]   prompt 632/1000  seq_len=58 n_valid=41  22s  max||J||/sqrt(d)=4.405  max_d_mean=3.41e-03
[  3h45m + 20.90s]   prompt 633/1000  seq_len=128 n_valid=111  21s  max||J||/sqrt(d)=3.618  max_d_mean=2.39e-03
[  3h45m + 20.00s]   prompt 634/1000  seq_len=52 n_valid=35  20s  max||J||/sqrt(d)=2.689  max_d_mean=2.17e-03
[  3h46m + 20.30s]   prompt 635/1000  seq_len=128 n_valid=111  20s  max||J||/sqrt(d)=3.630  max_d_mean=2.37e-03
[  3h46m + 20.70s]   prompt 636/1000  seq_len=97 n_valid=80  21s  max||J||/sqrt(d)=3.476  max_d_mean=2.28e-03
[  3h46m + 19.10s]   prompt 637/1000  seq_len=114 n_valid=97  19s  max||J||/sqrt(d)=3.485  max_d_mean=2.23e-03
[  3h47m + 19.40s]   prompt 638/1000  seq_len=89 n_valid=72  19s  max||J||/sqrt(d)=3.647  max_d_mean=2.43e-03
[  3h47m + 20.81s]   prompt 639/1000  seq_len=128 n_valid=111  21s  max||J||/sqrt(d)=3.436  max_d_mean=2.27e-03
[  3h47m + 19.60s]   prompt 640/1000  seq_len=72 n_valid=55  20s  max||J||/sqrt(d)=3.303  max_d_mean=2.57e-03
[  3h48m + 20.09s]   prompt 641/1000  seq_len=128 n_valid=111  20s  max||J||/sqrt(d)=3.553  max_d_mean=2.33e-03
[  3h48m + 19.00s]   prompt 642/1000  seq_len=128 n_valid=111  19s  max||J||/sqrt(d)=2.959  max_d_mean=1.94e-03
[  3h48m + 20.60s]   prompt 643/1000  seq_len=128 n_valid=111  21s  max||J||/sqrt(d)=3.512  max_d_mean=2.33e-03
[  3h49m + 19.10s]   prompt 644/1000  seq_len=128 n_valid=111  19s  max||J||/sqrt(d)=3.059  max_d_mean=2.20e-03
[  3h49m + 19.80s]   prompt 645/1000  seq_len=128 n_valid=111  20s  max||J||/sqrt(d)=2.846  max_d_mean=2.00e-03
[  3h49m + 19.70s]   prompt 646/1000  seq_len=128 n_valid=111  20s  max||J||/sqrt(d)=3.647  max_d_mean=2.57e-03
[  3h50m + 21.40s]   prompt 647/1000  seq_len=128 n_valid=111  21s  max||J||/sqrt(d)=3.440  max_d_mean=2.39e-03
[  3h50m + 19.90s]   prompt 648/1000  seq_len=128 n_valid=111  20s  max||J||/sqrt(d)=3.944  max_d_mean=2.62e-03
[  3h50m + 14.40s]   prompt 649/1000  seq_len=128 n_valid=111  14s  max||J||/sqrt(d)=3.369  max_d_mean=2.29e-03
[  3h51m + 19.99s]   prompt 650/1000  seq_len=128 n_valid=111  20s  max||J||/sqrt(d)=4.059  max_d_mean=2.78e-03
[  3h51m +  8.50s]   prompt 651/1000  seq_len=128 n_valid=111  8s  max||J||/sqrt(d)=3.079  max_d_mean=1.91e-03
[  3h51m + 13.30s]   prompt 652/1000  seq_len=128 n_valid=111  13s  max||J||/sqrt(d)=3.339  max_d_mean=2.32e-03
[  3h51m + 13.80s]   prompt 653/1000  seq_len=128 n_valid=111  14s  max||J||/sqrt(d)=4.132  max_d_mean=2.91e-03
[  3h51m +  8.30s]   prompt 654/1000  seq_len=128 n_valid=111  8s  max||J||/sqrt(d)=3.299  max_d_mean=2.08e-03
[  3h52m + 19.49s]   prompt 655/1000  seq_len=56 n_valid=39  19s  max||J||/sqrt(d)=2.927  max_d_mean=2.12e-03
[  3h52m +  4.60s]   prompt 656/1000  seq_len=82 n_valid=65  5s  max||J||/sqrt(d)=2.818  max_d_mean=2.02e-03
[  3h52m +  2.11s]   prompt 657/1000  seq_len=100 n_valid=83  2s  max||J||/sqrt(d)=3.842  max_d_mean=2.73e-03
[  3h52m + 12.40s]   prompt 658/1000  seq_len=128 n_valid=111  12s  max||J||/sqrt(d)=4.386  max_d_mean=3.03e-03
[  3h52m + 14.60s]   prompt 659/1000  seq_len=49 n_valid=32  15s  max||J||/sqrt(d)=2.173  max_d_mean=1.72e-03
[  3h53m + 17.40s]   prompt 660/1000  seq_len=128 n_valid=111  17s  max||J||/sqrt(d)=3.694  max_d_mean=2.55e-03
[  3h53m + 13.40s]   prompt 661/1000  seq_len=128 n_valid=111  13s  max||J||/sqrt(d)=3.255  max_d_mean=2.27e-03
[  3h53m + 12.00s]   prompt 662/1000  seq_len=128 n_valid=111  12s  max||J||/sqrt(d)=3.260  max_d_mean=2.17e-03
[  3h53m + 11.20s]   prompt 663/1000  seq_len=128 n_valid=111  11s  max||J||/sqrt(d)=4.313  max_d_mean=2.97e-03
[  3h53m +  8.19s]   prompt 664/1000  seq_len=128 n_valid=111  8s  max||J||/sqrt(d)=5.270  max_d_mean=3.80e-03
[  3h54m + 17.50s]   prompt 665/1000  seq_len=128 n_valid=111  18s  max||J||/sqrt(d)=4.660  max_d_mean=3.36e-03
[  3h54m +  3.10s]   prompt 666/1000  seq_len=128 n_valid=111  3s  max||J||/sqrt(d)=5.080  max_d_mean=3.63e-03
[  3h54m + 12.80s]   prompt 667/1000  seq_len=128 n_valid=111  13s  max||J||/sqrt(d)=5.115  max_d_mean=3.70e-03
[  3h54m + 10.50s]   prompt 668/1000  seq_len=128 n_valid=111  10s  max||J||/sqrt(d)=3.384  max_d_mean=2.32e-03
[  3h54m + 19.00s]   prompt 669/1000  seq_len=128 n_valid=111  19s  max||J||/sqrt(d)=3.826  max_d_mean=2.65e-03
[  3h55m + 18.30s]   prompt 670/1000  seq_len=128 n_valid=111  18s  max||J||/sqrt(d)=5.604  max_d_mean=4.02e-03
[  3h55m + 19.90s]   prompt 671/1000  seq_len=128 n_valid=111  20s  max||J||/sqrt(d)=3.090  max_d_mean=1.88e-03
[  3h55m + 19.50s]   prompt 672/1000  seq_len=128 n_valid=111  19s  max||J||/sqrt(d)=3.077  max_d_mean=1.91e-03
[  3h56m + 17.10s]   prompt 673/1000  seq_len=95 n_valid=78  17s  max||J||/sqrt(d)=2.903  max_d_mean=1.93e-03
[  3h56m + 19.19s]   prompt 674/1000  seq_len=128 n_valid=111  19s  max||J||/sqrt(d)=2.913  max_d_mean=1.88e-03
[  3h56m +  8.50s]   prompt 675/1000  seq_len=128 n_valid=111  9s  max||J||/sqrt(d)=3.686  max_d_mean=2.65e-03
[  3h56m + 14.50s]   prompt 676/1000  seq_len=128 n_valid=111  14s  max||J||/sqrt(d)=3.724  max_d_mean=2.58e-03
[  3h56m +  3.80s]   prompt 677/1000  seq_len=128 n_valid=111  4s  max||J||/sqrt(d)=3.470  max_d_mean=2.24e-03
[  3h57m + 17.10s]   prompt 678/1000  seq_len=128 n_valid=111  17s  max||J||/sqrt(d)=3.320  max_d_mean=2.12e-03
[  3h57m + 15.50s]   prompt 679/1000  seq_len=128 n_valid=111  15s  max||J||/sqrt(d)=3.628  max_d_mean=2.48e-03
[  3h57m + 14.50s]   prompt 680/1000  seq_len=128 n_valid=111  14s  max||J||/sqrt(d)=3.863  max_d_mean=2.71e-03
[  3h57m +  8.80s]   prompt 681/1000  seq_len=128 n_valid=111  9s  max||J||/sqrt(d)=3.986  max_d_mean=2.77e-03
[  3h57m +  5.10s]   prompt 682/1000  seq_len=128 n_valid=111  5s  max||J||/sqrt(d)=3.915  max_d_mean=2.59e-03
[  3h58m +  8.80s]   prompt 683/1000  seq_len=128 n_valid=111  9s  max||J||/sqrt(d)=4.066  max_d_mean=2.71e-03
[  3h58m + 17.60s]   prompt 684/1000  seq_len=128 n_valid=111  18s  max||J||/sqrt(d)=3.360  max_d_mean=2.14e-03
[  3h58m + 17.20s]   prompt 685/1000  seq_len=128 n_valid=111  17s  max||J||/sqrt(d)=3.962  max_d_mean=2.55e-03
[  3h58m + 11.60s]   prompt 686/1000  seq_len=128 n_valid=111  12s  max||J||/sqrt(d)=3.971  max_d_mean=2.62e-03
[  3h59m + 15.50s]   prompt 687/1000  seq_len=128 n_valid=111  15s  max||J||/sqrt(d)=3.914  max_d_mean=2.59e-03
[  3h59m +  2.50s]   prompt 688/1000  seq_len=128 n_valid=111  3s  max||J||/sqrt(d)=4.141  max_d_mean=2.60e-03
[  3h59m + 10.30s]   prompt 689/1000  seq_len=128 n_valid=111  10s  max||J||/sqrt(d)=2.834  max_d_mean=1.78e-03
[  3h59m + 17.80s]   prompt 690/1000  seq_len=96 n_valid=79  18s  max||J||/sqrt(d)=2.909  max_d_mean=1.97e-03
[  3h59m + 16.29s]   prompt 691/1000  seq_len=122 n_valid=105  16s  max||J||/sqrt(d)=3.730  max_d_mean=2.31e-03
[  3h59m +  3.00s]   prompt 692/1000  seq_len=128 n_valid=111  3s  max||J||/sqrt(d)=3.437  max_d_mean=2.08e-03
[  4h00m + 11.10s]   prompt 693/1000  seq_len=128 n_valid=111  11s  max||J||/sqrt(d)=3.392  max_d_mean=1.97e-03
[  4h00m +  6.31s]   prompt 694/1000  seq_len=128 n_valid=111  6s  max||J||/sqrt(d)=3.921  max_d_mean=2.32e-03
[  4h00m +  7.20s]   prompt 695/1000  seq_len=128 n_valid=111  7s  max||J||/sqrt(d)=3.822  max_d_mean=2.35e-03
[  4h00m +  7.30s]   prompt 696/1000  seq_len=128 n_valid=111  7s  max||J||/sqrt(d)=3.905  max_d_mean=2.53e-03
[  4h00m +  2.20s]   prompt 697/1000  seq_len=83 n_valid=66  2s  max||J||/sqrt(d)=3.308  max_d_mean=2.22e-03
[  4h00m +  4.90s]   prompt 698/1000  seq_len=128 n_valid=111  5s  max||J||/sqrt(d)=4.542  max_d_mean=2.99e-03
[  4h00m + 15.30s]   prompt 699/1000  seq_len=128 n_valid=111  15s  max||J||/sqrt(d)=3.335  max_d_mean=2.00e-03
[  4h01m + 19.60s]   prompt 700/1000  seq_len=128 n_valid=111  20s  max||J||/sqrt(d)=3.706  max_d_mean=2.29e-03
[  4h01m + 16.39s]   prompt 701/1000  seq_len=128 n_valid=111  16s  max||J||/sqrt(d)=3.359  max_d_mean=2.18e-03
[  4h01m + 13.90s]   prompt 702/1000  seq_len=93 n_valid=76  14s  max||J||/sqrt(d)=3.283  max_d_mean=2.21e-03
[  4h01m + 16.20s]   prompt 703/1000  seq_len=128 n_valid=111  16s  max||J||/sqrt(d)=3.572  max_d_mean=2.26e-03
[  4h02m +  3.90s]   prompt 704/1000  seq_len=128 n_valid=111  4s  max||J||/sqrt(d)=4.245  max_d_mean=2.67e-03
[  4h02m +  1.50s]   prompt 705/1000  seq_len=128 n_valid=111  2s  max||J||/sqrt(d)=3.088  max_d_mean=1.83e-03
[  4h02m +  4.10s]   prompt 706/1000  seq_len=128 n_valid=111  4s  max||J||/sqrt(d)=3.289  max_d_mean=2.04e-03
[  4h02m + 14.60s]   prompt 707/1000  seq_len=59 n_valid=42  15s  max||J||/sqrt(d)=3.570  max_d_mean=2.35e-03
[  4h02m + 21.10s]   prompt 708/1000  seq_len=65 n_valid=48  21s  max||J||/sqrt(d)=2.879  max_d_mean=1.82e-03
[  4h02m + 14.00s]   prompt 709/1000  seq_len=128 n_valid=111  14s  max||J||/sqrt(d)=2.934  max_d_mean=1.70e-03
[  4h03m + 14.10s]   prompt 710/1000  seq_len=128 n_valid=111  14s  max||J||/sqrt(d)=2.590  max_d_mean=1.53e-03
[  4h03m +  9.20s]   prompt 711/1000  seq_len=128 n_valid=111  9s  max||J||/sqrt(d)=3.020  max_d_mean=1.80e-03
[  4h03m + 16.30s]   prompt 712/1000  seq_len=124 n_valid=107  16s  max||J||/sqrt(d)=3.374  max_d_mean=1.95e-03
[  4h03m + 12.79s]   prompt 713/1000  seq_len=128 n_valid=111  13s  max||J||/sqrt(d)=3.042  max_d_mean=1.80e-03
[  4h04m + 14.50s]   prompt 714/1000  seq_len=114 n_valid=97  15s  max||J||/sqrt(d)=3.617  max_d_mean=2.27e-03
[  4h04m + 15.10s]   prompt 715/1000  seq_len=128 n_valid=111  15s  max||J||/sqrt(d)=3.793  max_d_mean=2.27e-03
[  4h04m + 10.20s]   prompt 716/1000  seq_len=119 n_valid=102  10s  max||J||/sqrt(d)=3.300  max_d_mean=1.98e-03
[  4h04m + 11.10s]   prompt 717/1000  seq_len=111 n_valid=94  11s  max||J||/sqrt(d)=3.961  max_d_mean=2.31e-03
[  4h04m +  4.40s]   prompt 718/1000  seq_len=70 n_valid=53  4s  max||J||/sqrt(d)=4.077  max_d_mean=2.67e-03
[  4h04m +  7.90s]   prompt 719/1000  seq_len=128 n_valid=111  8s  max||J||/sqrt(d)=2.801  max_d_mean=1.65e-03
[  4h04m +  8.10s]   prompt 720/1000  seq_len=96 n_valid=79  8s  max||J||/sqrt(d)=2.968  max_d_mean=1.80e-03
[  4h05m + 17.59s]   prompt 721/1000  seq_len=48 n_valid=31  18s  max||J||/sqrt(d)=2.560  max_d_mean=1.70e-03
[  4h05m + 12.91s]   prompt 722/1000  seq_len=89 n_valid=72  13s  max||J||/sqrt(d)=2.839  max_d_mean=1.67e-03
[  4h05m + 17.10s]   prompt 723/1000  seq_len=88 n_valid=71  17s  max||J||/sqrt(d)=2.911  max_d_mean=1.86e-03
[  4h06m + 19.60s]   prompt 724/1000  seq_len=128 n_valid=111  20s  max||J||/sqrt(d)=3.822  max_d_mean=2.47e-03
[  4h06m + 16.69s]   prompt 725/1000  seq_len=128 n_valid=111  17s  max||J||/sqrt(d)=3.237  max_d_mean=1.92e-03
[  4h06m + 15.40s]   prompt 726/1000  seq_len=128 n_valid=111  15s  max||J||/sqrt(d)=3.261  max_d_mean=2.04e-03
[  4h06m + 10.10s]   prompt 727/1000  seq_len=128 n_valid=111  10s  max||J||/sqrt(d)=3.708  max_d_mean=2.33e-03
[  4h06m + 10.01s]   prompt 728/1000  seq_len=128 n_valid=111  10s  max||J||/sqrt(d)=2.831  max_d_mean=1.67e-03
[  4h07m + 15.20s]   prompt 729/1000  seq_len=128 n_valid=111  15s  max||J||/sqrt(d)=2.920  max_d_mean=1.67e-03
[  4h07m + 11.20s]   prompt 730/1000  seq_len=128 n_valid=111  11s  max||J||/sqrt(d)=3.344  max_d_mean=1.95e-03
[  4h07m + 19.10s]   prompt 731/1000  seq_len=128 n_valid=111  19s  max||J||/sqrt(d)=3.424  max_d_mean=1.95e-03
[  4h08m + 15.80s]   prompt 732/1000  seq_len=128 n_valid=111  16s  max||J||/sqrt(d)=3.596  max_d_mean=2.12e-03
[  4h08m + 15.20s]   prompt 733/1000  seq_len=128 n_valid=111  15s  max||J||/sqrt(d)=2.940  max_d_mean=1.63e-03
[  4h08m + 11.30s]   prompt 734/1000  seq_len=128 n_valid=111  11s  max||J||/sqrt(d)=3.071  max_d_mean=1.80e-03
[  4h08m +  1.40s]   prompt 735/1000  seq_len=70 n_valid=53  1s  max||J||/sqrt(d)=2.352  max_d_mean=1.60e-03
[  4h08m + 13.40s]   prompt 736/1000  seq_len=109 n_valid=92  13s  max||J||/sqrt(d)=3.759  max_d_mean=2.07e-03
[  4h08m + 17.40s]   prompt 737/1000  seq_len=128 n_valid=111  17s  max||J||/sqrt(d)=3.310  max_d_mean=1.85e-03
[  4h09m + 21.40s]   prompt 738/1000  seq_len=37 n_valid=20  21s  max||J||/sqrt(d)=2.364  max_d_mean=1.62e-03
[  4h09m + 20.91s]   prompt 739/1000  seq_len=128 n_valid=111  21s  max||J||/sqrt(d)=3.225  max_d_mean=1.75e-03
[  4h10m + 20.29s]   prompt 740/1000  seq_len=127 n_valid=110  20s  max||J||/sqrt(d)=2.789  max_d_mean=1.57e-03
[  4h10m + 20.11s]   prompt 741/1000  seq_len=62 n_valid=45  20s  max||J||/sqrt(d)=2.554  max_d_mean=1.59e-03
[  4h10m + 18.10s]   prompt 742/1000  seq_len=128 n_valid=111  18s  max||J||/sqrt(d)=3.698  max_d_mean=2.08e-03
[  4h11m + 21.20s]   prompt 743/1000  seq_len=128 n_valid=111  21s  max||J||/sqrt(d)=3.708  max_d_mean=2.07e-03
[  4h11m + 17.70s]   prompt 744/1000  seq_len=125 n_valid=108  18s  max||J||/sqrt(d)=2.982  max_d_mean=1.59e-03
[  4h11m + 18.30s]   prompt 745/1000  seq_len=58 n_valid=41  18s  max||J||/sqrt(d)=3.764  max_d_mean=2.43e-03
[  4h11m + 18.80s]   prompt 746/1000  seq_len=128 n_valid=111  19s  max||J||/sqrt(d)=3.307  max_d_mean=2.08e-03
[  4h12m + 18.60s]   prompt 747/1000  seq_len=109 n_valid=92  19s  max||J||/sqrt(d)=2.915  max_d_mean=1.71e-03
[  4h12m + 20.60s]   prompt 748/1000  seq_len=128 n_valid=111  21s  max||J||/sqrt(d)=3.114  max_d_mean=1.74e-03
[  4h12m + 15.80s]   prompt 749/1000  seq_len=128 n_valid=111  16s  max||J||/sqrt(d)=3.747  max_d_mean=2.12e-03
[  4h13m + 15.11s]   prompt 750/1000  seq_len=113 n_valid=96  15s  max||J||/sqrt(d)=3.676  max_d_mean=2.05e-03
[  4h13m + 17.30s]   prompt 751/1000  seq_len=128 n_valid=111  17s  max||J||/sqrt(d)=3.348  max_d_mean=1.87e-03
[  4h13m + 20.00s]   prompt 752/1000  seq_len=128 n_valid=111  20s  max||J||/sqrt(d)=4.104  max_d_mean=2.80e-03
[  4h13m +  7.30s]   prompt 753/1000  seq_len=128 n_valid=111  7s  max||J||/sqrt(d)=3.651  max_d_mean=2.34e-03
[  4h14m + 16.70s]   prompt 754/1000  seq_len=128 n_valid=111  17s  max||J||/sqrt(d)=3.465  max_d_mean=2.11e-03
[  4h14m + 11.29s]   prompt 755/1000  seq_len=89 n_valid=72  11s  max||J||/sqrt(d)=3.074  max_d_mean=1.92e-03
[  4h14m + 17.60s]   prompt 756/1000  seq_len=128 n_valid=111  18s  max||J||/sqrt(d)=3.086  max_d_mean=1.77e-03
[  4h14m + 13.00s]   prompt 757/1000  seq_len=128 n_valid=111  13s  max||J||/sqrt(d)=4.365  max_d_mean=2.55e-03
[  4h15m + 12.90s]   prompt 758/1000  seq_len=128 n_valid=111  13s  max||J||/sqrt(d)=3.518  max_d_mean=1.95e-03
[  4h15m + 16.00s]   prompt 759/1000  seq_len=128 n_valid=111  16s  max||J||/sqrt(d)=4.649  max_d_mean=2.87e-03
[  4h15m + 12.70s]   prompt 760/1000  seq_len=128 n_valid=111  13s  max||J||/sqrt(d)=3.380  max_d_mean=1.84e-03
[  4h15m + 13.90s]   prompt 761/1000  seq_len=128 n_valid=111  14s  max||J||/sqrt(d)=3.048  max_d_mean=1.68e-03
[  4h15m +  1.80s]   prompt 762/1000  seq_len=128 n_valid=111  2s  max||J||/sqrt(d)=3.155  max_d_mean=1.67e-03
[  4h15m +  8.90s]   prompt 763/1000  seq_len=128 n_valid=111  9s  max||J||/sqrt(d)=3.870  max_d_mean=2.59e-03
[  4h16m + 16.20s]   prompt 764/1000  seq_len=128 n_valid=111  16s  max||J||/sqrt(d)=3.312  max_d_mean=1.90e-03
[  4h16m +  5.81s]   prompt 765/1000  seq_len=128 n_valid=111  6s  max||J||/sqrt(d)=3.727  max_d_mean=2.04e-03
[  4h16m + 18.00s]   prompt 766/1000  seq_len=128 n_valid=111  18s  max||J||/sqrt(d)=2.970  max_d_mean=1.66e-03
[  4h16m + 13.20s]   prompt 767/1000  seq_len=128 n_valid=111  13s  max||J||/sqrt(d)=3.619  max_d_mean=1.99e-03
[  4h17m + 11.90s]   prompt 768/1000  seq_len=90 n_valid=73  12s  max||J||/sqrt(d)=3.193  max_d_mean=1.86e-03
[  4h17m +  4.40s]   prompt 769/1000  seq_len=128 n_valid=111  4s  max||J||/sqrt(d)=3.272  max_d_mean=2.02e-03
[  4h17m + 17.70s]   prompt 770/1000  seq_len=93 n_valid=76  18s  max||J||/sqrt(d)=4.097  max_d_mean=2.48e-03
[  4h17m + 20.50s]   prompt 771/1000  seq_len=71 n_valid=54  21s  max||J||/sqrt(d)=3.787  max_d_mean=2.24e-03
[  4h17m + 10.30s]   prompt 772/1000  seq_len=74 n_valid=57  10s  max||J||/sqrt(d)=2.405  max_d_mean=1.58e-03
[  4h18m + 17.50s]   prompt 773/1000  seq_len=128 n_valid=111  17s  max||J||/sqrt(d)=3.380  max_d_mean=1.89e-03
[  4h18m + 17.81s]   prompt 774/1000  seq_len=118 n_valid=101  18s  max||J||/sqrt(d)=3.588  max_d_mean=2.05e-03
[  4h18m + 19.59s]   prompt 775/1000  seq_len=128 n_valid=111  20s  max||J||/sqrt(d)=3.804  max_d_mean=2.34e-03
[  4h19m + 19.20s]   prompt 776/1000  seq_len=128 n_valid=111  19s  max||J||/sqrt(d)=3.779  max_d_mean=2.22e-03
[  4h19m + 19.29s]   prompt 777/1000  seq_len=128 n_valid=111  19s  max||J||/sqrt(d)=3.535  max_d_mean=2.17e-03
[  4h19m + 19.60s]   prompt 778/1000  seq_len=128 n_valid=111  20s  max||J||/sqrt(d)=4.296  max_d_mean=2.41e-03
[  4h20m + 20.00s]   prompt 779/1000  seq_len=128 n_valid=111  20s  max||J||/sqrt(d)=3.659  max_d_mean=2.06e-03
[  4h20m + 19.00s]   prompt 780/1000  seq_len=128 n_valid=111  19s  max||J||/sqrt(d)=3.162  max_d_mean=1.87e-03
[  4h20m + 19.10s]   prompt 781/1000  seq_len=128 n_valid=111  19s  max||J||/sqrt(d)=4.122  max_d_mean=2.52e-03
[  4h21m + 19.60s]   prompt 782/1000  seq_len=128 n_valid=111  20s  max||J||/sqrt(d)=3.889  max_d_mean=2.30e-03
[  4h21m + 20.10s]   prompt 783/1000  seq_len=128 n_valid=111  20s  max||J||/sqrt(d)=3.791  max_d_mean=2.17e-03
[  4h21m + 21.20s]   prompt 784/1000  seq_len=128 n_valid=111  21s  max||J||/sqrt(d)=4.691  max_d_mean=2.92e-03
[  4h22m + 19.50s]   prompt 785/1000  seq_len=128 n_valid=111  20s  max||J||/sqrt(d)=5.523  max_d_mean=3.32e-03
[  4h22m + 20.60s]   prompt 786/1000  seq_len=120 n_valid=103  21s  max||J||/sqrt(d)=4.176  max_d_mean=2.52e-03
[  4h22m + 20.30s]   prompt 787/1000  seq_len=128 n_valid=111  20s  max||J||/sqrt(d)=3.840  max_d_mean=2.23e-03
[  4h23m + 20.00s]   prompt 788/1000  seq_len=128 n_valid=111  20s  max||J||/sqrt(d)=3.155  max_d_mean=1.77e-03
[  4h23m + 21.30s]   prompt 789/1000  seq_len=128 n_valid=111  21s  max||J||/sqrt(d)=4.560  max_d_mean=2.80e-03
[  4h23m + 19.60s]   prompt 790/1000  seq_len=128 n_valid=111  20s  max||J||/sqrt(d)=3.335  max_d_mean=1.85e-03
[  4h24m + 21.30s]   prompt 791/1000  seq_len=128 n_valid=111  21s  max||J||/sqrt(d)=3.749  max_d_mean=2.11e-03
[  4h24m + 21.20s]   prompt 792/1000  seq_len=128 n_valid=111  21s  max||J||/sqrt(d)=3.586  max_d_mean=2.04e-03
[  4h24m + 21.00s]   prompt 793/1000  seq_len=128 n_valid=111  21s  max||J||/sqrt(d)=4.245  max_d_mean=2.36e-03
[  4h25m + 21.10s]   prompt 794/1000  seq_len=128 n_valid=111  21s  max||J||/sqrt(d)=5.691  max_d_mean=3.34e-03
[  4h25m + 19.80s]   prompt 795/1000  seq_len=128 n_valid=111  20s  max||J||/sqrt(d)=4.631  max_d_mean=2.59e-03
[  4h25m + 21.10s]   prompt 796/1000  seq_len=118 n_valid=101  21s  max||J||/sqrt(d)=3.634  max_d_mean=2.06e-03
[  4h26m + 21.80s]   prompt 797/1000  seq_len=128 n_valid=111  22s  max||J||/sqrt(d)=4.079  max_d_mean=2.27e-03
[  4h26m + 22.20s]   prompt 798/1000  seq_len=128 n_valid=111  22s  max||J||/sqrt(d)=3.900  max_d_mean=2.22e-03
[  4h26m + 22.30s]   prompt 799/1000  seq_len=128 n_valid=111  22s  max||J||/sqrt(d)=4.995  max_d_mean=2.89e-03
[  4h27m + 20.91s]   prompt 800/1000  seq_len=128 n_valid=111  21s  max||J||/sqrt(d)=3.665  max_d_mean=1.99e-03
[  4h27m + 21.00s]   prompt 801/1000  seq_len=128 n_valid=111  21s  max||J||/sqrt(d)=4.157  max_d_mean=2.26e-03
[  4h28m + 19.59s]   prompt 802/1000  seq_len=128 n_valid=111  20s  max||J||/sqrt(d)=4.423  max_d_mean=2.41e-03
[  4h28m + 20.71s]   prompt 803/1000  seq_len=128 n_valid=111  21s  max||J||/sqrt(d)=4.155  max_d_mean=2.35e-03
[  4h28m + 16.60s]   prompt 804/1000  seq_len=128 n_valid=111  17s  max||J||/sqrt(d)=3.675  max_d_mean=2.05e-03
[  4h28m + 16.10s]   prompt 805/1000  seq_len=128 n_valid=111  16s  max||J||/sqrt(d)=3.575  max_d_mean=1.99e-03
[  4h29m + 20.50s]   prompt 806/1000  seq_len=128 n_valid=111  21s  max||J||/sqrt(d)=2.876  max_d_mean=1.55e-03
[  4h29m + 20.30s]   prompt 807/1000  seq_len=128 n_valid=111  20s  max||J||/sqrt(d)=4.515  max_d_mean=2.50e-03
[  4h29m + 21.40s]   prompt 808/1000  seq_len=79 n_valid=62  21s  max||J||/sqrt(d)=3.355  max_d_mean=2.03e-03
[  4h30m + 21.10s]   prompt 809/1000  seq_len=128 n_valid=111  21s  max||J||/sqrt(d)=3.950  max_d_mean=2.21e-03
[  4h30m + 19.70s]   prompt 810/1000  seq_len=128 n_valid=111  20s  max||J||/sqrt(d)=3.821  max_d_mean=2.10e-03
[  4h30m + 21.60s]   prompt 811/1000  seq_len=121 n_valid=104  22s  max||J||/sqrt(d)=3.120  max_d_mean=1.61e-03
[  4h31m + 20.90s]   prompt 812/1000  seq_len=126 n_valid=109  21s  max||J||/sqrt(d)=3.351  max_d_mean=1.73e-03
[  4h31m + 20.70s]   prompt 813/1000  seq_len=128 n_valid=111  21s  max||J||/sqrt(d)=2.867  max_d_mean=1.54e-03
[  4h32m + 21.20s]   prompt 814/1000  seq_len=128 n_valid=111  21s  max||J||/sqrt(d)=3.776  max_d_mean=1.97e-03
[  4h32m + 20.60s]   prompt 815/1000  seq_len=116 n_valid=99  21s  max||J||/sqrt(d)=2.910  max_d_mean=1.48e-03
[  4h32m + 21.50s]   prompt 816/1000  seq_len=128 n_valid=111  21s  max||J||/sqrt(d)=2.771  max_d_mean=1.57e-03
[  4h33m + 19.10s]   prompt 817/1000  seq_len=128 n_valid=111  19s  max||J||/sqrt(d)=3.075  max_d_mean=1.47e-03
[  4h33m + 20.60s]   prompt 818/1000  seq_len=128 n_valid=111  21s  max||J||/sqrt(d)=3.655  max_d_mean=1.91e-03
[  4h33m + 21.40s]   prompt 819/1000  seq_len=128 n_valid=111  21s  max||J||/sqrt(d)=4.941  max_d_mean=2.87e-03
[  4h34m + 20.20s]   prompt 820/1000  seq_len=128 n_valid=111  20s  max||J||/sqrt(d)=5.065  max_d_mean=2.92e-03
[  4h34m + 18.50s]   prompt 821/1000  seq_len=115 n_valid=98  19s  max||J||/sqrt(d)=4.641  max_d_mean=2.61e-03
[  4h34m + 20.00s]   prompt 822/1000  seq_len=128 n_valid=111  20s  max||J||/sqrt(d)=3.088  max_d_mean=1.55e-03
[  4h35m + 21.00s]   prompt 823/1000  seq_len=128 n_valid=111  21s  max||J||/sqrt(d)=4.013  max_d_mean=2.18e-03
[  4h35m + 21.40s]   prompt 824/1000  seq_len=128 n_valid=111  21s  max||J||/sqrt(d)=3.988  max_d_mean=2.15e-03
[  4h35m + 20.70s]   prompt 825/1000  seq_len=128 n_valid=111  21s  max||J||/sqrt(d)=3.544  max_d_mean=1.84e-03
[  4h36m + 19.80s]   prompt 826/1000  seq_len=128 n_valid=111  20s  max||J||/sqrt(d)=3.134  max_d_mean=1.73e-03
[  4h36m + 19.40s]   prompt 827/1000  seq_len=106 n_valid=89  19s  max||J||/sqrt(d)=4.018  max_d_mean=2.17e-03
[  4h36m + 21.70s]   prompt 828/1000  seq_len=105 n_valid=88  22s  max||J||/sqrt(d)=4.060  max_d_mean=2.20e-03
[  4h37m + 15.90s]   prompt 829/1000  seq_len=95 n_valid=78  16s  max||J||/sqrt(d)=3.095  max_d_mean=1.60e-03
[  4h37m + 18.71s]   prompt 830/1000  seq_len=128 n_valid=111  19s  max||J||/sqrt(d)=4.772  max_d_mean=2.61e-03
[  4h37m + 20.19s]   prompt 831/1000  seq_len=128 n_valid=111  20s  max||J||/sqrt(d)=3.967  max_d_mean=2.12e-03
[  4h38m + 19.80s]   prompt 832/1000  seq_len=124 n_valid=107  20s  max||J||/sqrt(d)=3.591  max_d_mean=1.85e-03
[  4h38m + 21.20s]   prompt 833/1000  seq_len=128 n_valid=111  21s  max||J||/sqrt(d)=3.307  max_d_mean=1.73e-03
[  4h38m + 21.40s]   prompt 834/1000  seq_len=109 n_valid=92  21s  max||J||/sqrt(d)=3.424  max_d_mean=1.90e-03
[  4h39m + 20.70s]   prompt 835/1000  seq_len=88 n_valid=71  21s  max||J||/sqrt(d)=4.265  max_d_mean=2.29e-03
[  4h39m + 22.50s]   prompt 836/1000  seq_len=116 n_valid=99  23s  max||J||/sqrt(d)=2.907  max_d_mean=1.54e-03
[  4h39m + 21.20s]   prompt 837/1000  seq_len=128 n_valid=111  21s  max||J||/sqrt(d)=2.987  max_d_mean=1.66e-03
[  4h40m + 19.90s]   prompt 838/1000  seq_len=128 n_valid=111  20s  max||J||/sqrt(d)=4.103  max_d_mean=2.17e-03
[  4h40m + 22.20s]   prompt 839/1000  seq_len=128 n_valid=111  22s  max||J||/sqrt(d)=4.005  max_d_mean=2.14e-03
[  4h40m + 18.19s]   prompt 840/1000  seq_len=87 n_valid=70  18s  max||J||/sqrt(d)=4.024  max_d_mean=2.25e-03
[  4h41m + 19.90s]   prompt 841/1000  seq_len=128 n_valid=111  20s  max||J||/sqrt(d)=3.383  max_d_mean=1.71e-03
[  4h41m + 20.40s]   prompt 842/1000  seq_len=128 n_valid=111  20s  max||J||/sqrt(d)=3.907  max_d_mean=1.90e-03
[  4h41m + 20.21s]   prompt 843/1000  seq_len=126 n_valid=109  20s  max||J||/sqrt(d)=3.567  max_d_mean=1.85e-03
[  4h42m + 20.90s]   prompt 844/1000  seq_len=128 n_valid=111  21s  max||J||/sqrt(d)=4.620  max_d_mean=2.52e-03
[  4h42m + 19.40s]   prompt 845/1000  seq_len=77 n_valid=60  19s  max||J||/sqrt(d)=4.534  max_d_mean=2.44e-03
[  4h42m + 18.70s]   prompt 846/1000  seq_len=128 n_valid=111  19s  max||J||/sqrt(d)=3.072  max_d_mean=1.47e-03
[  4h43m + 19.10s]   prompt 847/1000  seq_len=128 n_valid=111  19s  max||J||/sqrt(d)=3.205  max_d_mean=1.58e-03
[  4h43m + 21.80s]   prompt 848/1000  seq_len=128 n_valid=111  22s  max||J||/sqrt(d)=3.269  max_d_mean=1.63e-03
[  4h43m + 22.00s]   prompt 849/1000  seq_len=128 n_valid=111  22s  max||J||/sqrt(d)=3.324  max_d_mean=1.62e-03
[  4h44m + 19.90s]   prompt 850/1000  seq_len=128 n_valid=111  20s  max||J||/sqrt(d)=5.172  max_d_mean=2.89e-03
[  4h44m + 15.70s]   prompt 851/1000  seq_len=128 n_valid=111  16s  max||J||/sqrt(d)=2.951  max_d_mean=1.35e-03
[  4h44m + 20.60s]   prompt 852/1000  seq_len=128 n_valid=111  21s  max||J||/sqrt(d)=3.547  max_d_mean=1.73e-03
[  4h45m + 14.10s]   prompt 853/1000  seq_len=128 n_valid=111  14s  max||J||/sqrt(d)=3.182  max_d_mean=1.51e-03
[  4h45m + 19.00s]   prompt 854/1000  seq_len=128 n_valid=111  19s  max||J||/sqrt(d)=3.396  max_d_mean=1.65e-03
[  4h45m + 19.20s]   prompt 855/1000  seq_len=128 n_valid=111  19s  max||J||/sqrt(d)=3.264  max_d_mean=1.73e-03
[  4h45m + 19.40s]   prompt 856/1000  seq_len=128 n_valid=111  19s  max||J||/sqrt(d)=3.447  max_d_mean=1.79e-03
[  4h46m + 20.31s]   prompt 857/1000  seq_len=128 n_valid=111  20s  max||J||/sqrt(d)=5.139  max_d_mean=2.74e-03
[  4h46m + 19.00s]   prompt 858/1000  seq_len=69 n_valid=52  19s  max||J||/sqrt(d)=3.143  max_d_mean=1.66e-03
[  4h46m + 19.10s]   prompt 859/1000  seq_len=128 n_valid=111  19s  max||J||/sqrt(d)=4.976  max_d_mean=2.62e-03
[  4h47m + 19.60s]   prompt 860/1000  seq_len=128 n_valid=111  20s  max||J||/sqrt(d)=3.478  max_d_mean=1.80e-03
[  4h47m + 20.60s]   prompt 861/1000  seq_len=128 n_valid=111  21s  max||J||/sqrt(d)=3.274  max_d_mean=1.68e-03
[  4h47m + 20.80s]   prompt 862/1000  seq_len=128 n_valid=111  21s  max||J||/sqrt(d)=4.579  max_d_mean=2.49e-03
[  4h48m + 20.90s]   prompt 863/1000  seq_len=64 n_valid=47  21s  max||J||/sqrt(d)=3.961  max_d_mean=2.22e-03
[  4h48m + 19.81s]   prompt 864/1000  seq_len=128 n_valid=111  20s  max||J||/sqrt(d)=3.620  max_d_mean=1.86e-03
[  4h48m + 20.29s]   prompt 865/1000  seq_len=128 n_valid=111  20s  max||J||/sqrt(d)=3.680  max_d_mean=1.84e-03
[  4h49m + 19.00s]   prompt 866/1000  seq_len=128 n_valid=111  19s  max||J||/sqrt(d)=4.299  max_d_mean=2.19e-03
[  4h49m + 19.30s]   prompt 867/1000  seq_len=128 n_valid=111  19s  max||J||/sqrt(d)=3.857  max_d_mean=1.95e-03
[  4h49m + 20.70s]   prompt 868/1000  seq_len=128 n_valid=111  21s  max||J||/sqrt(d)=3.954  max_d_mean=2.03e-03
[  4h50m + 19.50s]   prompt 869/1000  seq_len=128 n_valid=111  20s  max||J||/sqrt(d)=3.111  max_d_mean=1.58e-03
[  4h50m + 18.70s]   prompt 870/1000  seq_len=128 n_valid=111  19s  max||J||/sqrt(d)=3.448  max_d_mean=1.60e-03
[  4h50m + 19.70s]   prompt 871/1000  seq_len=128 n_valid=111  20s  max||J||/sqrt(d)=4.101  max_d_mean=2.01e-03
[  4h51m + 21.09s]   prompt 872/1000  seq_len=128 n_valid=111  21s  max||J||/sqrt(d)=2.832  max_d_mean=1.39e-03
[  4h51m + 21.00s]   prompt 873/1000  seq_len=109 n_valid=92  21s  max||J||/sqrt(d)=3.249  max_d_mean=1.56e-03
[  4h51m + 20.10s]   prompt 874/1000  seq_len=128 n_valid=111  20s  max||J||/sqrt(d)=3.165  max_d_mean=1.56e-03
[  4h52m + 20.80s]   prompt 875/1000  seq_len=128 n_valid=111  21s  max||J||/sqrt(d)=3.950  max_d_mean=2.00e-03
[  4h52m + 20.49s]   prompt 876/1000  seq_len=128 n_valid=111  20s  max||J||/sqrt(d)=3.427  max_d_mean=1.55e-03
[  4h52m + 19.80s]   prompt 877/1000  seq_len=69 n_valid=52  20s  max||J||/sqrt(d)=3.708  max_d_mean=2.06e-03
[  4h53m + 21.70s]   prompt 878/1000  seq_len=101 n_valid=84  22s  max||J||/sqrt(d)=3.431  max_d_mean=1.79e-03
[  4h53m +  8.00s]   prompt 879/1000  seq_len=104 n_valid=87  8s  max||J||/sqrt(d)=2.831  max_d_mean=1.40e-03
[  4h53m + 16.30s]   prompt 880/1000  seq_len=118 n_valid=101  16s  max||J||/sqrt(d)=2.708  max_d_mean=1.36e-03
[  4h53m + 14.10s]   prompt 881/1000  seq_len=56 n_valid=39  14s  max||J||/sqrt(d)=4.324  max_d_mean=2.43e-03
[  4h54m +  7.70s]   prompt 882/1000  seq_len=128 n_valid=111  8s  max||J||/sqrt(d)=3.461  max_d_mean=1.77e-03
[  4h54m + 14.40s]   prompt 883/1000  seq_len=128 n_valid=111  14s  max||J||/sqrt(d)=3.218  max_d_mean=1.53e-03
[  4h54m + 13.50s]   prompt 884/1000  seq_len=66 n_valid=49  13s  max||J||/sqrt(d)=3.497  max_d_mean=1.99e-03
[  4h54m +  3.30s]   prompt 885/1000  seq_len=80 n_valid=63  3s  max||J||/sqrt(d)=3.746  max_d_mean=1.98e-03
[  4h54m + 11.90s]   prompt 886/1000  seq_len=128 n_valid=111  12s  max||J||/sqrt(d)=3.340  max_d_mean=1.62e-03
[  4h55m +  9.70s]   prompt 887/1000  seq_len=128 n_valid=111  10s  max||J||/sqrt(d)=3.088  max_d_mean=1.33e-03
[  4h55m + 17.50s]   prompt 888/1000  seq_len=128 n_valid=111  18s  max||J||/sqrt(d)=3.254  max_d_mean=1.66e-03
[  4h55m + 20.00s]   prompt 889/1000  seq_len=86 n_valid=69  20s  max||J||/sqrt(d)=4.474  max_d_mean=2.27e-03
[  4h55m + 16.50s]   prompt 890/1000  seq_len=84 n_valid=67  16s  max||J||/sqrt(d)=3.098  max_d_mean=1.65e-03
[  4h56m + 21.40s]   prompt 891/1000  seq_len=128 n_valid=111  21s  max||J||/sqrt(d)=3.715  max_d_mean=1.75e-03
[  4h56m + 22.20s]   prompt 892/1000  seq_len=128 n_valid=111  22s  max||J||/sqrt(d)=3.627  max_d_mean=1.74e-03
[  4h57m + 22.40s]   prompt 893/1000  seq_len=128 n_valid=111  22s  max||J||/sqrt(d)=3.518  max_d_mean=1.63e-03
[  4h57m + 22.90s]   prompt 894/1000  seq_len=125 n_valid=108  23s  max||J||/sqrt(d)=3.181  max_d_mean=1.52e-03
[  4h57m + 21.69s]   prompt 895/1000  seq_len=94 n_valid=77  22s  max||J||/sqrt(d)=3.194  max_d_mean=1.59e-03
[  4h58m + 22.00s]   prompt 896/1000  seq_len=128 n_valid=111  22s  max||J||/sqrt(d)=2.972  max_d_mean=1.48e-03
[  4h58m + 23.10s]   prompt 897/1000  seq_len=128 n_valid=111  23s  max||J||/sqrt(d)=3.050  max_d_mean=1.50e-03
[  4h58m + 22.00s]   prompt 898/1000  seq_len=128 n_valid=111  22s  max||J||/sqrt(d)=3.601  max_d_mean=1.86e-03
[  4h59m + 16.10s]   prompt 899/1000  seq_len=128 n_valid=111  16s  max||J||/sqrt(d)=3.655  max_d_mean=1.70e-03
[  4h59m + 17.60s]   prompt 900/1000  seq_len=128 n_valid=111  18s  max||J||/sqrt(d)=3.621  max_d_mean=1.74e-03
[  4h59m + 13.70s]   prompt 901/1000  seq_len=128 n_valid=111  14s  max||J||/sqrt(d)=3.032  max_d_mean=1.51e-03
[  4h59m +  6.00s]   prompt 902/1000  seq_len=128 n_valid=111  6s  max||J||/sqrt(d)=3.303  max_d_mean=1.46e-03
[  4h59m +  1.70s]   prompt 903/1000  seq_len=128 n_valid=111  2s  max||J||/sqrt(d)=3.576  max_d_mean=1.67e-03
[  4h59m +  5.40s]   prompt 904/1000  seq_len=128 n_valid=111  5s  max||J||/sqrt(d)=4.177  max_d_mean=2.07e-03
[  5h00m + 15.90s]   prompt 905/1000  seq_len=128 n_valid=111  16s  max||J||/sqrt(d)=3.458  max_d_mean=1.53e-03
[  5h00m + 16.50s]   prompt 906/1000  seq_len=128 n_valid=111  17s  max||J||/sqrt(d)=3.852  max_d_mean=2.03e-03
[  5h00m + 18.20s]   prompt 907/1000  seq_len=128 n_valid=111  18s  max||J||/sqrt(d)=2.919  max_d_mean=1.33e-03
[  5h00m + 16.50s]   prompt 908/1000  seq_len=128 n_valid=111  17s  max||J||/sqrt(d)=3.240  max_d_mean=1.61e-03
[  5h01m + 14.80s]   prompt 909/1000  seq_len=128 n_valid=111  15s  max||J||/sqrt(d)=4.125  max_d_mean=2.08e-03
[  5h01m +  4.81s]   prompt 910/1000  seq_len=128 n_valid=111  5s  max||J||/sqrt(d)=3.241  max_d_mean=1.55e-03
[  5h01m + 11.40s]   prompt 911/1000  seq_len=128 n_valid=111  11s  max||J||/sqrt(d)=3.880  max_d_mean=1.83e-03
[  5h01m +  8.50s]   prompt 912/1000  seq_len=128 n_valid=111  8s  max||J||/sqrt(d)=2.862  max_d_mean=1.30e-03
[  5h01m + 13.60s]   prompt 913/1000  seq_len=128 n_valid=111  14s  max||J||/sqrt(d)=3.448  max_d_mean=1.64e-03
[  5h02m + 18.40s]   prompt 914/1000  seq_len=128 n_valid=111  18s  max||J||/sqrt(d)=3.627  max_d_mean=1.71e-03
[  5h02m + 11.20s]   prompt 915/1000  seq_len=128 n_valid=111  11s  max||J||/sqrt(d)=3.338  max_d_mean=1.58e-03
[  5h02m + 20.61s]   prompt 916/1000  seq_len=128 n_valid=111  21s  max||J||/sqrt(d)=3.577  max_d_mean=1.66e-03
[  5h03m + 19.59s]   prompt 917/1000  seq_len=128 n_valid=111  20s  max||J||/sqrt(d)=3.342  max_d_mean=1.58e-03
[  5h03m + 20.20s]   prompt 918/1000  seq_len=128 n_valid=111  20s  max||J||/sqrt(d)=3.297  max_d_mean=1.53e-03
[  5h03m +  8.00s]   prompt 919/1000  seq_len=128 n_valid=111  8s  max||J||/sqrt(d)=3.289  max_d_mean=1.65e-03
[  5h03m + 16.70s]   prompt 920/1000  seq_len=128 n_valid=111  17s  max||J||/sqrt(d)=3.054  max_d_mean=1.47e-03
[  5h04m + 17.40s]   prompt 921/1000  seq_len=128 n_valid=111  17s  max||J||/sqrt(d)=2.839  max_d_mean=1.34e-03
[  5h04m + 16.80s]   prompt 922/1000  seq_len=128 n_valid=111  17s  max||J||/sqrt(d)=2.737  max_d_mean=1.40e-03
[  5h04m +  9.80s]   prompt 923/1000  seq_len=128 n_valid=111  10s  max||J||/sqrt(d)=3.128  max_d_mean=1.49e-03
[  5h04m +  9.50s]   prompt 924/1000  seq_len=112 n_valid=95  9s  max||J||/sqrt(d)=3.476  max_d_mean=1.73e-03
[  5h04m +  7.20s]   prompt 925/1000  seq_len=128 n_valid=111  7s  max||J||/sqrt(d)=3.081  max_d_mean=1.57e-03
[  5h05m + 14.90s]   prompt 926/1000  seq_len=62 n_valid=45  15s  max||J||/sqrt(d)=3.596  max_d_mean=1.74e-03
[  5h05m + 20.40s]   prompt 927/1000  seq_len=128 n_valid=111  20s  max||J||/sqrt(d)=3.604  max_d_mean=1.77e-03
[  5h05m + 20.10s]   prompt 928/1000  seq_len=128 n_valid=111  20s  max||J||/sqrt(d)=2.980  max_d_mean=1.42e-03
[  5h05m +  7.60s]   prompt 929/1000  seq_len=128 n_valid=111  8s  max||J||/sqrt(d)=3.084  max_d_mean=1.42e-03
[  5h06m + 16.60s]   prompt 930/1000  seq_len=128 n_valid=111  17s  max||J||/sqrt(d)=3.661  max_d_mean=1.82e-03
[  5h06m +  5.90s]   prompt 931/1000  seq_len=128 n_valid=111  6s  max||J||/sqrt(d)=3.031  max_d_mean=1.49e-03
[  5h06m + 12.10s]   prompt 932/1000  seq_len=128 n_valid=111  12s  max||J||/sqrt(d)=3.772  max_d_mean=1.84e-03
[  5h06m +  6.09s]   prompt 933/1000  seq_len=128 n_valid=111  6s  max||J||/sqrt(d)=3.747  max_d_mean=1.80e-03
[  5h06m +  4.50s]   prompt 934/1000  seq_len=128 n_valid=111  5s  max||J||/sqrt(d)=3.228  max_d_mean=1.52e-03
[  5h06m +  2.90s]   prompt 935/1000  seq_len=128 n_valid=111  3s  max||J||/sqrt(d)=3.836  max_d_mean=1.76e-03
[  5h06m + 13.20s]   prompt 936/1000  seq_len=106 n_valid=89  13s  max||J||/sqrt(d)=3.688  max_d_mean=1.79e-03
[  5h07m + 12.90s]   prompt 937/1000  seq_len=128 n_valid=111  13s  max||J||/sqrt(d)=3.921  max_d_mean=1.82e-03
[  5h07m + 14.60s]   prompt 938/1000  seq_len=125 n_valid=108  15s  max||J||/sqrt(d)=3.978  max_d_mean=1.88e-03
[  5h07m + 12.70s]   prompt 939/1000  seq_len=128 n_valid=111  13s  max||J||/sqrt(d)=4.071  max_d_mean=1.91e-03
[  5h07m +  9.19s]   prompt 940/1000  seq_len=128 n_valid=111  9s  max||J||/sqrt(d)=3.710  max_d_mean=1.90e-03
[  5h07m +  9.81s]   prompt 941/1000  seq_len=128 n_valid=111  10s  max||J||/sqrt(d)=3.948  max_d_mean=1.97e-03
[  5h08m + 14.89s]   prompt 942/1000  seq_len=128 n_valid=111  15s  max||J||/sqrt(d)=4.077  max_d_mean=2.00e-03
[  5h08m +  6.60s]   prompt 943/1000  seq_len=128 n_valid=111  7s  max||J||/sqrt(d)=3.544  max_d_mean=1.67e-03
[  5h08m + 12.10s]   prompt 944/1000  seq_len=128 n_valid=111  12s  max||J||/sqrt(d)=3.235  max_d_mean=1.37e-03
[  5h08m + 19.20s]   prompt 945/1000  seq_len=128 n_valid=111  19s  max||J||/sqrt(d)=4.450  max_d_mean=2.13e-03
[  5h09m + 17.10s]   prompt 946/1000  seq_len=128 n_valid=111  17s  max||J||/sqrt(d)=3.583  max_d_mean=1.71e-03
[  5h09m +  6.30s]   prompt 947/1000  seq_len=128 n_valid=111  6s  max||J||/sqrt(d)=3.751  max_d_mean=1.64e-03
[  5h09m +  9.20s]   prompt 948/1000  seq_len=49 n_valid=32  9s  max||J||/sqrt(d)=3.306  max_d_mean=1.68e-03
[  5h09m + 18.70s]   prompt 949/1000  seq_len=128 n_valid=111  19s  max||J||/sqrt(d)=3.450  max_d_mean=1.55e-03
[  5h09m + 15.80s]   prompt 950/1000  seq_len=128 n_valid=111  16s  max||J||/sqrt(d)=3.954  max_d_mean=1.87e-03
[  5h09m +  5.10s]   prompt 951/1000  seq_len=128 n_valid=111  5s  max||J||/sqrt(d)=3.017  max_d_mean=1.32e-03
[  5h10m +  6.60s]   prompt 952/1000  seq_len=94 n_valid=77  7s  max||J||/sqrt(d)=3.360  max_d_mean=1.48e-03
[  5h10m +  6.30s]   prompt 953/1000  seq_len=117 n_valid=100  6s  max||J||/sqrt(d)=3.112  max_d_mean=1.39e-03
[  5h10m + 16.20s]   prompt 954/1000  seq_len=128 n_valid=111  16s  max||J||/sqrt(d)=3.711  max_d_mean=1.73e-03
[  5h10m +  9.90s]   prompt 955/1000  seq_len=128 n_valid=111  10s  max||J||/sqrt(d)=4.219  max_d_mean=2.05e-03
[  5h10m +  8.71s]   prompt 956/1000  seq_len=128 n_valid=111  9s  max||J||/sqrt(d)=3.100  max_d_mean=1.36e-03
[  5h10m + 14.00s]   prompt 957/1000  seq_len=128 n_valid=111  14s  max||J||/sqrt(d)=4.099  max_d_mean=1.86e-03
[  5h11m + 15.00s]   prompt 958/1000  seq_len=109 n_valid=92  15s  max||J||/sqrt(d)=3.853  max_d_mean=1.84e-03
[  5h11m + 19.40s]   prompt 959/1000  seq_len=128 n_valid=111  19s  max||J||/sqrt(d)=4.056  max_d_mean=1.93e-03
[  5h11m + 17.60s]   prompt 960/1000  seq_len=128 n_valid=111  18s  max||J||/sqrt(d)=3.880  max_d_mean=1.80e-03
[  5h12m + 14.30s]   prompt 961/1000  seq_len=128 n_valid=111  14s  max||J||/sqrt(d)=3.311  max_d_mean=1.44e-03
[  5h12m +  4.70s]   prompt 962/1000  seq_len=128 n_valid=111  5s  max||J||/sqrt(d)=2.935  max_d_mean=1.40e-03
[  5h12m + 15.20s]   prompt 963/1000  seq_len=128 n_valid=111  15s  max||J||/sqrt(d)=3.262  max_d_mean=1.44e-03
[  5h12m + 10.99s]   prompt 964/1000  seq_len=104 n_valid=87  11s  max||J||/sqrt(d)=4.707  max_d_mean=2.25e-03
[  5h12m +  3.70s]   prompt 965/1000  seq_len=128 n_valid=111  4s  max||J||/sqrt(d)=3.479  max_d_mean=1.59e-03
[  5h12m +  5.70s]   prompt 966/1000  seq_len=128 n_valid=111  6s  max||J||/sqrt(d)=2.934  max_d_mean=1.32e-03
[  5h12m + 14.20s]   prompt 967/1000  seq_len=128 n_valid=111  14s  max||J||/sqrt(d)=3.039  max_d_mean=1.31e-03
[  5h13m + 19.00s]   prompt 968/1000  seq_len=108 n_valid=91  19s  max||J||/sqrt(d)=4.323  max_d_mean=2.11e-03
[  5h13m + 20.00s]   prompt 969/1000  seq_len=128 n_valid=111  20s  max||J||/sqrt(d)=3.378  max_d_mean=1.52e-03
[  5h13m + 18.20s]   prompt 970/1000  seq_len=128 n_valid=111  18s  max||J||/sqrt(d)=3.440  max_d_mean=1.52e-03
[  5h14m + 14.00s]   prompt 971/1000  seq_len=128 n_valid=111  14s  max||J||/sqrt(d)=4.050  max_d_mean=1.80e-03
[  5h14m + 19.50s]   prompt 972/1000  seq_len=113 n_valid=96  20s  max||J||/sqrt(d)=3.057  max_d_mean=1.37e-03
[  5h14m + 12.80s]   prompt 973/1000  seq_len=71 n_valid=54  13s  max||J||/sqrt(d)=3.144  max_d_mean=1.54e-03
[  5h14m + 12.00s]   prompt 974/1000  seq_len=128 n_valid=111  12s  max||J||/sqrt(d)=4.887  max_d_mean=2.34e-03
[  5h14m +  1.89s]   prompt 975/1000  seq_len=80 n_valid=63  2s  max||J||/sqrt(d)=3.882  max_d_mean=1.92e-03
[  5h15m + 15.30s]   prompt 976/1000  seq_len=119 n_valid=102  15s  max||J||/sqrt(d)=3.323  max_d_mean=1.40e-03
[  5h15m + 18.00s]   prompt 977/1000  seq_len=128 n_valid=111  18s  max||J||/sqrt(d)=3.238  max_d_mean=1.42e-03
[  5h15m + 13.20s]   prompt 978/1000  seq_len=128 n_valid=111  13s  max||J||/sqrt(d)=4.298  max_d_mean=2.05e-03
[  5h15m +  2.60s]   prompt 979/1000  seq_len=93 n_valid=76  3s  max||J||/sqrt(d)=4.202  max_d_mean=2.06e-03
[  5h16m + 18.10s]   prompt 980/1000  seq_len=128 n_valid=111  18s  max||J||/sqrt(d)=3.558  max_d_mean=1.64e-03
[  5h16m +  8.80s]   prompt 981/1000  seq_len=128 n_valid=111  9s  max||J||/sqrt(d)=3.748  max_d_mean=1.74e-03
[  5h16m + 12.69s]   prompt 982/1000  seq_len=61 n_valid=44  13s  max||J||/sqrt(d)=5.610  max_d_mean=2.83e-03
[  5h16m + 18.30s]   prompt 983/1000  seq_len=128 n_valid=111  18s  max||J||/sqrt(d)=3.667  max_d_mean=1.73e-03
[  5h16m +  6.00s]   prompt 984/1000  seq_len=81 n_valid=64  6s  max||J||/sqrt(d)=3.714  max_d_mean=1.81e-03
[  5h17m + 13.80s]   prompt 985/1000  seq_len=117 n_valid=100  14s  max||J||/sqrt(d)=3.296  max_d_mean=1.48e-03
[  5h17m + 10.20s]   prompt 986/1000  seq_len=128 n_valid=111  10s  max||J||/sqrt(d)=3.145  max_d_mean=1.41e-03
[  5h17m + 15.51s]   prompt 987/1000  seq_len=112 n_valid=95  16s  max||J||/sqrt(d)=3.157  max_d_mean=1.42e-03
[  5h17m + 18.99s]   prompt 988/1000  seq_len=104 n_valid=87  19s  max||J||/sqrt(d)=3.767  max_d_mean=1.68e-03
[  5h18m + 13.20s]   prompt 989/1000  seq_len=99 n_valid=82  13s  max||J||/sqrt(d)=3.485  max_d_mean=1.55e-03
[  5h18m + 14.30s]   prompt 990/1000  seq_len=77 n_valid=60  14s  max||J||/sqrt(d)=4.685  max_d_mean=2.28e-03
[  5h18m + 17.20s]   prompt 991/1000  seq_len=83 n_valid=66  17s  max||J||/sqrt(d)=4.133  max_d_mean=1.96e-03
[  5h18m +  9.70s]   prompt 992/1000  seq_len=128 n_valid=111  10s  max||J||/sqrt(d)=2.764  max_d_mean=1.37e-03
[  5h18m +  4.31s]   prompt 993/1000  seq_len=108 n_valid=91  4s  max||J||/sqrt(d)=4.230  max_d_mean=2.04e-03
[  5h19m + 17.19s]   prompt 994/1000  seq_len=128 n_valid=111  17s  max||J||/sqrt(d)=3.694  max_d_mean=1.58e-03
[  5h19m + 19.90s]   prompt 995/1000  seq_len=107 n_valid=90  20s  max||J||/sqrt(d)=4.580  max_d_mean=2.13e-03
[  5h19m + 19.40s]   prompt 996/1000  seq_len=128 n_valid=111  19s  max||J||/sqrt(d)=3.593  max_d_mean=1.66e-03
[  5h19m +  6.00s]   prompt 997/1000  seq_len=55 n_valid=38  6s  max||J||/sqrt(d)=3.114  max_d_mean=1.57e-03
[  5h19m +  5.30s]   prompt 998/1000  seq_len=87 n_valid=70  5s  max||J||/sqrt(d)=3.632  max_d_mean=1.69e-03
[  5h20m + 18.40s]   prompt 999/1000  seq_len=64 n_valid=47  18s  max||J||/sqrt(d)=3.590  max_d_mean=1.78e-03
[  5h20m + 19.10s]   prompt 1000/1000  seq_len=128 n_valid=111  19s  max||J||/sqrt(d)=2.985  max_d_mean=1.32e-03
[  5h20m +  2.60s] fit: done, 1000 prompts
saved runs/smollm2-135m-it/lens.pt {'model': 'HuggingFaceTB/SmolLM2-135M-Instruct', 'n_prompts': 1000, 'skip_prompts': 0, 'dim_batch': 192, 'max_seq_len': 128, 'target_layer': None, 'skip_first': 16, 'corpus': 'Salesforce/wikitext:wikitext-103-raw-v1:train (min200/max2000 chars, non-header)', 'dtype': 'bfloat16', 'wall_seconds': 19232.8}
