Warning: You are sending unauthenticated requests to the HF Hub. Please set a HF_TOKEN to enable higher rate limits and faster downloads.
Loading weights:   0%|          | 0/292 [00:00<?, ?it/s]Loading weights: 100%|██████████| 292/292 [00:00<00:00, 2752.81it/s]Loading weights: 100%|██████████| 292/292 [00:00<00:00, 2746.34it/s]
HFLensModel(GPT2LMHeadModel, n_layers=24, d_model=1024)
[    13s + 13.98s] fit: n_layers=24 d_model=1024, fitting 23 source layers (target=L23) on 1000 prompts
[    39s + 25.16s]   prompt 1/1000  seq_len=128 n_valid=111  23s  max||J||/sqrt(d)=1.326  max_d_mean=nan
[  1m02s + 23.00s]   prompt 2/1000  seq_len=106 n_valid=89  23s  max||J||/sqrt(d)=1.280  max_d_mean=4.63e-01
[  1m24s + 22.50s]   prompt 3/1000  seq_len=111 n_valid=94  22s  max||J||/sqrt(d)=1.364  max_d_mean=3.25e-01
[  1m46s + 22.10s]   prompt 4/1000  seq_len=128 n_valid=111  22s  max||J||/sqrt(d)=1.491  max_d_mean=3.35e-01
[  1m59s + 12.40s]   prompt 5/1000  seq_len=128 n_valid=111  12s  max||J||/sqrt(d)=1.572  max_d_mean=2.40e-01
[  2m17s + 18.60s]   prompt 6/1000  seq_len=90 n_valid=73  19s  max||J||/sqrt(d)=1.411  max_d_mean=1.61e-01
[  2m40s + 22.79s]   prompt 7/1000  seq_len=128 n_valid=111  23s  max||J||/sqrt(d)=1.322  max_d_mean=1.36e-01
[  3m07s + 26.90s]   prompt 8/1000  seq_len=128 n_valid=111  27s  max||J||/sqrt(d)=1.383  max_d_mean=1.54e-01
[  3m33s + 26.20s]   prompt 9/1000  seq_len=128 n_valid=111  26s  max||J||/sqrt(d)=1.510  max_d_mean=1.73e-01
[  4m02s + 29.00s]   prompt 10/1000  seq_len=128 n_valid=111  29s  max||J||/sqrt(d)=1.319  max_d_mean=8.32e-02
[  4m15s + 13.00s]   prompt 11/1000  seq_len=128 n_valid=111  13s  max||J||/sqrt(d)=1.516  max_d_mean=1.09e-01
[  4m32s + 16.80s]   prompt 12/1000  seq_len=128 n_valid=111  17s  max||J||/sqrt(d)=1.422  max_d_mean=1.33e-01
[  4m46s + 14.20s]   prompt 13/1000  seq_len=128 n_valid=111  14s  max||J||/sqrt(d)=1.739  max_d_mean=1.68e-01
W0817 22:16:33.270000 99484 torch/_dynamo/convert_frame.py:1016] [0/8] torch._dynamo hit config.recompile_limit (8)
W0817 22:16:33.270000 99484 torch/_dynamo/convert_frame.py:1016] [0/8]    function: '__call__' (/usr/local/lib/python3.12/dist-packages/transformers/modeling_layers.py:79)
W0817 22:16:33.270000 99484 torch/_dynamo/convert_frame.py:1016] [0/8]    last reason: 0/1: tensor 'args[0]' requires_grad mismatch. expected requires_grad=1
W0817 22:16:33.270000 99484 torch/_dynamo/convert_frame.py:1016] [0/8] To log all recompilation reasons, use TORCH_LOGS="recompiles".
W0817 22:16:33.270000 99484 torch/_dynamo/convert_frame.py:1016] [0/8] To diagnose recompilation issues, see https://pytorch.org/docs/main/torch.compiler_troubleshooting.html.
[  5m00s + 13.90s]   prompt 14/1000  seq_len=99 n_valid=82  14s  max||J||/sqrt(d)=1.321  max_d_mean=5.86e-02
[  5m16s + 15.81s]   prompt 15/1000  seq_len=77 n_valid=60  16s  max||J||/sqrt(d)=1.407  max_d_mean=1.02e-01
[  5m35s + 19.20s]   prompt 16/1000  seq_len=128 n_valid=111  19s  max||J||/sqrt(d)=1.304  max_d_mean=5.36e-02
[  5m54s + 18.60s]   prompt 17/1000  seq_len=128 n_valid=111  19s  max||J||/sqrt(d)=1.387  max_d_mean=6.24e-02
[  6m19s + 25.60s]   prompt 18/1000  seq_len=104 n_valid=87  26s  max||J||/sqrt(d)=1.289  max_d_mean=4.97e-02
[  6m45s + 25.91s]   prompt 19/1000  seq_len=80 n_valid=63  26s  max||J||/sqrt(d)=1.329  max_d_mean=6.46e-02
[  7m10s + 25.19s]   prompt 20/1000  seq_len=128 n_valid=111  25s  max||J||/sqrt(d)=1.282  max_d_mean=5.53e-02
[  7m32s + 21.20s]   prompt 21/1000  seq_len=128 n_valid=111  21s  max||J||/sqrt(d)=1.336  max_d_mean=4.80e-02
[  7m51s + 19.00s]   prompt 22/1000  seq_len=128 n_valid=111  19s  max||J||/sqrt(d)=1.297  max_d_mean=5.61e-02
[  8m07s + 16.10s]   prompt 23/1000  seq_len=111 n_valid=94  16s  max||J||/sqrt(d)=1.314  max_d_mean=4.42e-02
[  8m26s + 19.30s]   prompt 24/1000  seq_len=95 n_valid=78  19s  max||J||/sqrt(d)=1.298  max_d_mean=4.70e-02
[  8m45s + 19.40s]   prompt 25/1000  seq_len=128 n_valid=111  19s  max||J||/sqrt(d)=1.317  max_d_mean=4.58e-02
[  8m59s + 13.40s]   prompt 26/1000  seq_len=128 n_valid=111  13s  max||J||/sqrt(d)=1.329  max_d_mean=4.73e-02
[  9m20s + 21.50s]   prompt 27/1000  seq_len=95 n_valid=78  21s  max||J||/sqrt(d)=1.416  max_d_mean=7.83e-02
[  9m41s + 20.80s]   prompt 28/1000  seq_len=128 n_valid=111  21s  max||J||/sqrt(d)=1.411  max_d_mean=4.94e-02
[ 10m03s + 21.50s]   prompt 29/1000  seq_len=128 n_valid=111  21s  max||J||/sqrt(d)=1.449  max_d_mean=5.55e-02
[ 10m32s + 29.30s]   prompt 30/1000  seq_len=47 n_valid=30  29s  max||J||/sqrt(d)=1.251  max_d_mean=3.79e-02
[ 11m01s + 28.71s]   prompt 31/1000  seq_len=81 n_valid=64  29s  max||J||/sqrt(d)=1.278  max_d_mean=3.19e-02
[ 11m27s + 26.59s]   prompt 32/1000  seq_len=88 n_valid=71  27s  max||J||/sqrt(d)=1.295  max_d_mean=3.22e-02
[ 11m52s + 24.50s]   prompt 33/1000  seq_len=70 n_valid=53  24s  max||J||/sqrt(d)=1.480  max_d_mean=6.05e-02
[ 12m17s + 25.20s]   prompt 34/1000  seq_len=128 n_valid=111  25s  max||J||/sqrt(d)=1.485  max_d_mean=4.39e-02
[ 12m41s + 24.60s]   prompt 35/1000  seq_len=91 n_valid=74  25s  max||J||/sqrt(d)=1.327  max_d_mean=3.19e-02
[ 13m06s + 24.50s]   prompt 36/1000  seq_len=67 n_valid=50  24s  max||J||/sqrt(d)=1.355  max_d_mean=3.59e-02
[ 13m32s + 25.60s]   prompt 37/1000  seq_len=128 n_valid=111  26s  max||J||/sqrt(d)=1.346  max_d_mean=3.47e-02
[ 13m56s + 24.90s]   prompt 38/1000  seq_len=128 n_valid=111  25s  max||J||/sqrt(d)=1.424  max_d_mean=3.24e-02
[ 14m22s + 25.41s]   prompt 39/1000  seq_len=128 n_valid=111  25s  max||J||/sqrt(d)=1.377  max_d_mean=4.26e-02
[ 14m48s + 26.09s]   prompt 40/1000  seq_len=128 n_valid=111  26s  max||J||/sqrt(d)=1.388  max_d_mean=3.16e-02
[ 15m14s + 25.91s]   prompt 41/1000  seq_len=98 n_valid=81  26s  max||J||/sqrt(d)=1.340  max_d_mean=2.98e-02
[ 15m40s + 25.80s]   prompt 42/1000  seq_len=83 n_valid=66  26s  max||J||/sqrt(d)=1.514  max_d_mean=4.22e-02
[ 16m08s + 28.00s]   prompt 43/1000  seq_len=58 n_valid=41  28s  max||J||/sqrt(d)=1.271  max_d_mean=2.26e-02
[ 16m34s + 26.00s]   prompt 44/1000  seq_len=98 n_valid=81  26s  max||J||/sqrt(d)=1.528  max_d_mean=4.01e-02
[ 17m00s + 26.01s]   prompt 45/1000  seq_len=128 n_valid=111  26s  max||J||/sqrt(d)=1.354  max_d_mean=2.72e-02
[ 17m26s + 25.99s]   prompt 46/1000  seq_len=127 n_valid=110  26s  max||J||/sqrt(d)=1.387  max_d_mean=2.44e-02
[ 17m51s + 25.10s]   prompt 47/1000  seq_len=128 n_valid=111  25s  max||J||/sqrt(d)=1.323  max_d_mean=2.42e-02
[ 18m16s + 25.71s]   prompt 48/1000  seq_len=123 n_valid=106  26s  max||J||/sqrt(d)=1.358  max_d_mean=2.34e-02
[ 18m41s + 24.59s]   prompt 49/1000  seq_len=68 n_valid=51  25s  max||J||/sqrt(d)=1.309  max_d_mean=2.61e-02
[ 19m09s + 27.89s]   prompt 50/1000  seq_len=128 n_valid=111  28s  max||J||/sqrt(d)=1.430  max_d_mean=2.55e-02
[ 19m37s + 28.00s]   prompt 51/1000  seq_len=45 n_valid=28  28s  max||J||/sqrt(d)=1.227  max_d_mean=2.32e-02
[ 20m04s + 27.50s]   prompt 52/1000  seq_len=128 n_valid=111  28s  max||J||/sqrt(d)=1.331  max_d_mean=1.85e-02
[ 20m28s + 23.59s]   prompt 53/1000  seq_len=115 n_valid=98  24s  max||J||/sqrt(d)=1.306  max_d_mean=1.67e-02
[ 20m52s + 23.81s]   prompt 54/1000  seq_len=95 n_valid=78  24s  max||J||/sqrt(d)=1.333  max_d_mean=1.81e-02
[ 21m15s + 23.09s]   prompt 55/1000  seq_len=98 n_valid=81  23s  max||J||/sqrt(d)=1.486  max_d_mean=3.39e-02
[ 21m39s + 24.30s]   prompt 56/1000  seq_len=92 n_valid=75  24s  max||J||/sqrt(d)=1.341  max_d_mean=1.89e-02
[ 22m04s + 24.30s]   prompt 57/1000  seq_len=93 n_valid=76  24s  max||J||/sqrt(d)=1.310  max_d_mean=1.82e-02
[ 22m26s + 22.30s]   prompt 58/1000  seq_len=84 n_valid=67  22s  max||J||/sqrt(d)=1.255  max_d_mean=2.05e-02
[ 22m50s + 24.20s]   prompt 59/1000  seq_len=53 n_valid=36  24s  max||J||/sqrt(d)=1.276  max_d_mean=2.02e-02
[ 23m16s + 25.60s]   prompt 60/1000  seq_len=92 n_valid=75  26s  max||J||/sqrt(d)=1.265  max_d_mean=1.58e-02
[ 23m39s + 23.70s]   prompt 61/1000  seq_len=91 n_valid=74  24s  max||J||/sqrt(d)=1.338  max_d_mean=1.78e-02
[ 24m05s + 25.21s]   prompt 62/1000  seq_len=100 n_valid=83  25s  max||J||/sqrt(d)=1.246  max_d_mean=1.87e-02
[ 24m30s + 25.89s]   prompt 63/1000  seq_len=94 n_valid=77  26s  max||J||/sqrt(d)=1.284  max_d_mean=1.42e-02
[ 24m55s + 24.10s]   prompt 64/1000  seq_len=122 n_valid=105  24s  max||J||/sqrt(d)=1.306  max_d_mean=1.68e-02
[ 25m18s + 23.90s]   prompt 65/1000  seq_len=128 n_valid=111  24s  max||J||/sqrt(d)=1.420  max_d_mean=1.57e-02
[ 25m43s + 24.60s]   prompt 66/1000  seq_len=41 n_valid=24  25s  max||J||/sqrt(d)=1.258  max_d_mean=1.76e-02
[ 26m08s + 24.70s]   prompt 67/1000  seq_len=90 n_valid=73  25s  max||J||/sqrt(d)=1.279  max_d_mean=1.54e-02
[ 26m31s + 23.71s]   prompt 68/1000  seq_len=128 n_valid=111  24s  max||J||/sqrt(d)=1.383  max_d_mean=1.52e-02
[ 26m57s + 25.99s]   prompt 69/1000  seq_len=101 n_valid=84  26s  max||J||/sqrt(d)=1.293  max_d_mean=1.96e-02
[ 27m22s + 24.30s]   prompt 70/1000  seq_len=73 n_valid=56  24s  max||J||/sqrt(d)=1.268  max_d_mean=1.46e-02
[ 27m47s + 25.50s]   prompt 71/1000  seq_len=88 n_valid=71  26s  max||J||/sqrt(d)=1.284  max_d_mean=1.67e-02
[ 28m13s + 26.00s]   prompt 72/1000  seq_len=93 n_valid=76  26s  max||J||/sqrt(d)=1.298  max_d_mean=1.74e-02
[ 28m37s + 24.20s]   prompt 73/1000  seq_len=84 n_valid=67  24s  max||J||/sqrt(d)=1.285  max_d_mean=1.51e-02
[ 29m05s + 27.80s]   prompt 74/1000  seq_len=128 n_valid=111  28s  max||J||/sqrt(d)=1.336  max_d_mean=1.37e-02
[ 29m33s + 27.40s]   prompt 75/1000  seq_len=128 n_valid=111  27s  max||J||/sqrt(d)=1.442  max_d_mean=1.55e-02
[ 29m59s + 26.50s]   prompt 76/1000  seq_len=128 n_valid=111  26s  max||J||/sqrt(d)=1.335  max_d_mean=1.45e-02
[ 30m26s + 26.40s]   prompt 77/1000  seq_len=128 n_valid=111  26s  max||J||/sqrt(d)=1.417  max_d_mean=1.89e-02
[ 30m53s + 27.41s]   prompt 78/1000  seq_len=120 n_valid=103  27s  max||J||/sqrt(d)=1.379  max_d_mean=1.95e-02
[ 31m21s + 27.89s]   prompt 79/1000  seq_len=128 n_valid=111  28s  max||J||/sqrt(d)=1.410  max_d_mean=1.62e-02
[ 31m48s + 27.60s]   prompt 80/1000  seq_len=51 n_valid=34  28s  max||J||/sqrt(d)=1.344  max_d_mean=1.63e-02
[ 32m16s + 27.89s]   prompt 81/1000  seq_len=82 n_valid=65  28s  max||J||/sqrt(d)=1.273  max_d_mean=1.23e-02
[ 32m46s + 29.21s]   prompt 82/1000  seq_len=115 n_valid=98  29s  max||J||/sqrt(d)=1.314  max_d_mean=1.42e-02
[ 33m15s + 29.80s]   prompt 83/1000  seq_len=128 n_valid=111  30s  max||J||/sqrt(d)=1.402  max_d_mean=2.59e-02
[ 33m40s + 24.79s]   prompt 84/1000  seq_len=128 n_valid=111  25s  max||J||/sqrt(d)=1.270  max_d_mean=1.45e-02
[ 34m06s + 25.80s]   prompt 85/1000  seq_len=128 n_valid=111  26s  max||J||/sqrt(d)=1.317  max_d_mean=1.40e-02
[ 34m32s + 26.50s]   prompt 86/1000  seq_len=128 n_valid=111  27s  max||J||/sqrt(d)=1.370  max_d_mean=2.06e-02
[ 34m58s + 25.90s]   prompt 87/1000  seq_len=128 n_valid=111  26s  max||J||/sqrt(d)=1.521  max_d_mean=2.15e-02
[ 35m24s + 25.30s]   prompt 88/1000  seq_len=128 n_valid=111  25s  max||J||/sqrt(d)=1.452  max_d_mean=1.69e-02
[ 35m50s + 26.40s]   prompt 89/1000  seq_len=128 n_valid=111  26s  max||J||/sqrt(d)=1.266  max_d_mean=1.11e-02
[ 36m15s + 25.19s]   prompt 90/1000  seq_len=99 n_valid=82  25s  max||J||/sqrt(d)=1.259  max_d_mean=1.33e-02
[ 36m41s + 26.20s]   prompt 91/1000  seq_len=128 n_valid=111  26s  max||J||/sqrt(d)=1.443  max_d_mean=2.05e-02
[ 37m07s + 25.80s]   prompt 92/1000  seq_len=128 n_valid=111  26s  max||J||/sqrt(d)=1.356  max_d_mean=1.29e-02
[ 37m34s + 26.69s]   prompt 93/1000  seq_len=113 n_valid=96  27s  max||J||/sqrt(d)=1.364  max_d_mean=1.39e-02
[ 38m00s + 26.10s]   prompt 94/1000  seq_len=123 n_valid=106  26s  max||J||/sqrt(d)=1.299  max_d_mean=1.13e-02
[ 38m26s + 26.30s]   prompt 95/1000  seq_len=88 n_valid=71  26s  max||J||/sqrt(d)=1.288  max_d_mean=1.24e-02
[ 38m54s + 27.30s]   prompt 96/1000  seq_len=128 n_valid=111  27s  max||J||/sqrt(d)=1.306  max_d_mean=1.19e-02
[ 39m19s + 25.80s]   prompt 97/1000  seq_len=128 n_valid=111  26s  max||J||/sqrt(d)=1.339  max_d_mean=1.39e-02
[ 39m47s + 27.20s]   prompt 98/1000  seq_len=128 n_valid=111  27s  max||J||/sqrt(d)=1.307  max_d_mean=1.12e-02
[ 40m10s + 23.80s]   prompt 99/1000  seq_len=128 n_valid=111  24s  max||J||/sqrt(d)=1.340  max_d_mean=1.08e-02
[ 40m34s + 23.51s]   prompt 100/1000  seq_len=128 n_valid=111  24s  max||J||/sqrt(d)=1.377  max_d_mean=1.04e-02
[ 40m59s + 25.50s]   prompt 101/1000  seq_len=128 n_valid=111  25s  max||J||/sqrt(d)=1.317  max_d_mean=1.10e-02
[ 41m27s + 27.60s]   prompt 102/1000  seq_len=128 n_valid=111  28s  max||J||/sqrt(d)=1.374  max_d_mean=1.31e-02
[ 41m52s + 25.12s]   prompt 103/1000  seq_len=128 n_valid=111  25s  max||J||/sqrt(d)=1.295  max_d_mean=8.80e-03
[ 42m19s + 26.49s]   prompt 104/1000  seq_len=128 n_valid=111  26s  max||J||/sqrt(d)=1.378  max_d_mean=1.22e-02
[ 42m45s + 26.59s]   prompt 105/1000  seq_len=128 n_valid=111  27s  max||J||/sqrt(d)=1.348  max_d_mean=1.03e-02
[ 43m13s + 28.00s]   prompt 106/1000  seq_len=106 n_valid=89  28s  max||J||/sqrt(d)=1.355  max_d_mean=1.27e-02
[ 43m41s + 27.80s]   prompt 107/1000  seq_len=84 n_valid=67  28s  max||J||/sqrt(d)=1.265  max_d_mean=9.81e-03
[ 44m07s + 26.10s]   prompt 108/1000  seq_len=68 n_valid=51  26s  max||J||/sqrt(d)=1.268  max_d_mean=1.21e-02
[ 44m35s + 27.51s]   prompt 109/1000  seq_len=96 n_valid=79  28s  max||J||/sqrt(d)=1.381  max_d_mean=1.30e-02
[ 45m02s + 27.59s]   prompt 110/1000  seq_len=128 n_valid=111  28s  max||J||/sqrt(d)=1.350  max_d_mean=1.61e-02
[ 45m30s + 27.40s]   prompt 111/1000  seq_len=128 n_valid=111  27s  max||J||/sqrt(d)=1.303  max_d_mean=9.86e-03
[ 45m57s + 27.30s]   prompt 112/1000  seq_len=128 n_valid=111  27s  max||J||/sqrt(d)=1.266  max_d_mean=8.88e-03
[ 46m25s + 28.09s]   prompt 113/1000  seq_len=128 n_valid=111  28s  max||J||/sqrt(d)=1.310  max_d_mean=9.09e-03
[ 46m55s + 30.00s]   prompt 114/1000  seq_len=128 n_valid=111  30s  max||J||/sqrt(d)=1.338  max_d_mean=1.05e-02
[ 47m26s + 31.00s]   prompt 115/1000  seq_len=128 n_valid=111  31s  max||J||/sqrt(d)=1.374  max_d_mean=1.37e-02
[ 47m53s + 27.10s]   prompt 116/1000  seq_len=128 n_valid=111  27s  max||J||/sqrt(d)=1.462  max_d_mean=1.21e-02
[ 48m20s + 27.00s]   prompt 117/1000  seq_len=101 n_valid=84  27s  max||J||/sqrt(d)=1.286  max_d_mean=1.09e-02
[ 48m48s + 27.70s]   prompt 118/1000  seq_len=128 n_valid=111  28s  max||J||/sqrt(d)=1.330  max_d_mean=9.74e-03
[ 49m15s + 26.91s]   prompt 119/1000  seq_len=60 n_valid=43  27s  max||J||/sqrt(d)=1.288  max_d_mean=1.20e-02
[ 49m44s + 29.09s]   prompt 120/1000  seq_len=128 n_valid=111  29s  max||J||/sqrt(d)=1.415  max_d_mean=1.24e-02
[ 50m12s + 27.91s]   prompt 121/1000  seq_len=128 n_valid=111  28s  max||J||/sqrt(d)=1.411  max_d_mean=1.14e-02
[ 50m41s + 29.20s]   prompt 122/1000  seq_len=128 n_valid=111  29s  max||J||/sqrt(d)=1.433  max_d_mean=1.71e-02
[ 51m09s + 28.10s]   prompt 123/1000  seq_len=128 n_valid=111  28s  max||J||/sqrt(d)=1.325  max_d_mean=1.00e-02
[ 51m38s + 28.80s]   prompt 124/1000  seq_len=128 n_valid=111  29s  max||J||/sqrt(d)=1.377  max_d_mean=8.98e-03
[ 52m06s + 28.30s]   prompt 125/1000  seq_len=128 n_valid=111  28s  max||J||/sqrt(d)=1.370  max_d_mean=8.99e-03
[ 52m35s + 28.40s]   prompt 126/1000  seq_len=128 n_valid=111  28s  max||J||/sqrt(d)=1.500  max_d_mean=1.35e-02
[ 53m01s + 26.20s]   prompt 127/1000  seq_len=128 n_valid=111  26s  max||J||/sqrt(d)=1.420  max_d_mean=1.14e-02
[ 53m31s + 30.60s]   prompt 128/1000  seq_len=128 n_valid=111  31s  max||J||/sqrt(d)=1.507  max_d_mean=1.43e-02
[ 54m00s + 28.31s]   prompt 129/1000  seq_len=128 n_valid=111  28s  max||J||/sqrt(d)=1.342  max_d_mean=1.44e-02
[ 54m24s + 24.70s]   prompt 130/1000  seq_len=128 n_valid=111  25s  max||J||/sqrt(d)=1.348  max_d_mean=8.53e-03
[ 54m51s + 26.30s]   prompt 131/1000  seq_len=128 n_valid=111  26s  max||J||/sqrt(d)=1.340  max_d_mean=9.35e-03
[ 55m17s + 26.80s]   prompt 132/1000  seq_len=128 n_valid=111  27s  max||J||/sqrt(d)=1.373  max_d_mean=1.26e-02
[ 55m45s + 28.00s]   prompt 133/1000  seq_len=128 n_valid=111  28s  max||J||/sqrt(d)=1.497  max_d_mean=1.21e-02
[ 56m12s + 26.90s]   prompt 134/1000  seq_len=128 n_valid=111  27s  max||J||/sqrt(d)=1.460  max_d_mean=1.30e-02
[ 56m40s + 27.19s]   prompt 135/1000  seq_len=128 n_valid=111  27s  max||J||/sqrt(d)=1.378  max_d_mean=7.97e-03
[ 57m07s + 27.71s]   prompt 136/1000  seq_len=128 n_valid=111  28s  max||J||/sqrt(d)=1.432  max_d_mean=1.18e-02
[ 57m37s + 29.49s]   prompt 137/1000  seq_len=128 n_valid=111  29s  max||J||/sqrt(d)=1.433  max_d_mean=1.17e-02
[ 58m08s + 30.80s]   prompt 138/1000  seq_len=110 n_valid=93  31s  max||J||/sqrt(d)=1.409  max_d_mean=1.18e-02
[ 58m35s + 27.10s]   prompt 139/1000  seq_len=128 n_valid=111  27s  max||J||/sqrt(d)=1.454  max_d_mean=1.33e-02
[ 59m02s + 27.30s]   prompt 140/1000  seq_len=128 n_valid=111  27s  max||J||/sqrt(d)=1.414  max_d_mean=9.85e-03
[ 59m28s + 26.20s]   prompt 141/1000  seq_len=128 n_valid=111  26s  max||J||/sqrt(d)=1.433  max_d_mean=9.06e-03
[ 59m57s + 28.70s]   prompt 142/1000  seq_len=74 n_valid=57  29s  max||J||/sqrt(d)=1.408  max_d_mean=1.29e-02
[  1h00m + 26.40s]   prompt 143/1000  seq_len=128 n_valid=111  26s  max||J||/sqrt(d)=1.384  max_d_mean=8.97e-03
[  1h00m + 26.41s]   prompt 144/1000  seq_len=52 n_valid=35  26s  max||J||/sqrt(d)=1.228  max_d_mean=9.00e-03
[  1h01m + 28.19s]   prompt 145/1000  seq_len=128 n_valid=111  28s  max||J||/sqrt(d)=1.371  max_d_mean=8.39e-03
[  1h01m + 27.80s]   prompt 146/1000  seq_len=128 n_valid=111  28s  max||J||/sqrt(d)=1.315  max_d_mean=6.72e-03
[  1h02m + 29.80s]   prompt 147/1000  seq_len=128 n_valid=111  30s  max||J||/sqrt(d)=1.257  max_d_mean=8.47e-03
[  1h02m + 27.20s]   prompt 148/1000  seq_len=128 n_valid=111  27s  max||J||/sqrt(d)=2.184  max_d_mean=2.43e-02
[  1h03m + 28.21s]   prompt 149/1000  seq_len=128 n_valid=111  28s  max||J||/sqrt(d)=1.266  max_d_mean=6.24e-03
[  1h03m + 30.39s]   prompt 150/1000  seq_len=128 n_valid=111  30s  max||J||/sqrt(d)=1.218  max_d_mean=6.41e-03
[  1h04m + 26.10s]   prompt 151/1000  seq_len=128 n_valid=111  26s  max||J||/sqrt(d)=1.279  max_d_mean=7.64e-03
[  1h04m + 27.40s]   prompt 152/1000  seq_len=128 n_valid=111  27s  max||J||/sqrt(d)=1.263  max_d_mean=6.36e-03
[  1h05m + 27.20s]   prompt 153/1000  seq_len=128 n_valid=111  27s  max||J||/sqrt(d)=1.299  max_d_mean=6.86e-03
[  1h05m + 27.40s]   prompt 154/1000  seq_len=128 n_valid=111  27s  max||J||/sqrt(d)=1.398  max_d_mean=1.33e-02
[  1h05m + 29.00s]   prompt 155/1000  seq_len=111 n_valid=94  29s  max||J||/sqrt(d)=1.414  max_d_mean=1.14e-02
[  1h06m + 31.40s]   prompt 156/1000  seq_len=79 n_valid=62  31s  max||J||/sqrt(d)=1.266  max_d_mean=7.26e-03
[  1h07m + 30.31s]   prompt 157/1000  seq_len=128 n_valid=111  30s  max||J||/sqrt(d)=1.284  max_d_mean=6.48e-03
[  1h07m + 28.49s]   prompt 158/1000  seq_len=122 n_valid=105  28s  max||J||/sqrt(d)=1.238  max_d_mean=6.61e-03
[  1h07m + 26.11s]   prompt 159/1000  seq_len=128 n_valid=111  26s  max||J||/sqrt(d)=1.342  max_d_mean=7.10e-03
[  1h08m + 27.99s]   prompt 160/1000  seq_len=128 n_valid=111  28s  max||J||/sqrt(d)=1.369  max_d_mean=9.54e-03
[  1h08m + 29.31s]   prompt 161/1000  seq_len=128 n_valid=111  29s  max||J||/sqrt(d)=1.331  max_d_mean=6.95e-03
[  1h09m + 27.49s]   prompt 162/1000  seq_len=117 n_valid=100  27s  max||J||/sqrt(d)=1.314  max_d_mean=5.94e-03
[  1h09m + 25.91s]   prompt 163/1000  seq_len=73 n_valid=56  26s  max||J||/sqrt(d)=1.371  max_d_mean=7.36e-03
[  1h10m + 24.29s]   prompt 164/1000  seq_len=71 n_valid=54  24s  max||J||/sqrt(d)=1.234  max_d_mean=6.06e-03
[  1h10m + 26.80s]   prompt 165/1000  seq_len=90 n_valid=73  27s  max||J||/sqrt(d)=1.313  max_d_mean=6.47e-03
[  1h11m + 27.40s]   prompt 166/1000  seq_len=128 n_valid=111  27s  max||J||/sqrt(d)=1.685  max_d_mean=1.95e-02
[  1h11m + 28.40s]   prompt 167/1000  seq_len=128 n_valid=111  28s  max||J||/sqrt(d)=1.296  max_d_mean=6.68e-03
[  1h12m + 30.00s]   prompt 168/1000  seq_len=128 n_valid=111  30s  max||J||/sqrt(d)=1.295  max_d_mean=5.59e-03
[  1h12m + 27.60s]   prompt 169/1000  seq_len=128 n_valid=111  28s  max||J||/sqrt(d)=1.335  max_d_mean=6.22e-03
[  1h12m + 28.00s]   prompt 170/1000  seq_len=128 n_valid=111  28s  max||J||/sqrt(d)=1.324  max_d_mean=6.80e-03
[  1h13m + 26.60s]   prompt 171/1000  seq_len=128 n_valid=111  27s  max||J||/sqrt(d)=1.291  max_d_mean=5.33e-03
[  1h13m + 30.20s]   prompt 172/1000  seq_len=114 n_valid=97  30s  max||J||/sqrt(d)=1.316  max_d_mean=6.04e-03
[  1h14m + 29.50s]   prompt 173/1000  seq_len=128 n_valid=111  29s  max||J||/sqrt(d)=1.345  max_d_mean=6.51e-03
[  1h14m + 27.21s]   prompt 174/1000  seq_len=85 n_valid=68  27s  max||J||/sqrt(d)=1.264  max_d_mean=6.71e-03
[  1h15m + 25.10s]   prompt 175/1000  seq_len=127 n_valid=110  25s  max||J||/sqrt(d)=1.327  max_d_mean=6.50e-03
[  1h15m + 25.80s]   prompt 176/1000  seq_len=118 n_valid=101  26s  max||J||/sqrt(d)=1.279  max_d_mean=6.03e-03
[  1h16m + 27.10s]   prompt 177/1000  seq_len=113 n_valid=96  27s  max||J||/sqrt(d)=1.310  max_d_mean=5.27e-03
[  1h16m + 27.80s]   prompt 178/1000  seq_len=42 n_valid=25  28s  max||J||/sqrt(d)=1.451  max_d_mean=1.58e-02
[  1h17m + 27.70s]   prompt 179/1000  seq_len=128 n_valid=111  28s  max||J||/sqrt(d)=1.306  max_d_mean=7.89e-03
[  1h17m + 26.60s]   prompt 180/1000  seq_len=66 n_valid=49  27s  max||J||/sqrt(d)=1.288  max_d_mean=6.55e-03
[  1h17m + 27.30s]   prompt 181/1000  seq_len=81 n_valid=64  27s  max||J||/sqrt(d)=1.368  max_d_mean=8.40e-03
[  1h18m + 28.90s]   prompt 182/1000  seq_len=128 n_valid=111  29s  max||J||/sqrt(d)=1.355  max_d_mean=7.59e-03
[  1h18m + 26.30s]   prompt 183/1000  seq_len=128 n_valid=111  26s  max||J||/sqrt(d)=1.734  max_d_mean=1.53e-02
[  1h19m + 25.30s]   prompt 184/1000  seq_len=128 n_valid=111  25s  max||J||/sqrt(d)=1.492  max_d_mean=1.04e-02
[  1h19m + 25.40s]   prompt 185/1000  seq_len=128 n_valid=111  25s  max||J||/sqrt(d)=1.406  max_d_mean=8.60e-03
[  1h20m + 27.00s]   prompt 186/1000  seq_len=128 n_valid=111  27s  max||J||/sqrt(d)=1.332  max_d_mean=8.09e-03
[  1h20m + 27.89s]   prompt 187/1000  seq_len=69 n_valid=52  28s  max||J||/sqrt(d)=1.254  max_d_mean=7.14e-03
[  1h21m + 27.10s]   prompt 188/1000  seq_len=118 n_valid=101  27s  max||J||/sqrt(d)=1.343  max_d_mean=6.53e-03
[  1h21m + 26.51s]   prompt 189/1000  seq_len=66 n_valid=49  27s  max||J||/sqrt(d)=1.357  max_d_mean=8.65e-03
[  1h22m + 27.00s]   prompt 190/1000  seq_len=128 n_valid=111  27s  max||J||/sqrt(d)=1.374  max_d_mean=5.97e-03
[  1h22m + 27.59s]   prompt 191/1000  seq_len=83 n_valid=66  28s  max||J||/sqrt(d)=1.290  max_d_mean=5.73e-03
[  1h22m + 28.51s]   prompt 192/1000  seq_len=85 n_valid=68  29s  max||J||/sqrt(d)=1.316  max_d_mean=5.63e-03
[  1h23m + 26.80s]   prompt 193/1000  seq_len=128 n_valid=111  27s  max||J||/sqrt(d)=1.326  max_d_mean=5.33e-03
[  1h23m + 26.70s]   prompt 194/1000  seq_len=128 n_valid=111  27s  max||J||/sqrt(d)=1.320  max_d_mean=5.93e-03
[  1h24m + 29.61s]   prompt 195/1000  seq_len=128 n_valid=111  30s  max||J||/sqrt(d)=1.333  max_d_mean=5.71e-03
[  1h24m + 30.21s]   prompt 196/1000  seq_len=128 n_valid=111  30s  max||J||/sqrt(d)=1.341  max_d_mean=4.96e-03
[  1h25m + 27.99s]   prompt 197/1000  seq_len=116 n_valid=99  28s  max||J||/sqrt(d)=1.311  max_d_mean=5.32e-03
[  1h25m + 27.40s]   prompt 198/1000  seq_len=92 n_valid=75  27s  max||J||/sqrt(d)=1.319  max_d_mean=6.17e-03
[  1h26m + 29.50s]   prompt 199/1000  seq_len=60 n_valid=43  29s  max||J||/sqrt(d)=1.260  max_d_mean=5.50e-03
[  1h26m + 24.90s]   prompt 200/1000  seq_len=128 n_valid=111  25s  max||J||/sqrt(d)=1.435  max_d_mean=6.29e-03
[  1h27m + 26.20s]   prompt 201/1000  seq_len=113 n_valid=96  26s  max||J||/sqrt(d)=1.348  max_d_mean=5.71e-03
[  1h27m + 26.10s]   prompt 202/1000  seq_len=128 n_valid=111  26s  max||J||/sqrt(d)=1.357  max_d_mean=5.45e-03
[  1h27m + 26.20s]   prompt 203/1000  seq_len=128 n_valid=111  26s  max||J||/sqrt(d)=2.591  max_d_mean=2.90e-02
[  1h28m + 29.10s]   prompt 204/1000  seq_len=70 n_valid=53  29s  max||J||/sqrt(d)=1.369  max_d_mean=8.02e-03
[  1h28m + 26.00s]   prompt 205/1000  seq_len=128 n_valid=111  26s  max||J||/sqrt(d)=1.326  max_d_mean=5.59e-03
[  1h29m + 25.40s]   prompt 206/1000  seq_len=128 n_valid=111  25s  max||J||/sqrt(d)=1.345  max_d_mean=5.40e-03
[  1h29m + 26.70s]   prompt 207/1000  seq_len=80 n_valid=63  27s  max||J||/sqrt(d)=1.371  max_d_mean=5.66e-03
[  1h30m + 26.51s]   prompt 208/1000  seq_len=128 n_valid=111  27s  max||J||/sqrt(d)=1.463  max_d_mean=6.01e-03
[  1h30m + 26.69s]   prompt 209/1000  seq_len=119 n_valid=102  27s  max||J||/sqrt(d)=1.386  max_d_mean=6.06e-03
[  1h31m + 29.20s]   prompt 210/1000  seq_len=128 n_valid=111  29s  max||J||/sqrt(d)=1.410  max_d_mean=5.66e-03
[  1h31m + 29.50s]   prompt 211/1000  seq_len=128 n_valid=111  29s  max||J||/sqrt(d)=1.443  max_d_mean=5.87e-03
[  1h32m + 29.30s]   prompt 212/1000  seq_len=128 n_valid=111  29s  max||J||/sqrt(d)=1.429  max_d_mean=6.43e-03
[  1h32m + 27.61s]   prompt 213/1000  seq_len=128 n_valid=111  28s  max||J||/sqrt(d)=1.544  max_d_mean=6.35e-03
[  1h33m + 26.99s]   prompt 214/1000  seq_len=128 n_valid=111  27s  max||J||/sqrt(d)=1.357  max_d_mean=5.30e-03
[  1h33m + 26.20s]   prompt 215/1000  seq_len=90 n_valid=73  26s  max||J||/sqrt(d)=1.377  max_d_mean=5.62e-03
[  1h33m + 28.39s]   prompt 216/1000  seq_len=97 n_valid=80  28s  max||J||/sqrt(d)=1.357  max_d_mean=5.38e-03
[  1h34m + 29.20s]   prompt 217/1000  seq_len=128 n_valid=111  29s  max||J||/sqrt(d)=1.335  max_d_mean=5.95e-03
[  1h34m + 24.10s]   prompt 218/1000  seq_len=66 n_valid=49  24s  max||J||/sqrt(d)=1.347  max_d_mean=8.88e-03
[  1h35m + 27.60s]   prompt 219/1000  seq_len=128 n_valid=111  28s  max||J||/sqrt(d)=1.371  max_d_mean=4.94e-03
[  1h35m + 30.20s]   prompt 220/1000  seq_len=128 n_valid=111  30s  max||J||/sqrt(d)=1.453  max_d_mean=5.38e-03
[  1h36m + 32.10s]   prompt 221/1000  seq_len=95 n_valid=78  32s  max||J||/sqrt(d)=1.437  max_d_mean=7.07e-03
[  1h36m + 29.90s]   prompt 222/1000  seq_len=128 n_valid=111  30s  max||J||/sqrt(d)=1.380  max_d_mean=6.02e-03
[  1h37m + 29.50s]   prompt 223/1000  seq_len=128 n_valid=111  29s  max||J||/sqrt(d)=1.562  max_d_mean=6.42e-03
[  1h37m + 28.91s]   prompt 224/1000  seq_len=128 n_valid=111  29s  max||J||/sqrt(d)=1.369  max_d_mean=5.54e-03
[  1h38m + 29.19s]   prompt 225/1000  seq_len=128 n_valid=111  29s  max||J||/sqrt(d)=1.639  max_d_mean=7.76e-03
[  1h38m + 30.10s]   prompt 226/1000  seq_len=128 n_valid=111  30s  max||J||/sqrt(d)=1.461  max_d_mean=5.40e-03
[  1h39m + 31.10s]   prompt 227/1000  seq_len=128 n_valid=111  31s  max||J||/sqrt(d)=1.322  max_d_mean=4.65e-03
[  1h39m + 28.81s]   prompt 228/1000  seq_len=128 n_valid=111  29s  max||J||/sqrt(d)=1.410  max_d_mean=4.70e-03
[  1h40m + 29.18s]   prompt 229/1000  seq_len=128 n_valid=111  29s  max||J||/sqrt(d)=1.415  max_d_mean=4.73e-03
[  1h40m + 26.00s]   prompt 230/1000  seq_len=128 n_valid=111  26s  max||J||/sqrt(d)=1.328  max_d_mean=4.68e-03
[  1h41m + 25.50s]   prompt 231/1000  seq_len=128 n_valid=111  26s  max||J||/sqrt(d)=1.369  max_d_mean=4.44e-03
[  1h41m + 27.90s]   prompt 232/1000  seq_len=128 n_valid=111  28s  max||J||/sqrt(d)=1.675  max_d_mean=1.21e-02
[  1h42m + 27.00s]   prompt 233/1000  seq_len=128 n_valid=111  27s  max||J||/sqrt(d)=1.401  max_d_mean=4.70e-03
[  1h42m + 26.90s]   prompt 234/1000  seq_len=128 n_valid=111  27s  max||J||/sqrt(d)=1.362  max_d_mean=4.53e-03
[  1h42m + 26.20s]   prompt 235/1000  seq_len=128 n_valid=111  26s  max||J||/sqrt(d)=1.331  max_d_mean=4.15e-03
[  1h43m + 26.40s]   prompt 236/1000  seq_len=128 n_valid=111  26s  max||J||/sqrt(d)=1.443  max_d_mean=4.69e-03
[  1h43m + 26.31s]   prompt 237/1000  seq_len=58 n_valid=41  26s  max||J||/sqrt(d)=1.312  max_d_mean=4.80e-03
[  1h44m + 25.09s]   prompt 238/1000  seq_len=128 n_valid=111  25s  max||J||/sqrt(d)=1.412  max_d_mean=4.90e-03
[  1h44m + 28.70s]   prompt 239/1000  seq_len=128 n_valid=111  29s  max||J||/sqrt(d)=1.479  max_d_mean=5.37e-03
[  1h45m + 30.21s]   prompt 240/1000  seq_len=128 n_valid=111  30s  max||J||/sqrt(d)=1.420  max_d_mean=5.06e-03
[  1h45m + 28.19s]   prompt 241/1000  seq_len=75 n_valid=58  28s  max||J||/sqrt(d)=1.362  max_d_mean=4.52e-03
[  1h46m + 28.10s]   prompt 242/1000  seq_len=128 n_valid=111  28s  max||J||/sqrt(d)=1.395  max_d_mean=4.45e-03
[  1h46m + 26.10s]   prompt 243/1000  seq_len=128 n_valid=111  26s  max||J||/sqrt(d)=1.486  max_d_mean=5.51e-03
[  1h47m + 26.71s]   prompt 244/1000  seq_len=128 n_valid=111  27s  max||J||/sqrt(d)=1.385  max_d_mean=4.25e-03
[  1h47m + 27.19s]   prompt 245/1000  seq_len=42 n_valid=25  27s  max||J||/sqrt(d)=1.386  max_d_mean=7.20e-03
[  1h47m + 27.41s]   prompt 246/1000  seq_len=108 n_valid=91  27s  max||J||/sqrt(d)=1.661  max_d_mean=7.83e-03
[  1h48m + 27.30s]   prompt 247/1000  seq_len=128 n_valid=111  27s  max||J||/sqrt(d)=1.407  max_d_mean=4.87e-03
[  1h48m + 27.80s]   prompt 248/1000  seq_len=128 n_valid=111  28s  max||J||/sqrt(d)=1.419  max_d_mean=6.72e-03
[  1h49m + 27.10s]   prompt 249/1000  seq_len=128 n_valid=111  27s  max||J||/sqrt(d)=1.366  max_d_mean=5.33e-03
[  1h49m + 26.80s]   prompt 250/1000  seq_len=128 n_valid=111  27s  max||J||/sqrt(d)=1.322  max_d_mean=3.72e-03
[  1h50m + 26.80s]   prompt 251/1000  seq_len=128 n_valid=111  27s  max||J||/sqrt(d)=1.450  max_d_mean=4.67e-03
[  1h50m + 26.70s]   prompt 252/1000  seq_len=128 n_valid=111  27s  max||J||/sqrt(d)=1.332  max_d_mean=3.77e-03
[  1h51m + 27.29s]   prompt 253/1000  seq_len=60 n_valid=43  27s  max||J||/sqrt(d)=1.242  max_d_mean=4.83e-03
[  1h51m + 29.61s]   prompt 254/1000  seq_len=105 n_valid=88  30s  max||J||/sqrt(d)=1.297  max_d_mean=5.12e-03
[  1h52m + 30.09s]   prompt 255/1000  seq_len=96 n_valid=79  30s  max||J||/sqrt(d)=1.314  max_d_mean=7.92e-03
[  1h52m + 28.50s]   prompt 256/1000  seq_len=128 n_valid=111  28s  max||J||/sqrt(d)=1.365  max_d_mean=5.19e-03
[  1h53m + 26.99s]   prompt 257/1000  seq_len=128 n_valid=111  27s  max||J||/sqrt(d)=1.367  max_d_mean=4.72e-03
[  1h53m + 28.31s]   prompt 258/1000  seq_len=128 n_valid=111  28s  max||J||/sqrt(d)=1.374  max_d_mean=4.46e-03
[  1h53m + 30.19s]   prompt 259/1000  seq_len=109 n_valid=92  30s  max||J||/sqrt(d)=1.320  max_d_mean=7.14e-03
[  1h54m + 32.20s]   prompt 260/1000  seq_len=128 n_valid=111  32s  max||J||/sqrt(d)=1.363  max_d_mean=5.50e-03
[  1h54m + 28.01s]   prompt 261/1000  seq_len=128 n_valid=111  28s  max||J||/sqrt(d)=1.278  max_d_mean=4.09e-03
[  1h55m + 28.49s]   prompt 262/1000  seq_len=111 n_valid=94  28s  max||J||/sqrt(d)=1.313  max_d_mean=4.83e-03
[  1h55m + 27.10s]   prompt 263/1000  seq_len=73 n_valid=56  27s  max||J||/sqrt(d)=1.324  max_d_mean=5.73e-03
[  1h56m + 27.20s]   prompt 264/1000  seq_len=128 n_valid=111  27s  max||J||/sqrt(d)=1.317  max_d_mean=4.06e-03
[  1h56m + 27.30s]   prompt 265/1000  seq_len=110 n_valid=93  27s  max||J||/sqrt(d)=1.330  max_d_mean=4.10e-03
[  1h57m + 27.49s]   prompt 266/1000  seq_len=128 n_valid=111  27s  max||J||/sqrt(d)=1.295  max_d_mean=4.43e-03
[  1h57m + 27.31s]   prompt 267/1000  seq_len=128 n_valid=111  27s  max||J||/sqrt(d)=1.448  max_d_mean=5.92e-03
[  1h58m + 27.50s]   prompt 268/1000  seq_len=128 n_valid=111  27s  max||J||/sqrt(d)=1.342  max_d_mean=4.80e-03
[  1h58m + 26.50s]   prompt 269/1000  seq_len=128 n_valid=111  27s  max||J||/sqrt(d)=1.360  max_d_mean=4.31e-03
[  1h59m + 27.30s]   prompt 270/1000  seq_len=128 n_valid=111  27s  max||J||/sqrt(d)=1.435  max_d_mean=5.68e-03
[  1h59m + 27.30s]   prompt 271/1000  seq_len=128 n_valid=111  27s  max||J||/sqrt(d)=1.970  max_d_mean=1.07e-02
[  1h59m + 24.71s]   prompt 272/1000  seq_len=108 n_valid=91  25s  max||J||/sqrt(d)=1.400  max_d_mean=4.95e-03
[  2h00m + 27.20s]   prompt 273/1000  seq_len=128 n_valid=111  27s  max||J||/sqrt(d)=1.400  max_d_mean=4.65e-03
[  2h00m + 26.40s]   prompt 274/1000  seq_len=128 n_valid=111  26s  max||J||/sqrt(d)=1.312  max_d_mean=3.35e-03
[  2h01m + 26.90s]   prompt 275/1000  seq_len=128 n_valid=111  27s  max||J||/sqrt(d)=1.361  max_d_mean=4.29e-03
[  2h01m + 29.00s]   prompt 276/1000  seq_len=128 n_valid=111  29s  max||J||/sqrt(d)=1.402  max_d_mean=4.87e-03
[  2h02m + 27.41s]   prompt 277/1000  seq_len=87 n_valid=70  27s  max||J||/sqrt(d)=1.304  max_d_mean=4.90e-03
[  2h02m + 26.80s]   prompt 278/1000  seq_len=128 n_valid=111  27s  max||J||/sqrt(d)=1.499  max_d_mean=5.50e-03
[  2h03m + 29.00s]   prompt 279/1000  seq_len=128 n_valid=111  29s  max||J||/sqrt(d)=1.407  max_d_mean=5.12e-03
[  2h03m + 29.29s]   prompt 280/1000  seq_len=104 n_valid=87  29s  max||J||/sqrt(d)=1.304  max_d_mean=4.57e-03
[  2h04m + 28.10s]   prompt 281/1000  seq_len=128 n_valid=111  28s  max||J||/sqrt(d)=1.622  max_d_mean=8.47e-03
[  2h04m + 27.80s]   prompt 282/1000  seq_len=128 n_valid=111  28s  max||J||/sqrt(d)=1.332  max_d_mean=7.07e-03
[  2h05m + 28.20s]   prompt 283/1000  seq_len=128 n_valid=111  28s  max||J||/sqrt(d)=1.508  max_d_mean=5.70e-03
[  2h05m + 28.50s]   prompt 284/1000  seq_len=128 n_valid=111  28s  max||J||/sqrt(d)=1.342  max_d_mean=4.17e-03
[  2h06m + 29.81s]   prompt 285/1000  seq_len=128 n_valid=111  30s  max||J||/sqrt(d)=1.431  max_d_mean=4.04e-03
[  2h06m + 27.99s]   prompt 286/1000  seq_len=85 n_valid=68  28s  max||J||/sqrt(d)=1.420  max_d_mean=5.07e-03
[  2h07m + 34.60s]   prompt 287/1000  seq_len=128 n_valid=111  35s  max||J||/sqrt(d)=1.389  max_d_mean=4.47e-03
[  2h07m + 25.20s]   prompt 288/1000  seq_len=128 n_valid=111  25s  max||J||/sqrt(d)=1.319  max_d_mean=5.27e-03
[  2h07m + 28.20s]   prompt 289/1000  seq_len=128 n_valid=111  28s  max||J||/sqrt(d)=1.413  max_d_mean=4.76e-03
[  2h08m + 29.70s]   prompt 290/1000  seq_len=128 n_valid=111  30s  max||J||/sqrt(d)=1.350  max_d_mean=4.30e-03
[  2h08m + 26.20s]   prompt 291/1000  seq_len=108 n_valid=91  26s  max||J||/sqrt(d)=1.419  max_d_mean=6.36e-03
[  2h09m + 27.00s]   prompt 292/1000  seq_len=108 n_valid=91  27s  max||J||/sqrt(d)=1.422  max_d_mean=5.25e-03
[  2h09m + 27.30s]   prompt 293/1000  seq_len=128 n_valid=111  27s  max||J||/sqrt(d)=1.469  max_d_mean=4.45e-03
[  2h10m + 27.00s]   prompt 294/1000  seq_len=57 n_valid=40  27s  max||J||/sqrt(d)=1.388  max_d_mean=6.72e-03
[  2h10m + 31.80s]   prompt 295/1000  seq_len=128 n_valid=111  32s  max||J||/sqrt(d)=1.421  max_d_mean=4.45e-03
[  2h11m + 30.50s]   prompt 296/1000  seq_len=125 n_valid=108  30s  max||J||/sqrt(d)=1.513  max_d_mean=7.81e-03
[  2h11m + 27.00s]   prompt 297/1000  seq_len=120 n_valid=103  27s  max||J||/sqrt(d)=1.399  max_d_mean=4.79e-03
[  2h12m + 27.51s]   prompt 298/1000  seq_len=128 n_valid=111  28s  max||J||/sqrt(d)=1.388  max_d_mean=4.39e-03
[  2h12m + 26.19s]   prompt 299/1000  seq_len=128 n_valid=111  26s  max||J||/sqrt(d)=1.383  max_d_mean=4.71e-03
[  2h13m + 31.50s]   prompt 300/1000  seq_len=128 n_valid=111  31s  max||J||/sqrt(d)=1.392  max_d_mean=4.04e-03
[  2h13m + 29.00s]   prompt 301/1000  seq_len=128 n_valid=111  29s  max||J||/sqrt(d)=1.573  max_d_mean=7.69e-03
[  2h14m + 28.70s]   prompt 302/1000  seq_len=84 n_valid=67  29s  max||J||/sqrt(d)=1.347  max_d_mean=3.58e-03
[  2h14m + 27.30s]   prompt 303/1000  seq_len=50 n_valid=33  27s  max||J||/sqrt(d)=1.294  max_d_mean=4.38e-03
[  2h15m + 30.80s]   prompt 304/1000  seq_len=120 n_valid=103  31s  max||J||/sqrt(d)=1.346  max_d_mean=3.75e-03
[  2h15m + 27.00s]   prompt 305/1000  seq_len=65 n_valid=48  27s  max||J||/sqrt(d)=1.363  max_d_mean=4.39e-03
[  2h16m + 27.49s]   prompt 306/1000  seq_len=125 n_valid=108  27s  max||J||/sqrt(d)=1.410  max_d_mean=4.40e-03
[  2h16m + 26.10s]   prompt 307/1000  seq_len=128 n_valid=111  26s  max||J||/sqrt(d)=1.379  max_d_mean=3.76e-03
[  2h16m + 26.60s]   prompt 308/1000  seq_len=122 n_valid=105  27s  max||J||/sqrt(d)=1.335  max_d_mean=3.73e-03
[  2h17m + 27.40s]   prompt 309/1000  seq_len=128 n_valid=111  27s  max||J||/sqrt(d)=1.327  max_d_mean=3.68e-03
[  2h17m + 28.30s]   prompt 310/1000  seq_len=128 n_valid=111  28s  max||J||/sqrt(d)=1.448  max_d_mean=4.49e-03
[  2h18m + 27.31s]   prompt 311/1000  seq_len=118 n_valid=101  27s  max||J||/sqrt(d)=1.339  max_d_mean=3.33e-03
[  2h18m + 29.69s]   prompt 312/1000  seq_len=128 n_valid=111  30s  max||J||/sqrt(d)=1.454  max_d_mean=4.40e-03
[  2h19m + 30.30s]   prompt 313/1000  seq_len=124 n_valid=107  30s  max||J||/sqrt(d)=2.800  max_d_mean=1.45e-02
[  2h19m + 27.80s]   prompt 314/1000  seq_len=128 n_valid=111  28s  max||J||/sqrt(d)=1.587  max_d_mean=7.05e-03
[  2h20m + 28.40s]   prompt 315/1000  seq_len=128 n_valid=111  28s  max||J||/sqrt(d)=1.328  max_d_mean=3.57e-03
[  2h20m + 26.61s]   prompt 316/1000  seq_len=128 n_valid=111  27s  max||J||/sqrt(d)=1.402  max_d_mean=5.70e-03
[  2h21m + 27.09s]   prompt 317/1000  seq_len=128 n_valid=111  27s  max||J||/sqrt(d)=1.962  max_d_mean=1.11e-02
[  2h21m + 27.90s]   prompt 318/1000  seq_len=128 n_valid=111  28s  max||J||/sqrt(d)=1.467  max_d_mean=5.23e-03
[  2h22m + 27.70s]   prompt 319/1000  seq_len=113 n_valid=96  28s  max||J||/sqrt(d)=1.305  max_d_mean=3.37e-03
[  2h22m + 29.90s]   prompt 320/1000  seq_len=128 n_valid=111  30s  max||J||/sqrt(d)=1.327  max_d_mean=3.46e-03
[  2h22m + 28.51s]   prompt 321/1000  seq_len=91 n_valid=74  29s  max||J||/sqrt(d)=1.421  max_d_mean=5.49e-03
[  2h23m + 29.19s]   prompt 322/1000  seq_len=128 n_valid=111  29s  max||J||/sqrt(d)=1.393  max_d_mean=4.18e-03
[  2h23m + 31.10s]   prompt 323/1000  seq_len=128 n_valid=111  31s  max||J||/sqrt(d)=1.397  max_d_mean=5.17e-03
[  2h24m + 31.60s]   prompt 324/1000  seq_len=88 n_valid=71  32s  max||J||/sqrt(d)=1.799  max_d_mean=9.95e-03
[  2h25m + 31.10s]   prompt 325/1000  seq_len=128 n_valid=111  31s  max||J||/sqrt(d)=1.422  max_d_mean=3.93e-03
[  2h25m + 31.50s]   prompt 326/1000  seq_len=128 n_valid=111  31s  max||J||/sqrt(d)=1.650  max_d_mean=7.44e-03
[  2h26m + 31.50s]   prompt 327/1000  seq_len=87 n_valid=70  31s  max||J||/sqrt(d)=1.265  max_d_mean=3.39e-03
[  2h26m + 28.30s]   prompt 328/1000  seq_len=128 n_valid=111  28s  max||J||/sqrt(d)=1.307  max_d_mean=3.47e-03
[  2h27m + 30.60s]   prompt 329/1000  seq_len=128 n_valid=111  31s  max||J||/sqrt(d)=1.320  max_d_mean=5.13e-03
[  2h27m + 31.30s]   prompt 330/1000  seq_len=63 n_valid=46  31s  max||J||/sqrt(d)=1.375  max_d_mean=4.63e-03
[  2h28m + 29.90s]   prompt 331/1000  seq_len=128 n_valid=111  30s  max||J||/sqrt(d)=1.555  max_d_mean=5.76e-03
[  2h28m + 27.40s]   prompt 332/1000  seq_len=128 n_valid=111  27s  max||J||/sqrt(d)=1.657  max_d_mean=8.83e-03
[  2h29m + 28.40s]   prompt 333/1000  seq_len=128 n_valid=111  28s  max||J||/sqrt(d)=1.341  max_d_mean=3.67e-03
[  2h29m + 32.10s]   prompt 334/1000  seq_len=128 n_valid=111  32s  max||J||/sqrt(d)=1.362  max_d_mean=3.76e-03
[  2h30m + 28.70s]   prompt 335/1000  seq_len=45 n_valid=28  29s  max||J||/sqrt(d)=1.234  max_d_mean=4.12e-03
[  2h30m + 29.61s]   prompt 336/1000  seq_len=128 n_valid=111  30s  max||J||/sqrt(d)=1.328  max_d_mean=4.06e-03
[  2h30m + 27.59s]   prompt 337/1000  seq_len=122 n_valid=105  28s  max||J||/sqrt(d)=1.346  max_d_mean=3.41e-03
[  2h31m + 27.20s]   prompt 338/1000  seq_len=74 n_valid=57  27s  max||J||/sqrt(d)=1.251  max_d_mean=3.09e-03
[  2h31m + 30.30s]   prompt 339/1000  seq_len=125 n_valid=108  30s  max||J||/sqrt(d)=1.326  max_d_mean=3.28e-03
[  2h32m + 28.20s]   prompt 340/1000  seq_len=77 n_valid=60  28s  max||J||/sqrt(d)=1.350  max_d_mean=3.44e-03
[  2h32m + 32.60s]   prompt 341/1000  seq_len=83 n_valid=66  33s  max||J||/sqrt(d)=1.392  max_d_mean=3.60e-03
[  2h33m + 29.60s]   prompt 342/1000  seq_len=94 n_valid=77  30s  max||J||/sqrt(d)=1.287  max_d_mean=3.20e-03
[  2h33m + 31.69s]   prompt 343/1000  seq_len=128 n_valid=111  32s  max||J||/sqrt(d)=1.415  max_d_mean=4.37e-03
[  2h34m + 28.11s]   prompt 344/1000  seq_len=106 n_valid=89  28s  max||J||/sqrt(d)=1.333  max_d_mean=2.96e-03
[  2h34m + 28.39s]   prompt 345/1000  seq_len=128 n_valid=111  28s  max||J||/sqrt(d)=1.471  max_d_mean=6.09e-03
[  2h35m + 27.40s]   prompt 346/1000  seq_len=128 n_valid=111  27s  max||J||/sqrt(d)=1.398  max_d_mean=3.70e-03
[  2h35m + 30.81s]   prompt 347/1000  seq_len=128 n_valid=111  31s  max||J||/sqrt(d)=1.318  max_d_mean=3.67e-03
[  2h36m + 27.50s]   prompt 348/1000  seq_len=86 n_valid=69  27s  max||J||/sqrt(d)=1.248  max_d_mean=3.25e-03
[  2h36m + 28.79s]   prompt 349/1000  seq_len=128 n_valid=111  29s  max||J||/sqrt(d)=1.368  max_d_mean=2.61e-03
[  2h37m + 28.60s]   prompt 350/1000  seq_len=83 n_valid=66  29s  max||J||/sqrt(d)=1.545  max_d_mean=4.52e-03
[  2h37m + 27.81s]   prompt 351/1000  seq_len=70 n_valid=53  28s  max||J||/sqrt(d)=1.314  max_d_mean=3.41e-03
[  2h38m + 30.59s]   prompt 352/1000  seq_len=128 n_valid=111  31s  max||J||/sqrt(d)=1.320  max_d_mean=3.38e-03
[  2h38m + 30.70s]   prompt 353/1000  seq_len=128 n_valid=111  31s  max||J||/sqrt(d)=1.367  max_d_mean=3.49e-03
[  2h39m + 31.00s]   prompt 354/1000  seq_len=128 n_valid=111  31s  max||J||/sqrt(d)=1.336  max_d_mean=3.00e-03
[  2h39m + 28.50s]   prompt 355/1000  seq_len=128 n_valid=111  28s  max||J||/sqrt(d)=1.400  max_d_mean=3.65e-03
[  2h40m + 28.50s]   prompt 356/1000  seq_len=128 n_valid=111  29s  max||J||/sqrt(d)=1.560  max_d_mean=4.11e-03
[  2h40m + 32.30s]   prompt 357/1000  seq_len=128 n_valid=111  32s  max||J||/sqrt(d)=1.379  max_d_mean=2.98e-03
[  2h41m + 30.11s]   prompt 358/1000  seq_len=128 n_valid=111  30s  max||J||/sqrt(d)=1.359  max_d_mean=3.03e-03
[  2h41m + 28.29s]   prompt 359/1000  seq_len=102 n_valid=85  28s  max||J||/sqrt(d)=1.445  max_d_mean=4.51e-03
[  2h42m + 28.60s]   prompt 360/1000  seq_len=107 n_valid=90  29s  max||J||/sqrt(d)=1.381  max_d_mean=3.78e-03
[  2h42m + 31.71s]   prompt 361/1000  seq_len=128 n_valid=111  32s  max||J||/sqrt(d)=1.340  max_d_mean=2.74e-03
[  2h43m + 28.89s]   prompt 362/1000  seq_len=75 n_valid=58  29s  max||J||/sqrt(d)=1.400  max_d_mean=3.27e-03
[  2h43m + 29.50s]   prompt 363/1000  seq_len=128 n_valid=111  29s  max||J||/sqrt(d)=1.391  max_d_mean=3.67e-03
[  2h44m + 29.70s]   prompt 364/1000  seq_len=128 n_valid=111  30s  max||J||/sqrt(d)=1.456  max_d_mean=3.89e-03
[  2h44m + 31.00s]   prompt 365/1000  seq_len=128 n_valid=111  31s  max||J||/sqrt(d)=1.445  max_d_mean=3.80e-03
[  2h45m + 32.21s]   prompt 366/1000  seq_len=128 n_valid=111  32s  max||J||/sqrt(d)=1.389  max_d_mean=3.36e-03
[  2h45m + 29.20s]   prompt 367/1000  seq_len=128 n_valid=111  29s  max||J||/sqrt(d)=2.246  max_d_mean=1.20e-02
[  2h46m + 30.40s]   prompt 368/1000  seq_len=64 n_valid=47  30s  max||J||/sqrt(d)=1.339  max_d_mean=2.96e-03
[  2h46m + 28.80s]   prompt 369/1000  seq_len=128 n_valid=111  29s  max||J||/sqrt(d)=1.301  max_d_mean=3.43e-03
[  2h47m + 34.81s]   prompt 370/1000  seq_len=68 n_valid=51  35s  max||J||/sqrt(d)=1.271  max_d_mean=3.53e-03
[  2h47m + 28.99s]   prompt 371/1000  seq_len=86 n_valid=69  29s  max||J||/sqrt(d)=1.410  max_d_mean=4.56e-03
[  2h48m + 29.69s]   prompt 372/1000  seq_len=87 n_valid=70  30s  max||J||/sqrt(d)=1.352  max_d_mean=4.94e-03
[  2h48m + 27.91s]   prompt 373/1000  seq_len=112 n_valid=95  28s  max||J||/sqrt(d)=1.501  max_d_mean=4.75e-03
[  2h49m + 27.79s]   prompt 374/1000  seq_len=87 n_valid=70  28s  max||J||/sqrt(d)=1.530  max_d_mean=6.28e-03
[  2h49m + 26.31s]   prompt 375/1000  seq_len=80 n_valid=63  26s  max||J||/sqrt(d)=1.321  max_d_mean=3.52e-03
[  2h50m + 26.99s]   prompt 376/1000  seq_len=83 n_valid=66  27s  max||J||/sqrt(d)=1.382  max_d_mean=4.58e-03
[  2h50m + 30.50s]   prompt 377/1000  seq_len=117 n_valid=100  31s  max||J||/sqrt(d)=2.558  max_d_mean=9.49e-03
[  2h51m + 32.20s]   prompt 378/1000  seq_len=109 n_valid=92  32s  max||J||/sqrt(d)=1.428  max_d_mean=4.39e-03
[  2h51m + 27.80s]   prompt 379/1000  seq_len=85 n_valid=68  28s  max||J||/sqrt(d)=1.475  max_d_mean=6.24e-03
[  2h52m + 29.20s]   prompt 380/1000  seq_len=65 n_valid=48  29s  max||J||/sqrt(d)=1.224  max_d_mean=4.00e-03
[  2h52m + 29.30s]   prompt 381/1000  seq_len=60 n_valid=43  29s  max||J||/sqrt(d)=1.237  max_d_mean=3.74e-03
[  2h53m + 28.91s]   prompt 382/1000  seq_len=58 n_valid=41  29s  max||J||/sqrt(d)=1.253  max_d_mean=3.95e-03
[  2h53m + 28.69s]   prompt 383/1000  seq_len=97 n_valid=80  29s  max||J||/sqrt(d)=1.309  max_d_mean=3.28e-03
[  2h54m + 27.31s]   prompt 384/1000  seq_len=108 n_valid=91  27s  max||J||/sqrt(d)=1.439  max_d_mean=4.55e-03
[  2h54m + 28.29s]   prompt 385/1000  seq_len=45 n_valid=28  28s  max||J||/sqrt(d)=1.236  max_d_mean=4.60e-03
[  2h55m + 28.80s]   prompt 386/1000  seq_len=60 n_valid=43  29s  max||J||/sqrt(d)=1.253  max_d_mean=4.06e-03
[  2h55m + 27.90s]   prompt 387/1000  seq_len=128 n_valid=111  28s  max||J||/sqrt(d)=1.334  max_d_mean=3.51e-03
[  2h55m + 28.10s]   prompt 388/1000  seq_len=128 n_valid=111  28s  max||J||/sqrt(d)=1.404  max_d_mean=4.06e-03
[  2h56m + 25.30s]   prompt 389/1000  seq_len=101 n_valid=84  25s  max||J||/sqrt(d)=1.390  max_d_mean=4.31e-03
[  2h56m + 27.10s]   prompt 390/1000  seq_len=128 n_valid=111  27s  max||J||/sqrt(d)=1.317  max_d_mean=3.03e-03
[  2h57m + 27.50s]   prompt 391/1000  seq_len=63 n_valid=46  28s  max||J||/sqrt(d)=4.711  max_d_mean=2.18e-02
[  2h57m + 26.10s]   prompt 392/1000  seq_len=72 n_valid=55  26s  max||J||/sqrt(d)=1.245  max_d_mean=2.75e-03
[  2h58m + 24.50s]   prompt 393/1000  seq_len=128 n_valid=111  25s  max||J||/sqrt(d)=1.282  max_d_mean=3.34e-03
[  2h58m + 26.70s]   prompt 394/1000  seq_len=77 n_valid=60  27s  max||J||/sqrt(d)=1.291  max_d_mean=3.37e-03
[  2h58m + 25.60s]   prompt 395/1000  seq_len=94 n_valid=77  26s  max||J||/sqrt(d)=1.262  max_d_mean=3.17e-03
[  2h59m + 28.50s]   prompt 396/1000  seq_len=125 n_valid=108  28s  max||J||/sqrt(d)=1.307  max_d_mean=2.50e-03
[  2h59m + 24.91s]   prompt 397/1000  seq_len=110 n_valid=93  25s  max||J||/sqrt(d)=1.266  max_d_mean=2.88e-03
[  3h00m + 26.59s]   prompt 398/1000  seq_len=128 n_valid=111  27s  max||J||/sqrt(d)=1.490  max_d_mean=4.29e-03
[  3h00m + 26.60s]   prompt 399/1000  seq_len=128 n_valid=111  27s  max||J||/sqrt(d)=1.296  max_d_mean=3.06e-03
[  3h01m + 26.11s]   prompt 400/1000  seq_len=128 n_valid=111  26s  max||J||/sqrt(d)=1.372  max_d_mean=4.23e-03
[  3h01m + 30.00s]   prompt 401/1000  seq_len=101 n_valid=84  30s  max||J||/sqrt(d)=1.283  max_d_mean=2.52e-03
[  3h02m + 29.99s]   prompt 402/1000  seq_len=128 n_valid=111  30s  max||J||/sqrt(d)=1.348  max_d_mean=3.34e-03
[  3h02m + 27.30s]   prompt 403/1000  seq_len=120 n_valid=103  27s  max||J||/sqrt(d)=1.373  max_d_mean=3.51e-03
[  3h03m + 25.70s]   prompt 404/1000  seq_len=128 n_valid=111  26s  max||J||/sqrt(d)=1.326  max_d_mean=2.52e-03
[  3h03m + 27.10s]   prompt 405/1000  seq_len=128 n_valid=111  27s  max||J||/sqrt(d)=1.506  max_d_mean=5.30e-03
[  3h03m + 25.60s]   prompt 406/1000  seq_len=128 n_valid=111  26s  max||J||/sqrt(d)=1.327  max_d_mean=2.63e-03
[  3h04m + 27.40s]   prompt 407/1000  seq_len=85 n_valid=68  27s  max||J||/sqrt(d)=1.285  max_d_mean=2.97e-03
[  3h04m + 28.30s]   prompt 408/1000  seq_len=48 n_valid=31  28s  max||J||/sqrt(d)=1.219  max_d_mean=3.49e-03
[  3h05m + 26.40s]   prompt 409/1000  seq_len=45 n_valid=28  26s  max||J||/sqrt(d)=1.244  max_d_mean=3.17e-03
[  3h05m + 27.10s]   prompt 410/1000  seq_len=128 n_valid=111  27s  max||J||/sqrt(d)=1.351  max_d_mean=2.70e-03
[  3h06m + 28.20s]   prompt 411/1000  seq_len=128 n_valid=111  28s  max||J||/sqrt(d)=1.336  max_d_mean=2.75e-03
[  3h06m + 27.90s]   prompt 412/1000  seq_len=128 n_valid=111  28s  max||J||/sqrt(d)=1.325  max_d_mean=2.99e-03
[  3h07m + 25.30s]   prompt 413/1000  seq_len=120 n_valid=103  25s  max||J||/sqrt(d)=1.381  max_d_mean=2.85e-03
[  3h07m + 29.40s]   prompt 414/1000  seq_len=128 n_valid=111  29s  max||J||/sqrt(d)=1.384  max_d_mean=3.15e-03
[  3h08m + 26.90s]   prompt 415/1000  seq_len=128 n_valid=111  27s  max||J||/sqrt(d)=1.396  max_d_mean=3.10e-03
[  3h08m + 26.50s]   prompt 416/1000  seq_len=128 n_valid=111  26s  max||J||/sqrt(d)=1.536  max_d_mean=5.62e-03
[  3h08m + 24.60s]   prompt 417/1000  seq_len=38 n_valid=21  25s  max||J||/sqrt(d)=3.548  max_d_mean=1.62e-02
[  3h09m + 29.50s]   prompt 418/1000  seq_len=45 n_valid=28  29s  max||J||/sqrt(d)=1.176  max_d_mean=3.02e-03
[  3h09m + 28.71s]   prompt 419/1000  seq_len=102 n_valid=85  29s  max||J||/sqrt(d)=1.304  max_d_mean=2.60e-03
[  3h10m + 32.49s]   prompt 420/1000  seq_len=128 n_valid=111  32s  max||J||/sqrt(d)=1.308  max_d_mean=2.43e-03
[  3h10m + 30.00s]   prompt 421/1000  seq_len=61 n_valid=44  30s  max||J||/sqrt(d)=1.259  max_d_mean=2.15e-03
[  3h11m + 28.81s]   prompt 422/1000  seq_len=128 n_valid=111  29s  max||J||/sqrt(d)=1.300  max_d_mean=3.34e-03
[  3h11m + 29.59s]   prompt 423/1000  seq_len=86 n_valid=69  30s  max||J||/sqrt(d)=1.310  max_d_mean=3.85e-03
[  3h12m + 29.20s]   prompt 424/1000  seq_len=128 n_valid=111  29s  max||J||/sqrt(d)=1.316  max_d_mean=3.20e-03
[  3h12m + 28.70s]   prompt 425/1000  seq_len=128 n_valid=111  29s  max||J||/sqrt(d)=1.348  max_d_mean=2.52e-03
[  3h13m + 29.30s]   prompt 426/1000  seq_len=128 n_valid=111  29s  max||J||/sqrt(d)=1.275  max_d_mean=2.09e-03
[  3h13m + 29.50s]   prompt 427/1000  seq_len=113 n_valid=96  29s  max||J||/sqrt(d)=1.354  max_d_mean=3.71e-03
[  3h14m + 24.80s]   prompt 428/1000  seq_len=128 n_valid=111  25s  max||J||/sqrt(d)=1.311  max_d_mean=3.02e-03
[  3h14m + 24.90s]   prompt 429/1000  seq_len=128 n_valid=111  25s  max||J||/sqrt(d)=1.328  max_d_mean=2.31e-03
[  3h15m + 25.30s]   prompt 430/1000  seq_len=128 n_valid=111  25s  max||J||/sqrt(d)=1.343  max_d_mean=3.23e-03
[  3h15m + 25.90s]   prompt 431/1000  seq_len=110 n_valid=93  26s  max||J||/sqrt(d)=1.298  max_d_mean=2.48e-03
[  3h15m + 25.00s]   prompt 432/1000  seq_len=128 n_valid=111  25s  max||J||/sqrt(d)=1.337  max_d_mean=2.63e-03
[  3h16m + 26.60s]   prompt 433/1000  seq_len=61 n_valid=44  27s  max||J||/sqrt(d)=1.310  max_d_mean=5.16e-03
[  3h16m + 25.40s]   prompt 434/1000  seq_len=128 n_valid=111  25s  max||J||/sqrt(d)=1.306  max_d_mean=2.16e-03
[  3h17m + 24.80s]   prompt 435/1000  seq_len=128 n_valid=111  25s  max||J||/sqrt(d)=1.325  max_d_mean=2.57e-03
[  3h17m + 25.30s]   prompt 436/1000  seq_len=128 n_valid=111  25s  max||J||/sqrt(d)=1.458  max_d_mean=3.36e-03
[  3h18m + 25.30s]   prompt 437/1000  seq_len=128 n_valid=111  25s  max||J||/sqrt(d)=1.391  max_d_mean=3.16e-03
[  3h18m + 29.70s]   prompt 438/1000  seq_len=71 n_valid=54  30s  max||J||/sqrt(d)=1.264  max_d_mean=2.46e-03
[  3h19m + 28.82s]   prompt 439/1000  seq_len=128 n_valid=111  29s  max||J||/sqrt(d)=1.341  max_d_mean=2.45e-03
[  3h19m + 28.08s]   prompt 440/1000  seq_len=122 n_valid=105  28s  max||J||/sqrt(d)=1.395  max_d_mean=3.50e-03
[  3h20m + 30.40s]   prompt 441/1000  seq_len=127 n_valid=110  30s  max||J||/sqrt(d)=1.393  max_d_mean=3.10e-03
[  3h20m + 28.20s]   prompt 442/1000  seq_len=108 n_valid=91  28s  max||J||/sqrt(d)=1.382  max_d_mean=4.77e-03
[  3h20m + 29.00s]   prompt 443/1000  seq_len=85 n_valid=68  29s  max||J||/sqrt(d)=1.321  max_d_mean=2.66e-03
[  3h21m + 35.89s]   prompt 444/1000  seq_len=110 n_valid=93  36s  max||J||/sqrt(d)=1.361  max_d_mean=3.58e-03
[  3h22m + 32.41s]   prompt 445/1000  seq_len=128 n_valid=111  32s  max||J||/sqrt(d)=1.408  max_d_mean=2.44e-03
[  3h23m + 56.09s]   prompt 446/1000  seq_len=128 n_valid=111  56s  max||J||/sqrt(d)=1.443  max_d_mean=3.20e-03
[  3h23m + 27.40s]   prompt 447/1000  seq_len=119 n_valid=102  27s  max||J||/sqrt(d)=1.427  max_d_mean=3.20e-03
[  3h23m + 26.30s]   prompt 448/1000  seq_len=55 n_valid=38  26s  max||J||/sqrt(d)=1.223  max_d_mean=2.22e-03
[  3h24m + 26.00s]   prompt 449/1000  seq_len=128 n_valid=111  26s  max||J||/sqrt(d)=1.320  max_d_mean=2.52e-03
[  3h24m + 23.50s]   prompt 450/1000  seq_len=100 n_valid=83  23s  max||J||/sqrt(d)=1.296  max_d_mean=2.57e-03
[  3h25m + 24.80s]   prompt 451/1000  seq_len=128 n_valid=111  25s  max||J||/sqrt(d)=1.282  max_d_mean=2.32e-03
[  3h25m + 24.70s]   prompt 452/1000  seq_len=128 n_valid=111  25s  max||J||/sqrt(d)=1.309  max_d_mean=3.03e-03
[  3h25m + 24.00s]   prompt 453/1000  seq_len=128 n_valid=111  24s  max||J||/sqrt(d)=1.336  max_d_mean=2.32e-03
[  3h26m + 26.00s]   prompt 454/1000  seq_len=128 n_valid=111  26s  max||J||/sqrt(d)=1.305  max_d_mean=2.37e-03
[  3h26m + 25.30s]   prompt 455/1000  seq_len=128 n_valid=111  25s  max||J||/sqrt(d)=1.264  max_d_mean=2.32e-03
[  3h27m + 24.91s]   prompt 456/1000  seq_len=128 n_valid=111  25s  max||J||/sqrt(d)=1.305  max_d_mean=1.99e-03
[  3h27m + 25.10s]   prompt 457/1000  seq_len=128 n_valid=111  25s  max||J||/sqrt(d)=1.307  max_d_mean=2.14e-03
[  3h28m + 24.40s]   prompt 458/1000  seq_len=128 n_valid=111  24s  max||J||/sqrt(d)=1.374  max_d_mean=2.61e-03
[  3h28m + 25.20s]   prompt 459/1000  seq_len=128 n_valid=111  25s  max||J||/sqrt(d)=1.317  max_d_mean=2.24e-03
[  3h28m + 23.40s]   prompt 460/1000  seq_len=128 n_valid=111  23s  max||J||/sqrt(d)=1.388  max_d_mean=2.45e-03
[  3h29m + 24.30s]   prompt 461/1000  seq_len=128 n_valid=111  24s  max||J||/sqrt(d)=1.427  max_d_mean=2.57e-03
[  3h29m + 24.40s]   prompt 462/1000  seq_len=128 n_valid=111  24s  max||J||/sqrt(d)=1.298  max_d_mean=2.43e-03
[  3h30m + 25.50s]   prompt 463/1000  seq_len=128 n_valid=111  26s  max||J||/sqrt(d)=1.481  max_d_mean=4.92e-03
[  3h30m + 24.59s]   prompt 464/1000  seq_len=128 n_valid=111  25s  max||J||/sqrt(d)=1.392  max_d_mean=2.49e-03
[  3h30m + 24.00s]   prompt 465/1000  seq_len=128 n_valid=111  24s  max||J||/sqrt(d)=1.339  max_d_mean=2.84e-03
[  3h31m + 24.11s]   prompt 466/1000  seq_len=128 n_valid=111  24s  max||J||/sqrt(d)=1.301  max_d_mean=2.20e-03
[  3h31m + 23.49s]   prompt 467/1000  seq_len=128 n_valid=111  23s  max||J||/sqrt(d)=1.552  max_d_mean=4.96e-03
[  3h32m + 25.70s]   prompt 468/1000  seq_len=128 n_valid=111  26s  max||J||/sqrt(d)=1.392  max_d_mean=2.77e-03
[  3h32m + 25.20s]   prompt 469/1000  seq_len=128 n_valid=111  25s  max||J||/sqrt(d)=1.279  max_d_mean=2.01e-03
[  3h33m + 25.00s]   prompt 470/1000  seq_len=128 n_valid=111  25s  max||J||/sqrt(d)=1.359  max_d_mean=2.72e-03
[  3h33m + 25.30s]   prompt 471/1000  seq_len=128 n_valid=111  25s  max||J||/sqrt(d)=3.248  max_d_mean=1.24e-02
[  3h33m + 25.70s]   prompt 472/1000  seq_len=47 n_valid=30  26s  max||J||/sqrt(d)=1.210  max_d_mean=2.45e-03
[  3h34m + 24.20s]   prompt 473/1000  seq_len=128 n_valid=111  24s  max||J||/sqrt(d)=1.364  max_d_mean=2.44e-03
[  3h34m + 24.61s]   prompt 474/1000  seq_len=128 n_valid=111  25s  max||J||/sqrt(d)=1.311  max_d_mean=2.16e-03
[  3h35m + 24.99s]   prompt 475/1000  seq_len=108 n_valid=91  25s  max||J||/sqrt(d)=1.299  max_d_mean=1.96e-03
[  3h35m + 25.10s]   prompt 476/1000  seq_len=128 n_valid=111  25s  max||J||/sqrt(d)=1.319  max_d_mean=2.01e-03
[  3h35m + 24.30s]   prompt 477/1000  seq_len=56 n_valid=39  24s  max||J||/sqrt(d)=1.312  max_d_mean=3.05e-03
[  3h36m + 24.80s]   prompt 478/1000  seq_len=109 n_valid=92  25s  max||J||/sqrt(d)=1.351  max_d_mean=3.10e-03
[  3h36m + 24.80s]   prompt 479/1000  seq_len=128 n_valid=111  25s  max||J||/sqrt(d)=1.351  max_d_mean=2.50e-03
[  3h37m + 27.90s]   prompt 480/1000  seq_len=128 n_valid=111  28s  max||J||/sqrt(d)=1.325  max_d_mean=1.97e-03
[  3h37m + 26.70s]   prompt 481/1000  seq_len=49 n_valid=32  27s  max||J||/sqrt(d)=1.300  max_d_mean=2.94e-03
[  3h38m + 24.50s]   prompt 482/1000  seq_len=128 n_valid=111  24s  max||J||/sqrt(d)=1.391  max_d_mean=2.81e-03
[  3h38m + 17.91s]   prompt 483/1000  seq_len=127 n_valid=110  18s  max||J||/sqrt(d)=1.282  max_d_mean=2.15e-03
[  3h38m +  7.00s]   prompt 484/1000  seq_len=67 n_valid=50  7s  max||J||/sqrt(d)=1.275  max_d_mean=2.35e-03
[  3h38m +  7.40s]   prompt 485/1000  seq_len=125 n_valid=108  7s  max||J||/sqrt(d)=1.257  max_d_mean=2.15e-03
[  3h38m + 13.00s]   prompt 486/1000  seq_len=101 n_valid=84  13s  max||J||/sqrt(d)=1.298  max_d_mean=2.24e-03
[  3h38m + 11.40s]   prompt 487/1000  seq_len=128 n_valid=111  11s  max||J||/sqrt(d)=1.322  max_d_mean=2.88e-03
[  3h39m + 12.40s]   prompt 488/1000  seq_len=128 n_valid=111  12s  max||J||/sqrt(d)=1.261  max_d_mean=2.05e-03
[  3h39m + 16.60s]   prompt 489/1000  seq_len=100 n_valid=83  17s  max||J||/sqrt(d)=1.251  max_d_mean=2.33e-03
[  3h39m + 16.40s]   prompt 490/1000  seq_len=105 n_valid=88  16s  max||J||/sqrt(d)=1.303  max_d_mean=2.46e-03
[  3h40m + 17.70s]   prompt 491/1000  seq_len=82 n_valid=65  18s  max||J||/sqrt(d)=1.304  max_d_mean=2.54e-03
[  3h40m + 12.90s]   prompt 492/1000  seq_len=128 n_valid=111  13s  max||J||/sqrt(d)=1.354  max_d_mean=2.53e-03
[  3h40m + 10.40s]   prompt 493/1000  seq_len=100 n_valid=83  10s  max||J||/sqrt(d)=1.325  max_d_mean=3.43e-03
[  3h40m + 14.90s]   prompt 494/1000  seq_len=127 n_valid=110  15s  max||J||/sqrt(d)=1.315  max_d_mean=2.32e-03
[  3h40m + 10.20s]   prompt 495/1000  seq_len=46 n_valid=29  10s  max||J||/sqrt(d)=1.333  max_d_mean=2.64e-03
[  3h41m + 14.10s]   prompt 496/1000  seq_len=54 n_valid=37  14s  max||J||/sqrt(d)=1.276  max_d_mean=2.43e-03
[  3h41m + 17.10s]   prompt 497/1000  seq_len=59 n_valid=42  17s  max||J||/sqrt(d)=1.247  max_d_mean=2.44e-03
[  3h41m + 19.99s]   prompt 498/1000  seq_len=128 n_valid=111  20s  max||J||/sqrt(d)=1.273  max_d_mean=4.32e-03
[  3h41m + 16.50s]   prompt 499/1000  seq_len=128 n_valid=111  17s  max||J||/sqrt(d)=1.292  max_d_mean=2.66e-03
[  3h42m + 15.90s]   prompt 500/1000  seq_len=128 n_valid=111  16s  max||J||/sqrt(d)=1.310  max_d_mean=2.30e-03
[  3h42m + 17.50s]   prompt 501/1000  seq_len=109 n_valid=92  17s  max||J||/sqrt(d)=1.353  max_d_mean=2.53e-03
[  3h42m + 16.80s]   prompt 502/1000  seq_len=128 n_valid=111  17s  max||J||/sqrt(d)=1.434  max_d_mean=3.57e-03
[  3h42m +  9.00s]   prompt 503/1000  seq_len=96 n_valid=79  9s  max||J||/sqrt(d)=1.862  max_d_mean=5.70e-03
[  3h43m +  6.50s]   prompt 504/1000  seq_len=100 n_valid=83  7s  max||J||/sqrt(d)=1.396  max_d_mean=3.56e-03
[  3h43m +  7.90s]   prompt 505/1000  seq_len=44 n_valid=27  8s  max||J||/sqrt(d)=1.307  max_d_mean=2.66e-03
[  3h43m +  3.60s]   prompt 506/1000  seq_len=42 n_valid=25  4s  max||J||/sqrt(d)=1.248  max_d_mean=2.32e-03
[  3h43m +  7.50s]   prompt 507/1000  seq_len=107 n_valid=90  7s  max||J||/sqrt(d)=1.308  max_d_mean=2.16e-03
[  3h43m + 13.71s]   prompt 508/1000  seq_len=116 n_valid=99  14s  max||J||/sqrt(d)=1.304  max_d_mean=2.78e-03
[  3h43m +  8.70s]   prompt 509/1000  seq_len=78 n_valid=61  9s  max||J||/sqrt(d)=1.242  max_d_mean=2.02e-03
[  3h44m + 15.90s]   prompt 510/1000  seq_len=128 n_valid=111  16s  max||J||/sqrt(d)=1.531  max_d_mean=3.39e-03
[  3h44m + 14.80s]   prompt 511/1000  seq_len=128 n_valid=111  15s  max||J||/sqrt(d)=1.645  max_d_mean=4.93e-03
[  3h44m + 21.10s]   prompt 512/1000  seq_len=101 n_valid=84  21s  max||J||/sqrt(d)=1.409  max_d_mean=3.18e-03
[  3h44m + 13.30s]   prompt 513/1000  seq_len=56 n_valid=39  13s  max||J||/sqrt(d)=1.445  max_d_mean=3.56e-03
[  3h45m + 18.50s]   prompt 514/1000  seq_len=100 n_valid=83  19s  max||J||/sqrt(d)=1.623  max_d_mean=4.68e-03
[  3h45m + 15.40s]   prompt 515/1000  seq_len=128 n_valid=111  15s  max||J||/sqrt(d)=1.669  max_d_mean=4.10e-03
[  3h45m + 13.20s]   prompt 516/1000  seq_len=128 n_valid=111  13s  max||J||/sqrt(d)=2.485  max_d_mean=8.18e-03
[  3h45m + 12.40s]   prompt 517/1000  seq_len=125 n_valid=108  12s  max||J||/sqrt(d)=1.345  max_d_mean=2.05e-03
[  3h45m +  7.30s]   prompt 518/1000  seq_len=63 n_valid=46  7s  max||J||/sqrt(d)=1.229  max_d_mean=2.02e-03
[  3h46m +  9.10s]   prompt 519/1000  seq_len=79 n_valid=62  9s  max||J||/sqrt(d)=1.257  max_d_mean=1.89e-03
[  3h46m + 10.20s]   prompt 520/1000  seq_len=128 n_valid=111  10s  max||J||/sqrt(d)=1.347  max_d_mean=2.98e-03
[  3h46m + 19.00s]   prompt 521/1000  seq_len=128 n_valid=111  19s  max||J||/sqrt(d)=1.378  max_d_mean=2.45e-03
[  3h46m + 16.00s]   prompt 522/1000  seq_len=109 n_valid=92  16s  max||J||/sqrt(d)=1.527  max_d_mean=3.74e-03
[  3h47m +  8.50s]   prompt 523/1000  seq_len=80 n_valid=63  8s  max||J||/sqrt(d)=1.299  max_d_mean=2.56e-03
[  3h47m + 12.01s]   prompt 524/1000  seq_len=128 n_valid=111  12s  max||J||/sqrt(d)=1.313  max_d_mean=2.27e-03
[  3h47m + 17.70s]   prompt 525/1000  seq_len=88 n_valid=71  18s  max||J||/sqrt(d)=1.298  max_d_mean=2.30e-03
[  3h47m + 16.00s]   prompt 526/1000  seq_len=128 n_valid=111  16s  max||J||/sqrt(d)=1.424  max_d_mean=2.80e-03
[  3h48m + 20.10s]   prompt 527/1000  seq_len=127 n_valid=110  20s  max||J||/sqrt(d)=1.475  max_d_mean=2.64e-03
[  3h48m + 20.20s]   prompt 528/1000  seq_len=128 n_valid=111  20s  max||J||/sqrt(d)=1.401  max_d_mean=2.49e-03
[  3h48m + 11.90s]   prompt 529/1000  seq_len=84 n_valid=67  12s  max||J||/sqrt(d)=1.276  max_d_mean=2.04e-03
[  3h48m + 13.10s]   prompt 530/1000  seq_len=128 n_valid=111  13s  max||J||/sqrt(d)=1.491  max_d_mean=2.61e-03
[  3h49m + 18.29s]   prompt 531/1000  seq_len=63 n_valid=46  18s  max||J||/sqrt(d)=1.366  max_d_mean=2.08e-03
[  3h49m + 14.20s]   prompt 532/1000  seq_len=128 n_valid=111  14s  max||J||/sqrt(d)=1.458  max_d_mean=2.42e-03
[  3h49m + 14.30s]   prompt 533/1000  seq_len=128 n_valid=111  14s  max||J||/sqrt(d)=1.388  max_d_mean=2.35e-03
[  3h49m + 10.80s]   prompt 534/1000  seq_len=46 n_valid=29  11s  max||J||/sqrt(d)=1.270  max_d_mean=2.48e-03
[  3h50m + 12.20s]   prompt 535/1000  seq_len=128 n_valid=111  12s  max||J||/sqrt(d)=1.444  max_d_mean=2.31e-03
[  3h50m + 15.50s]   prompt 536/1000  seq_len=128 n_valid=111  15s  max||J||/sqrt(d)=1.548  max_d_mean=2.89e-03
[  3h50m + 15.80s]   prompt 537/1000  seq_len=122 n_valid=105  16s  max||J||/sqrt(d)=1.451  max_d_mean=2.82e-03
[  3h50m + 19.70s]   prompt 538/1000  seq_len=128 n_valid=111  20s  max||J||/sqrt(d)=1.409  max_d_mean=2.13e-03
[  3h51m + 17.20s]   prompt 539/1000  seq_len=128 n_valid=111  17s  max||J||/sqrt(d)=1.392  max_d_mean=2.20e-03
[  3h51m + 25.00s]   prompt 540/1000  seq_len=128 n_valid=111  25s  max||J||/sqrt(d)=1.570  max_d_mean=3.28e-03
[  3h51m + 24.91s]   prompt 541/1000  seq_len=128 n_valid=111  25s  max||J||/sqrt(d)=1.474  max_d_mean=2.38e-03
[  3h52m + 20.29s]   prompt 542/1000  seq_len=128 n_valid=111  20s  max||J||/sqrt(d)=1.380  max_d_mean=2.09e-03
[  3h52m + 24.09s]   prompt 543/1000  seq_len=128 n_valid=111  24s  max||J||/sqrt(d)=1.396  max_d_mean=2.43e-03
[  3h53m + 20.81s]   prompt 544/1000  seq_len=128 n_valid=111  21s  max||J||/sqrt(d)=1.489  max_d_mean=2.53e-03
[  3h53m + 23.80s]   prompt 545/1000  seq_len=128 n_valid=111  24s  max||J||/sqrt(d)=1.396  max_d_mean=2.64e-03
[  3h53m + 16.10s]   prompt 546/1000  seq_len=103 n_valid=86  16s  max||J||/sqrt(d)=1.348  max_d_mean=2.48e-03
[  3h54m + 24.00s]   prompt 547/1000  seq_len=128 n_valid=111  24s  max||J||/sqrt(d)=1.479  max_d_mean=2.91e-03
[  3h54m + 26.70s]   prompt 548/1000  seq_len=128 n_valid=111  27s  max||J||/sqrt(d)=1.458  max_d_mean=2.47e-03
[  3h55m + 26.00s]   prompt 549/1000  seq_len=128 n_valid=111  26s  max||J||/sqrt(d)=1.662  max_d_mean=4.35e-03
[  3h55m + 25.00s]   prompt 550/1000  seq_len=128 n_valid=111  25s  max||J||/sqrt(d)=1.604  max_d_mean=3.06e-03
[  3h55m + 24.10s]   prompt 551/1000  seq_len=79 n_valid=62  24s  max||J||/sqrt(d)=1.316  max_d_mean=2.02e-03
[  3h56m + 25.10s]   prompt 552/1000  seq_len=128 n_valid=111  25s  max||J||/sqrt(d)=1.638  max_d_mean=3.29e-03
[  3h56m + 24.00s]   prompt 553/1000  seq_len=97 n_valid=80  24s  max||J||/sqrt(d)=1.463  max_d_mean=2.81e-03
[  3h57m + 26.70s]   prompt 554/1000  seq_len=94 n_valid=77  27s  max||J||/sqrt(d)=1.745  max_d_mean=4.37e-03
[  3h57m + 26.50s]   prompt 555/1000  seq_len=128 n_valid=111  26s  max||J||/sqrt(d)=1.420  max_d_mean=2.98e-03
[  3h57m + 26.01s]   prompt 556/1000  seq_len=128 n_valid=111  26s  max||J||/sqrt(d)=1.740  max_d_mean=4.33e-03
[  3h58m + 25.69s]   prompt 557/1000  seq_len=124 n_valid=107  26s  max||J||/sqrt(d)=1.470  max_d_mean=2.19e-03
[  3h58m + 28.71s]   prompt 558/1000  seq_len=70 n_valid=53  29s  max||J||/sqrt(d)=1.295  max_d_mean=1.96e-03
[  3h59m + 28.59s]   prompt 559/1000  seq_len=59 n_valid=42  29s  max||J||/sqrt(d)=1.261  max_d_mean=2.30e-03
[  3h59m + 26.70s]   prompt 560/1000  seq_len=128 n_valid=111  27s  max||J||/sqrt(d)=1.325  max_d_mean=2.95e-03
[  4h00m + 29.30s]   prompt 561/1000  seq_len=128 n_valid=111  29s  max||J||/sqrt(d)=1.414  max_d_mean=3.08e-03
[  4h00m + 28.80s]   prompt 562/1000  seq_len=103 n_valid=86  29s  max||J||/sqrt(d)=1.283  max_d_mean=2.25e-03
[  4h01m + 29.12s]   prompt 563/1000  seq_len=128 n_valid=111  29s  max||J||/sqrt(d)=1.295  max_d_mean=1.68e-03
[  4h01m + 24.49s]   prompt 564/1000  seq_len=128 n_valid=111  24s  max||J||/sqrt(d)=1.346  max_d_mean=1.87e-03
[  4h02m + 25.99s]   prompt 565/1000  seq_len=128 n_valid=111  26s  max||J||/sqrt(d)=1.334  max_d_mean=1.85e-03
[  4h02m + 24.60s]   prompt 566/1000  seq_len=128 n_valid=111  25s  max||J||/sqrt(d)=1.371  max_d_mean=2.84e-03
[  4h02m + 25.20s]   prompt 567/1000  seq_len=128 n_valid=111  25s  max||J||/sqrt(d)=1.335  max_d_mean=1.57e-03
[  4h03m + 24.99s]   prompt 568/1000  seq_len=128 n_valid=111  25s  max||J||/sqrt(d)=1.307  max_d_mean=1.79e-03
[  4h03m + 24.70s]   prompt 569/1000  seq_len=128 n_valid=111  25s  max||J||/sqrt(d)=1.385  max_d_mean=2.27e-03
[  4h04m + 25.70s]   prompt 570/1000  seq_len=123 n_valid=106  26s  max||J||/sqrt(d)=1.538  max_d_mean=3.15e-03
[  4h04m + 29.70s]   prompt 571/1000  seq_len=128 n_valid=111  30s  max||J||/sqrt(d)=1.358  max_d_mean=2.24e-03
[  4h05m + 27.90s]   prompt 572/1000  seq_len=126 n_valid=109  28s  max||J||/sqrt(d)=1.340  max_d_mean=2.05e-03
[  4h05m + 29.80s]   prompt 573/1000  seq_len=128 n_valid=111  30s  max||J||/sqrt(d)=1.349  max_d_mean=2.43e-03
[  4h06m + 28.50s]   prompt 574/1000  seq_len=128 n_valid=111  29s  max||J||/sqrt(d)=1.307  max_d_mean=1.91e-03
[  4h06m + 27.20s]   prompt 575/1000  seq_len=128 n_valid=111  27s  max||J||/sqrt(d)=1.339  max_d_mean=1.65e-03
[  4h06m + 23.40s]   prompt 576/1000  seq_len=125 n_valid=108  23s  max||J||/sqrt(d)=1.303  max_d_mean=1.60e-03
[  4h07m + 23.90s]   prompt 577/1000  seq_len=128 n_valid=111  24s  max||J||/sqrt(d)=1.317  max_d_mean=1.86e-03
[  4h07m + 22.50s]   prompt 578/1000  seq_len=117 n_valid=100  23s  max||J||/sqrt(d)=1.347  max_d_mean=1.95e-03
[  4h08m + 24.39s]   prompt 579/1000  seq_len=101 n_valid=84  24s  max||J||/sqrt(d)=1.294  max_d_mean=1.82e-03
[  4h08m + 24.50s]   prompt 580/1000  seq_len=88 n_valid=71  25s  max||J||/sqrt(d)=1.356  max_d_mean=1.93e-03
[  4h08m + 24.10s]   prompt 581/1000  seq_len=94 n_valid=77  24s  max||J||/sqrt(d)=1.286  max_d_mean=2.03e-03
[  4h09m + 25.30s]   prompt 582/1000  seq_len=58 n_valid=41  25s  max||J||/sqrt(d)=1.215  max_d_mean=1.96e-03
[  4h09m + 28.91s]   prompt 583/1000  seq_len=115 n_valid=98  29s  max||J||/sqrt(d)=1.273  max_d_mean=1.94e-03
[  4h10m + 28.80s]   prompt 584/1000  seq_len=128 n_valid=111  29s  max||J||/sqrt(d)=1.371  max_d_mean=1.74e-03
[  4h10m + 29.50s]   prompt 585/1000  seq_len=128 n_valid=111  30s  max||J||/sqrt(d)=1.336  max_d_mean=1.72e-03
[  4h11m + 29.49s]   prompt 586/1000  seq_len=82 n_valid=65  29s  max||J||/sqrt(d)=1.306  max_d_mean=1.97e-03
[  4h11m + 29.11s]   prompt 587/1000  seq_len=127 n_valid=110  29s  max||J||/sqrt(d)=1.375  max_d_mean=2.25e-03
[  4h12m + 28.00s]   prompt 588/1000  seq_len=128 n_valid=111  28s  max||J||/sqrt(d)=1.371  max_d_mean=1.73e-03
[  4h12m + 28.90s]   prompt 589/1000  seq_len=128 n_valid=111  29s  max||J||/sqrt(d)=1.375  max_d_mean=1.96e-03
[  4h13m + 29.80s]   prompt 590/1000  seq_len=128 n_valid=111  30s  max||J||/sqrt(d)=1.402  max_d_mean=2.06e-03
[  4h13m + 28.19s]   prompt 591/1000  seq_len=100 n_valid=83  28s  max||J||/sqrt(d)=1.338  max_d_mean=2.87e-03
[  4h14m + 26.81s]   prompt 592/1000  seq_len=69 n_valid=52  27s  max||J||/sqrt(d)=1.262  max_d_mean=1.99e-03
[  4h14m + 28.59s]   prompt 593/1000  seq_len=86 n_valid=69  29s  max||J||/sqrt(d)=1.291  max_d_mean=1.56e-03
[  4h15m + 29.50s]   prompt 594/1000  seq_len=128 n_valid=111  29s  max||J||/sqrt(d)=1.430  max_d_mean=2.54e-03
[  4h15m + 29.11s]   prompt 595/1000  seq_len=128 n_valid=111  29s  max||J||/sqrt(d)=1.337  max_d_mean=2.12e-03
[  4h16m + 29.90s]   prompt 596/1000  seq_len=128 n_valid=111  30s  max||J||/sqrt(d)=2.219  max_d_mean=5.13e-03
[  4h16m + 29.81s]   prompt 597/1000  seq_len=128 n_valid=111  30s  max||J||/sqrt(d)=1.265  max_d_mean=1.95e-03
[  4h17m + 28.49s]   prompt 598/1000  seq_len=88 n_valid=71  28s  max||J||/sqrt(d)=1.360  max_d_mean=1.93e-03
[  4h17m + 24.20s]   prompt 599/1000  seq_len=85 n_valid=68  24s  max||J||/sqrt(d)=1.561  max_d_mean=4.15e-03
[  4h17m + 25.00s]   prompt 600/1000  seq_len=67 n_valid=50  25s  max||J||/sqrt(d)=1.291  max_d_mean=1.91e-03
[  4h18m + 24.81s]   prompt 601/1000  seq_len=93 n_valid=76  25s  max||J||/sqrt(d)=1.367  max_d_mean=2.18e-03
[  4h18m + 26.39s]   prompt 602/1000  seq_len=128 n_valid=111  26s  max||J||/sqrt(d)=1.367  max_d_mean=1.80e-03
[  4h19m + 25.80s]   prompt 603/1000  seq_len=113 n_valid=96  26s  max||J||/sqrt(d)=1.335  max_d_mean=1.79e-03
[  4h19m + 26.40s]   prompt 604/1000  seq_len=96 n_valid=79  26s  max||J||/sqrt(d)=1.472  max_d_mean=2.71e-03
[  4h20m + 28.30s]   prompt 605/1000  seq_len=92 n_valid=75  28s  max||J||/sqrt(d)=1.367  max_d_mean=2.50e-03
[  4h20m + 31.60s]   prompt 606/1000  seq_len=74 n_valid=57  32s  max||J||/sqrt(d)=1.233  max_d_mean=1.51e-03
[  4h21m + 31.80s]   prompt 607/1000  seq_len=40 n_valid=23  32s  max||J||/sqrt(d)=1.234  max_d_mean=1.92e-03
[  4h21m + 30.30s]   prompt 608/1000  seq_len=115 n_valid=98  30s  max||J||/sqrt(d)=1.385  max_d_mean=3.30e-03
[  4h22m + 29.80s]   prompt 609/1000  seq_len=98 n_valid=81  30s  max||J||/sqrt(d)=1.311  max_d_mean=1.73e-03
[  4h22m + 30.30s]   prompt 610/1000  seq_len=128 n_valid=111  30s  max||J||/sqrt(d)=1.262  max_d_mean=1.53e-03
[  4h23m + 27.20s]   prompt 611/1000  seq_len=92 n_valid=75  27s  max||J||/sqrt(d)=1.259  max_d_mean=2.09e-03
[  4h23m + 27.19s]   prompt 612/1000  seq_len=128 n_valid=111  27s  max||J||/sqrt(d)=1.330  max_d_mean=2.10e-03
[  4h24m + 27.40s]   prompt 613/1000  seq_len=68 n_valid=51  27s  max||J||/sqrt(d)=1.271  max_d_mean=2.23e-03
[  4h24m + 28.50s]   prompt 614/1000  seq_len=90 n_valid=73  28s  max||J||/sqrt(d)=1.250  max_d_mean=1.77e-03
[  4h24m + 25.70s]   prompt 615/1000  seq_len=112 n_valid=95  26s  max||J||/sqrt(d)=1.311  max_d_mean=1.74e-03
[  4h25m + 24.60s]   prompt 616/1000  seq_len=107 n_valid=90  25s  max||J||/sqrt(d)=1.299  max_d_mean=1.74e-03
[  4h25m + 28.80s]   prompt 617/1000  seq_len=128 n_valid=111  29s  max||J||/sqrt(d)=1.349  max_d_mean=1.62e-03
[  4h26m + 27.80s]   prompt 618/1000  seq_len=128 n_valid=111  28s  max||J||/sqrt(d)=1.266  max_d_mean=1.44e-03
[  4h26m + 29.80s]   prompt 619/1000  seq_len=128 n_valid=111  30s  max||J||/sqrt(d)=1.330  max_d_mean=1.67e-03
[  4h27m + 30.20s]   prompt 620/1000  seq_len=128 n_valid=111  30s  max||J||/sqrt(d)=1.320  max_d_mean=1.59e-03
[  4h27m + 29.90s]   prompt 621/1000  seq_len=108 n_valid=91  30s  max||J||/sqrt(d)=1.283  max_d_mean=1.54e-03
[  4h28m + 27.10s]   prompt 622/1000  seq_len=128 n_valid=111  27s  max||J||/sqrt(d)=1.318  max_d_mean=1.80e-03
[  4h28m + 25.80s]   prompt 623/1000  seq_len=128 n_valid=111  26s  max||J||/sqrt(d)=1.318  max_d_mean=2.06e-03
[  4h29m + 25.50s]   prompt 624/1000  seq_len=52 n_valid=35  25s  max||J||/sqrt(d)=1.263  max_d_mean=3.13e-03
[  4h29m + 23.70s]   prompt 625/1000  seq_len=128 n_valid=111  24s  max||J||/sqrt(d)=1.306  max_d_mean=1.63e-03
[  4h29m + 23.90s]   prompt 626/1000  seq_len=128 n_valid=111  24s  max||J||/sqrt(d)=1.462  max_d_mean=3.89e-03
[  4h30m + 24.51s]   prompt 627/1000  seq_len=117 n_valid=100  25s  max||J||/sqrt(d)=1.365  max_d_mean=1.88e-03
[  4h30m + 25.29s]   prompt 628/1000  seq_len=128 n_valid=111  25s  max||J||/sqrt(d)=1.410  max_d_mean=2.10e-03
[  4h31m + 25.50s]   prompt 629/1000  seq_len=128 n_valid=111  25s  max||J||/sqrt(d)=1.312  max_d_mean=1.71e-03
[  4h31m + 29.21s]   prompt 630/1000  seq_len=123 n_valid=106  29s  max||J||/sqrt(d)=1.394  max_d_mean=2.16e-03
[  4h32m + 28.30s]   prompt 631/1000  seq_len=58 n_valid=41  28s  max||J||/sqrt(d)=1.236  max_d_mean=1.84e-03
[  4h32m + 28.70s]   prompt 632/1000  seq_len=56 n_valid=39  29s  max||J||/sqrt(d)=1.285  max_d_mean=2.06e-03
[  4h33m + 31.50s]   prompt 633/1000  seq_len=124 n_valid=107  32s  max||J||/sqrt(d)=1.367  max_d_mean=1.65e-03
[  4h33m + 29.89s]   prompt 634/1000  seq_len=48 n_valid=31  30s  max||J||/sqrt(d)=1.227  max_d_mean=2.01e-03
[  4h34m + 29.51s]   prompt 635/1000  seq_len=128 n_valid=111  30s  max||J||/sqrt(d)=1.316  max_d_mean=1.53e-03
[  4h34m + 27.10s]   prompt 636/1000  seq_len=92 n_valid=75  27s  max||J||/sqrt(d)=1.327  max_d_mean=1.79e-03
[  4h34m + 26.90s]   prompt 637/1000  seq_len=111 n_valid=94  27s  max||J||/sqrt(d)=1.386  max_d_mean=1.83e-03
[  4h35m + 27.49s]   prompt 638/1000  seq_len=83 n_valid=66  27s  max||J||/sqrt(d)=1.423  max_d_mean=2.01e-03
[  4h35m + 26.01s]   prompt 639/1000  seq_len=128 n_valid=111  26s  max||J||/sqrt(d)=1.380  max_d_mean=1.76e-03
[  4h36m + 27.39s]   prompt 640/1000  seq_len=66 n_valid=49  27s  max||J||/sqrt(d)=1.242  max_d_mean=1.70e-03
[  4h36m + 29.09s]   prompt 641/1000  seq_len=128 n_valid=111  29s  max||J||/sqrt(d)=1.325  max_d_mean=1.75e-03
[  4h37m + 29.22s]   prompt 642/1000  seq_len=128 n_valid=111  29s  max||J||/sqrt(d)=1.322  max_d_mean=1.70e-03
[  4h37m + 29.69s]   prompt 643/1000  seq_len=128 n_valid=111  30s  max||J||/sqrt(d)=1.367  max_d_mean=1.86e-03
[  4h38m + 29.91s]   prompt 644/1000  seq_len=128 n_valid=111  30s  max||J||/sqrt(d)=1.296  max_d_mean=1.65e-03
[  4h38m + 30.29s]   prompt 645/1000  seq_len=128 n_valid=111  30s  max||J||/sqrt(d)=1.325  max_d_mean=1.79e-03
[  4h39m + 27.71s]   prompt 646/1000  seq_len=128 n_valid=111  28s  max||J||/sqrt(d)=1.360  max_d_mean=2.42e-03
[  4h39m + 27.59s]   prompt 647/1000  seq_len=128 n_valid=111  28s  max||J||/sqrt(d)=1.317  max_d_mean=1.68e-03
[  4h40m + 27.40s]   prompt 648/1000  seq_len=128 n_valid=111  27s  max||J||/sqrt(d)=1.362  max_d_mean=2.25e-03
[  4h40m + 26.90s]   prompt 649/1000  seq_len=128 n_valid=111  27s  max||J||/sqrt(d)=1.325  max_d_mean=1.84e-03
[  4h41m + 29.10s]   prompt 650/1000  seq_len=128 n_valid=111  29s  max||J||/sqrt(d)=1.366  max_d_mean=1.84e-03
[  4h41m + 27.91s]   prompt 651/1000  seq_len=122 n_valid=105  28s  max||J||/sqrt(d)=1.321  max_d_mean=1.76e-03
[  4h42m + 29.49s]   prompt 652/1000  seq_len=128 n_valid=111  29s  max||J||/sqrt(d)=1.276  max_d_mean=1.42e-03
[  4h42m + 28.90s]   prompt 653/1000  seq_len=128 n_valid=111  29s  max||J||/sqrt(d)=1.419  max_d_mean=3.94e-03
[  4h43m + 28.90s]   prompt 654/1000  seq_len=117 n_valid=100  29s  max||J||/sqrt(d)=1.419  max_d_mean=2.52e-03
[  4h43m + 28.21s]   prompt 655/1000  seq_len=54 n_valid=37  28s  max||J||/sqrt(d)=1.232  max_d_mean=1.57e-03
[  4h43m + 27.59s]   prompt 656/1000  seq_len=75 n_valid=58  28s  max||J||/sqrt(d)=1.267  max_d_mean=1.95e-03
[  4h44m + 28.50s]   prompt 657/1000  seq_len=88 n_valid=71  29s  max||J||/sqrt(d)=1.323  max_d_mean=2.98e-03
[  4h44m + 27.99s]   prompt 658/1000  seq_len=125 n_valid=108  28s  max||J||/sqrt(d)=1.469  max_d_mean=2.75e-03
[  4h45m + 28.70s]   prompt 659/1000  seq_len=44 n_valid=27  29s  max||J||/sqrt(d)=1.197  max_d_mean=1.59e-03
[  4h45m + 27.30s]   prompt 660/1000  seq_len=128 n_valid=111  27s  max||J||/sqrt(d)=1.390  max_d_mean=2.54e-03
[  4h46m + 28.40s]   prompt 661/1000  seq_len=128 n_valid=111  28s  max||J||/sqrt(d)=1.321  max_d_mean=1.49e-03
[  4h46m + 28.30s]   prompt 662/1000  seq_len=128 n_valid=111  28s  max||J||/sqrt(d)=1.352  max_d_mean=1.94e-03
[  4h47m + 28.00s]   prompt 663/1000  seq_len=128 n_valid=111  28s  max||J||/sqrt(d)=1.376  max_d_mean=1.97e-03
[  4h47m + 28.40s]   prompt 664/1000  seq_len=128 n_valid=111  28s  max||J||/sqrt(d)=1.384  max_d_mean=2.71e-03
[  4h48m + 26.81s]   prompt 665/1000  seq_len=128 n_valid=111  27s  max||J||/sqrt(d)=1.347  max_d_mean=1.88e-03
[  4h48m + 28.20s]   prompt 666/1000  seq_len=128 n_valid=111  28s  max||J||/sqrt(d)=1.326  max_d_mean=2.03e-03
[  4h49m + 27.21s]   prompt 667/1000  seq_len=128 n_valid=111  27s  max||J||/sqrt(d)=1.372  max_d_mean=2.38e-03
[  4h49m + 27.09s]   prompt 668/1000  seq_len=128 n_valid=111  27s  max||J||/sqrt(d)=1.341  max_d_mean=1.81e-03
[  4h50m + 27.50s]   prompt 669/1000  seq_len=128 n_valid=111  27s  max||J||/sqrt(d)=1.363  max_d_mean=2.07e-03
[  4h50m + 25.79s]   prompt 670/1000  seq_len=128 n_valid=111  26s  max||J||/sqrt(d)=1.370  max_d_mean=1.87e-03
[  4h50m + 26.40s]   prompt 671/1000  seq_len=128 n_valid=111  26s  max||J||/sqrt(d)=1.341  max_d_mean=1.55e-03
[  4h51m + 26.40s]   prompt 672/1000  seq_len=128 n_valid=111  26s  max||J||/sqrt(d)=1.289  max_d_mean=1.37e-03
[  4h51m + 26.80s]   prompt 673/1000  seq_len=83 n_valid=66  27s  max||J||/sqrt(d)=2.063  max_d_mean=5.91e-03
[  4h52m + 26.30s]   prompt 674/1000  seq_len=115 n_valid=98  26s  max||J||/sqrt(d)=1.292  max_d_mean=2.61e-03
[  4h52m + 27.00s]   prompt 675/1000  seq_len=118 n_valid=101  27s  max||J||/sqrt(d)=1.272  max_d_mean=1.79e-03
[  4h53m + 28.60s]   prompt 676/1000  seq_len=106 n_valid=89  28s  max||J||/sqrt(d)=1.307  max_d_mean=1.65e-03
[  4h53m + 26.40s]   prompt 677/1000  seq_len=128 n_valid=111  26s  max||J||/sqrt(d)=1.349  max_d_mean=1.53e-03
[  4h54m + 29.09s]   prompt 678/1000  seq_len=128 n_valid=111  29s  max||J||/sqrt(d)=1.370  max_d_mean=2.08e-03
[  4h54m + 27.80s]   prompt 679/1000  seq_len=112 n_valid=95  28s  max||J||/sqrt(d)=1.360  max_d_mean=1.86e-03
[  4h54m + 27.80s]   prompt 680/1000  seq_len=128 n_valid=111  28s  max||J||/sqrt(d)=1.413  max_d_mean=2.21e-03
[  4h55m + 25.80s]   prompt 681/1000  seq_len=128 n_valid=111  26s  max||J||/sqrt(d)=1.360  max_d_mean=1.60e-03
[  4h55m + 25.40s]   prompt 682/1000  seq_len=128 n_valid=111  25s  max||J||/sqrt(d)=1.474  max_d_mean=2.48e-03
[  4h56m + 26.80s]   prompt 683/1000  seq_len=128 n_valid=111  27s  max||J||/sqrt(d)=1.350  max_d_mean=1.77e-03
[  4h56m + 27.21s]   prompt 684/1000  seq_len=128 n_valid=111  27s  max||J||/sqrt(d)=1.312  max_d_mean=2.32e-03
[  4h57m + 26.50s]   prompt 685/1000  seq_len=128 n_valid=111  26s  max||J||/sqrt(d)=1.353  max_d_mean=1.57e-03
[  4h57m + 24.89s]   prompt 686/1000  seq_len=128 n_valid=111  25s  max||J||/sqrt(d)=1.326  max_d_mean=2.04e-03
[  4h58m + 25.40s]   prompt 687/1000  seq_len=128 n_valid=111  25s  max||J||/sqrt(d)=1.426  max_d_mean=3.83e-03
[  4h58m + 29.60s]   prompt 688/1000  seq_len=128 n_valid=111  30s  max||J||/sqrt(d)=1.333  max_d_mean=1.54e-03
[  4h59m + 29.90s]   prompt 689/1000  seq_len=128 n_valid=111  30s  max||J||/sqrt(d)=1.305  max_d_mean=1.62e-03
[  4h59m + 28.20s]   prompt 690/1000  seq_len=87 n_valid=70  28s  max||J||/sqrt(d)=1.256  max_d_mean=1.66e-03
[  4h59m + 28.80s]   prompt 691/1000  seq_len=114 n_valid=97  29s  max||J||/sqrt(d)=1.306  max_d_mean=1.52e-03
[  5h00m + 27.70s]   prompt 692/1000  seq_len=128 n_valid=111  28s  max||J||/sqrt(d)=1.343  max_d_mean=1.48e-03
[  5h00m + 29.10s]   prompt 693/1000  seq_len=128 n_valid=111  29s  max||J||/sqrt(d)=1.324  max_d_mean=1.51e-03
[  5h01m + 26.30s]   prompt 694/1000  seq_len=128 n_valid=111  26s  max||J||/sqrt(d)=1.315  max_d_mean=1.53e-03
[  5h01m + 27.20s]   prompt 695/1000  seq_len=127 n_valid=110  27s  max||J||/sqrt(d)=1.335  max_d_mean=1.43e-03
[  5h02m + 25.70s]   prompt 696/1000  seq_len=128 n_valid=111  26s  max||J||/sqrt(d)=1.377  max_d_mean=2.12e-03
[  5h02m + 27.90s]   prompt 697/1000  seq_len=68 n_valid=51  28s  max||J||/sqrt(d)=1.326  max_d_mean=2.17e-03
[  5h03m + 25.31s]   prompt 698/1000  seq_len=108 n_valid=91  25s  max||J||/sqrt(d)=1.359  max_d_mean=1.71e-03
[  5h03m + 26.49s]   prompt 699/1000  seq_len=128 n_valid=111  26s  max||J||/sqrt(d)=1.330  max_d_mean=1.50e-03
[  5h04m + 28.10s]   prompt 700/1000  seq_len=128 n_valid=111  28s  max||J||/sqrt(d)=1.330  max_d_mean=1.52e-03
[  5h04m + 29.20s]   prompt 701/1000  seq_len=128 n_valid=111  29s  max||J||/sqrt(d)=1.275  max_d_mean=1.43e-03
[  5h04m + 28.50s]   prompt 702/1000  seq_len=75 n_valid=58  29s  max||J||/sqrt(d)=1.260  max_d_mean=1.43e-03
[  5h05m + 27.30s]   prompt 703/1000  seq_len=128 n_valid=111  27s  max||J||/sqrt(d)=1.361  max_d_mean=1.77e-03
[  5h05m + 26.60s]   prompt 704/1000  seq_len=128 n_valid=111  27s  max||J||/sqrt(d)=1.345  max_d_mean=1.80e-03
[  5h06m + 28.70s]   prompt 705/1000  seq_len=128 n_valid=111  29s  max||J||/sqrt(d)=1.345  max_d_mean=1.43e-03
[  5h06m + 26.31s]   prompt 706/1000  seq_len=128 n_valid=111  26s  max||J||/sqrt(d)=1.312  max_d_mean=1.61e-03
[  5h07m + 25.80s]   prompt 707/1000  seq_len=58 n_valid=41  26s  max||J||/sqrt(d)=1.355  max_d_mean=2.06e-03
[  5h07m + 24.70s]   prompt 708/1000  seq_len=64 n_valid=47  25s  max||J||/sqrt(d)=1.275  max_d_mean=1.61e-03
[  5h08m + 23.10s]   prompt 709/1000  seq_len=128 n_valid=111  23s  max||J||/sqrt(d)=1.346  max_d_mean=1.41e-03
[  5h08m + 23.81s]   prompt 710/1000  seq_len=128 n_valid=111  24s  max||J||/sqrt(d)=1.306  max_d_mean=1.43e-03
[  5h08m + 23.59s]   prompt 711/1000  seq_len=128 n_valid=111  24s  max||J||/sqrt(d)=1.299  max_d_mean=1.49e-03
[  5h09m + 23.10s]   prompt 712/1000  seq_len=105 n_valid=88  23s  max||J||/sqrt(d)=1.331  max_d_mean=1.47e-03
[  5h09m + 28.81s]   prompt 713/1000  seq_len=102 n_valid=85  29s  max||J||/sqrt(d)=1.692  max_d_mean=3.59e-03
[  5h10m + 27.80s]   prompt 714/1000  seq_len=104 n_valid=87  28s  max||J||/sqrt(d)=1.285  max_d_mean=1.53e-03
[  5h10m + 27.41s]   prompt 715/1000  seq_len=128 n_valid=111  27s  max||J||/sqrt(d)=1.361  max_d_mean=1.62e-03
[  5h11m + 27.39s]   prompt 716/1000  seq_len=103 n_valid=86  27s  max||J||/sqrt(d)=1.343  max_d_mean=1.61e-03
[  5h11m + 27.99s]   prompt 717/1000  seq_len=104 n_valid=87  28s  max||J||/sqrt(d)=1.588  max_d_mean=2.19e-03
[  5h11m + 27.40s]   prompt 718/1000  seq_len=70 n_valid=53  27s  max||J||/sqrt(d)=1.343  max_d_mean=2.14e-03
[  5h12m + 26.80s]   prompt 719/1000  seq_len=128 n_valid=111  27s  max||J||/sqrt(d)=1.347  max_d_mean=1.47e-03
[  5h12m + 24.70s]   prompt 720/1000  seq_len=96 n_valid=79  25s  max||J||/sqrt(d)=1.281  max_d_mean=1.63e-03
[  5h13m + 25.50s]   prompt 721/1000  seq_len=47 n_valid=30  25s  max||J||/sqrt(d)=1.258  max_d_mean=1.40e-03
[  5h13m + 25.60s]   prompt 722/1000  seq_len=89 n_valid=72  26s  max||J||/sqrt(d)=1.313  max_d_mean=1.45e-03
[  5h14m + 26.40s]   prompt 723/1000  seq_len=81 n_valid=64  26s  max||J||/sqrt(d)=1.270  max_d_mean=1.44e-03
[  5h14m + 27.51s]   prompt 724/1000  seq_len=128 n_valid=111  28s  max||J||/sqrt(d)=1.351  max_d_mean=2.42e-03
[  5h15m + 28.91s]   prompt 725/1000  seq_len=128 n_valid=111  29s  max||J||/sqrt(d)=1.294  max_d_mean=1.29e-03
[  5h15m + 28.89s]   prompt 726/1000  seq_len=128 n_valid=111  29s  max||J||/sqrt(d)=1.262  max_d_mean=1.26e-03
[  5h16m + 27.20s]   prompt 727/1000  seq_len=128 n_valid=111  27s  max||J||/sqrt(d)=1.252  max_d_mean=1.46e-03
[  5h16m + 26.70s]   prompt 728/1000  seq_len=128 n_valid=111  27s  max||J||/sqrt(d)=1.298  max_d_mean=1.24e-03
[  5h16m + 27.10s]   prompt 729/1000  seq_len=128 n_valid=111  27s  max||J||/sqrt(d)=1.313  max_d_mean=1.99e-03
[  5h17m + 29.71s]   prompt 730/1000  seq_len=128 n_valid=111  30s  max||J||/sqrt(d)=1.279  max_d_mean=1.55e-03
[  5h17m + 26.09s]   prompt 731/1000  seq_len=128 n_valid=111  26s  max||J||/sqrt(d)=1.848  max_d_mean=3.85e-03
[  5h18m + 25.40s]   prompt 732/1000  seq_len=128 n_valid=111  25s  max||J||/sqrt(d)=1.438  max_d_mean=2.41e-03
[  5h18m + 26.30s]   prompt 733/1000  seq_len=128 n_valid=111  26s  max||J||/sqrt(d)=1.312  max_d_mean=1.20e-03
[  5h19m + 25.30s]   prompt 734/1000  seq_len=128 n_valid=111  25s  max||J||/sqrt(d)=1.333  max_d_mean=1.59e-03
[  5h19m + 25.00s]   prompt 735/1000  seq_len=57 n_valid=40  25s  max||J||/sqrt(d)=1.258  max_d_mean=1.42e-03
[  5h19m + 23.70s]   prompt 736/1000  seq_len=105 n_valid=88  24s  max||J||/sqrt(d)=1.466  max_d_mean=1.88e-03
[  5h20m + 25.80s]   prompt 737/1000  seq_len=128 n_valid=111  26s  max||J||/sqrt(d)=1.402  max_d_mean=1.57e-03
[  5h20m + 27.30s]   prompt 738/1000  seq_len=39 n_valid=22  27s  max||J||/sqrt(d)=1.190  max_d_mean=1.50e-03
[  5h21m + 27.49s]   prompt 739/1000  seq_len=128 n_valid=111  27s  max||J||/sqrt(d)=1.372  max_d_mean=1.31e-03
[  5h21m + 27.42s]   prompt 740/1000  seq_len=127 n_valid=110  27s  max||J||/sqrt(d)=1.316  max_d_mean=1.55e-03
[  5h22m + 27.39s]   prompt 741/1000  seq_len=60 n_valid=43  27s  max||J||/sqrt(d)=1.647  max_d_mean=3.10e-03
[  5h22m + 26.80s]   prompt 742/1000  seq_len=128 n_valid=111  27s  max||J||/sqrt(d)=1.359  max_d_mean=1.63e-03
[  5h23m + 24.29s]   prompt 743/1000  seq_len=128 n_valid=111  24s  max||J||/sqrt(d)=1.453  max_d_mean=1.90e-03
[  5h23m + 25.90s]   prompt 744/1000  seq_len=127 n_valid=110  26s  max||J||/sqrt(d)=1.342  max_d_mean=1.43e-03
[  5h23m + 27.30s]   prompt 745/1000  seq_len=59 n_valid=42  27s  max||J||/sqrt(d)=1.346  max_d_mean=2.43e-03
[  5h24m + 26.20s]   prompt 746/1000  seq_len=128 n_valid=111  26s  max||J||/sqrt(d)=1.602  max_d_mean=2.54e-03
[  5h24m + 24.10s]   prompt 747/1000  seq_len=103 n_valid=86  24s  max||J||/sqrt(d)=1.287  max_d_mean=1.37e-03
[  5h25m + 26.61s]   prompt 748/1000  seq_len=128 n_valid=111  27s  max||J||/sqrt(d)=1.356  max_d_mean=1.44e-03
[  5h25m + 26.20s]   prompt 749/1000  seq_len=128 n_valid=111  26s  max||J||/sqrt(d)=1.378  max_d_mean=1.35e-03
[  5h26m + 25.20s]   prompt 750/1000  seq_len=111 n_valid=94  25s  max||J||/sqrt(d)=1.364  max_d_mean=1.49e-03
[  5h26m + 25.50s]   prompt 751/1000  seq_len=128 n_valid=111  25s  max||J||/sqrt(d)=1.405  max_d_mean=1.70e-03
[  5h26m + 28.60s]   prompt 752/1000  seq_len=128 n_valid=111  29s  max||J||/sqrt(d)=1.332  max_d_mean=1.83e-03
[  5h27m + 28.91s]   prompt 753/1000  seq_len=128 n_valid=111  29s  max||J||/sqrt(d)=1.317  max_d_mean=1.87e-03
[  5h27m + 30.09s]   prompt 754/1000  seq_len=128 n_valid=111  30s  max||J||/sqrt(d)=1.282  max_d_mean=1.58e-03
[  5h28m + 27.10s]   prompt 755/1000  seq_len=91 n_valid=74  27s  max||J||/sqrt(d)=1.252  max_d_mean=1.52e-03
[  5h28m + 26.99s]   prompt 756/1000  seq_len=128 n_valid=111  27s  max||J||/sqrt(d)=1.328  max_d_mean=1.43e-03
[  5h29m + 24.51s]   prompt 757/1000  seq_len=128 n_valid=111  25s  max||J||/sqrt(d)=1.645  max_d_mean=2.97e-03
[  5h29m + 25.89s]   prompt 758/1000  seq_len=128 n_valid=111  26s  max||J||/sqrt(d)=1.465  max_d_mean=3.43e-03
[  5h30m + 26.20s]   prompt 759/1000  seq_len=128 n_valid=111  26s  max||J||/sqrt(d)=1.403  max_d_mean=2.11e-03
[  5h30m + 24.50s]   prompt 760/1000  seq_len=128 n_valid=111  24s  max||J||/sqrt(d)=1.341  max_d_mean=1.70e-03
[  5h30m + 23.39s]   prompt 761/1000  seq_len=128 n_valid=111  23s  max||J||/sqrt(d)=1.291  max_d_mean=1.28e-03
[  5h31m + 22.91s]   prompt 762/1000  seq_len=128 n_valid=111  23s  max||J||/sqrt(d)=1.301  max_d_mean=1.26e-03
[  5h31m + 27.39s]   prompt 763/1000  seq_len=128 n_valid=111  27s  max||J||/sqrt(d)=1.290  max_d_mean=2.14e-03
[  5h32m + 27.20s]   prompt 764/1000  seq_len=128 n_valid=111  27s  max||J||/sqrt(d)=1.324  max_d_mean=1.51e-03
[  5h32m + 25.60s]   prompt 765/1000  seq_len=128 n_valid=111  26s  max||J||/sqrt(d)=1.400  max_d_mean=1.66e-03
[  5h33m + 26.70s]   prompt 766/1000  seq_len=128 n_valid=111  27s  max||J||/sqrt(d)=1.289  max_d_mean=1.30e-03
[  5h33m + 28.31s]   prompt 767/1000  seq_len=128 n_valid=111  28s  max||J||/sqrt(d)=1.431  max_d_mean=1.92e-03
[  5h34m + 27.89s]   prompt 768/1000  seq_len=86 n_valid=69  28s  max||J||/sqrt(d)=1.286  max_d_mean=1.33e-03
[  5h34m + 29.10s]   prompt 769/1000  seq_len=128 n_valid=111  29s  max||J||/sqrt(d)=1.293  max_d_mean=1.48e-03
[  5h34m + 26.01s]   prompt 770/1000  seq_len=94 n_valid=77  26s  max||J||/sqrt(d)=1.299  max_d_mean=1.72e-03
[  5h35m + 25.61s]   prompt 771/1000  seq_len=65 n_valid=48  26s  max||J||/sqrt(d)=1.348  max_d_mean=1.87e-03
[  5h35m + 23.99s]   prompt 772/1000  seq_len=64 n_valid=47  24s  max||J||/sqrt(d)=1.257  max_d_mean=1.53e-03
[  5h36m + 23.21s]   prompt 773/1000  seq_len=128 n_valid=111  23s  max||J||/sqrt(d)=1.339  max_d_mean=1.59e-03
[  5h36m + 23.19s]   prompt 774/1000  seq_len=104 n_valid=87  23s  max||J||/sqrt(d)=1.307  max_d_mean=1.71e-03
[  5h36m + 22.90s]   prompt 775/1000  seq_len=128 n_valid=111  23s  max||J||/sqrt(d)=1.353  max_d_mean=1.87e-03
[  5h37m + 24.20s]   prompt 776/1000  seq_len=109 n_valid=92  24s  max||J||/sqrt(d)=2.029  max_d_mean=3.76e-03
[  5h37m + 24.20s]   prompt 777/1000  seq_len=128 n_valid=111  24s  max||J||/sqrt(d)=1.282  max_d_mean=1.55e-03
[  5h38m + 23.20s]   prompt 778/1000  seq_len=128 n_valid=111  23s  max||J||/sqrt(d)=1.393  max_d_mean=1.75e-03
[  5h38m + 15.10s]   prompt 779/1000  seq_len=128 n_valid=111  15s  max||J||/sqrt(d)=1.384  max_d_mean=1.73e-03
[  5h38m + 19.10s]   prompt 780/1000  seq_len=128 n_valid=111  19s  max||J||/sqrt(d)=1.321  max_d_mean=1.51e-03
[  5h39m + 22.81s]   prompt 781/1000  seq_len=128 n_valid=111  23s  max||J||/sqrt(d)=1.318  max_d_mean=1.52e-03
[  5h39m + 24.89s]   prompt 782/1000  seq_len=128 n_valid=111  25s  max||J||/sqrt(d)=1.512  max_d_mean=2.56e-03
[  5h39m + 21.80s]   prompt 783/1000  seq_len=127 n_valid=110  22s  max||J||/sqrt(d)=1.342  max_d_mean=1.56e-03
[  5h40m + 19.20s]   prompt 784/1000  seq_len=128 n_valid=111  19s  max||J||/sqrt(d)=2.222  max_d_mean=4.96e-03
[  5h40m + 24.00s]   prompt 785/1000  seq_len=128 n_valid=111  24s  max||J||/sqrt(d)=1.588  max_d_mean=2.52e-03
[  5h40m + 23.90s]   prompt 786/1000  seq_len=99 n_valid=82  24s  max||J||/sqrt(d)=1.306  max_d_mean=1.31e-03
[  5h41m + 23.90s]   prompt 787/1000  seq_len=128 n_valid=111  24s  max||J||/sqrt(d)=1.364  max_d_mean=1.51e-03
[  5h41m + 25.31s]   prompt 788/1000  seq_len=128 n_valid=111  25s  max||J||/sqrt(d)=1.306  max_d_mean=1.40e-03
[  5h42m + 26.90s]   prompt 789/1000  seq_len=128 n_valid=111  27s  max||J||/sqrt(d)=1.342  max_d_mean=1.39e-03
[  5h42m + 25.60s]   prompt 790/1000  seq_len=128 n_valid=111  26s  max||J||/sqrt(d)=1.367  max_d_mean=1.82e-03
[  5h42m + 16.10s]   prompt 791/1000  seq_len=128 n_valid=111  16s  max||J||/sqrt(d)=1.430  max_d_mean=1.96e-03
[  5h43m + 17.60s]   prompt 792/1000  seq_len=128 n_valid=111  18s  max||J||/sqrt(d)=1.373  max_d_mean=1.73e-03
[  5h43m + 16.60s]   prompt 793/1000  seq_len=128 n_valid=111  17s  max||J||/sqrt(d)=1.527  max_d_mean=2.24e-03
[  5h43m + 18.69s]   prompt 794/1000  seq_len=128 n_valid=111  19s  max||J||/sqrt(d)=1.585  max_d_mean=2.56e-03
[  5h44m + 22.50s]   prompt 795/1000  seq_len=128 n_valid=111  23s  max||J||/sqrt(d)=1.477  max_d_mean=1.93e-03
[  5h44m + 23.90s]   prompt 796/1000  seq_len=113 n_valid=96  24s  max||J||/sqrt(d)=1.330  max_d_mean=1.30e-03
[  5h45m + 25.80s]   prompt 797/1000  seq_len=128 n_valid=111  26s  max||J||/sqrt(d)=2.210  max_d_mean=3.27e-03
[  5h45m + 26.99s]   prompt 798/1000  seq_len=128 n_valid=111  27s  max||J||/sqrt(d)=1.319  max_d_mean=1.51e-03
[  5h45m + 25.40s]   prompt 799/1000  seq_len=128 n_valid=111  25s  max||J||/sqrt(d)=1.707  max_d_mean=3.11e-03
[  5h46m + 25.70s]   prompt 800/1000  seq_len=128 n_valid=111  26s  max||J||/sqrt(d)=1.385  max_d_mean=1.45e-03
[  5h46m + 27.30s]   prompt 801/1000  seq_len=123 n_valid=106  27s  max||J||/sqrt(d)=1.344  max_d_mean=1.65e-03
[  5h47m + 23.60s]   prompt 802/1000  seq_len=128 n_valid=111  24s  max||J||/sqrt(d)=1.348  max_d_mean=1.63e-03
[  5h47m + 16.80s]   prompt 803/1000  seq_len=128 n_valid=111  17s  max||J||/sqrt(d)=1.358  max_d_mean=1.63e-03
[  5h47m + 10.70s]   prompt 804/1000  seq_len=128 n_valid=111  11s  max||J||/sqrt(d)=1.314  max_d_mean=1.37e-03
[  5h47m + 16.69s]   prompt 805/1000  seq_len=128 n_valid=111  17s  max||J||/sqrt(d)=1.324  max_d_mean=1.56e-03
[  5h48m + 29.41s]   prompt 806/1000  seq_len=128 n_valid=111  29s  max||J||/sqrt(d)=1.333  max_d_mean=1.19e-03
[  5h48m + 25.99s]   prompt 807/1000  seq_len=128 n_valid=111  26s  max||J||/sqrt(d)=1.435  max_d_mean=2.44e-03
[  5h49m + 27.00s]   prompt 808/1000  seq_len=75 n_valid=58  27s  max||J||/sqrt(d)=1.303  max_d_mean=1.87e-03
[  5h49m + 26.50s]   prompt 809/1000  seq_len=128 n_valid=111  27s  max||J||/sqrt(d)=1.333  max_d_mean=1.51e-03
[  5h50m + 26.10s]   prompt 810/1000  seq_len=128 n_valid=111  26s  max||J||/sqrt(d)=1.353  max_d_mean=1.65e-03
[  5h50m + 27.00s]   prompt 811/1000  seq_len=115 n_valid=98  27s  max||J||/sqrt(d)=1.347  max_d_mean=1.61e-03
[  5h51m + 28.00s]   prompt 812/1000  seq_len=123 n_valid=106  28s  max||J||/sqrt(d)=1.343  max_d_mean=1.40e-03
[  5h51m + 26.71s]   prompt 813/1000  seq_len=128 n_valid=111  27s  max||J||/sqrt(d)=1.348  max_d_mean=1.19e-03
[  5h51m + 24.79s]   prompt 814/1000  seq_len=128 n_valid=111  25s  max||J||/sqrt(d)=1.459  max_d_mean=2.02e-03
[  5h52m + 25.40s]   prompt 815/1000  seq_len=123 n_valid=106  25s  max||J||/sqrt(d)=1.346  max_d_mean=1.73e-03
[  5h52m + 26.30s]   prompt 816/1000  seq_len=128 n_valid=111  26s  max||J||/sqrt(d)=1.294  max_d_mean=1.21e-03
[  5h53m + 26.10s]   prompt 817/1000  seq_len=128 n_valid=111  26s  max||J||/sqrt(d)=1.332  max_d_mean=1.15e-03
[  5h53m + 25.50s]   prompt 818/1000  seq_len=128 n_valid=111  25s  max||J||/sqrt(d)=1.379  max_d_mean=1.54e-03
[  5h54m + 25.80s]   prompt 819/1000  seq_len=128 n_valid=111  26s  max||J||/sqrt(d)=1.347  max_d_mean=1.81e-03
[  5h54m + 25.61s]   prompt 820/1000  seq_len=128 n_valid=111  26s  max||J||/sqrt(d)=1.444  max_d_mean=1.93e-03
[  5h54m + 26.49s]   prompt 821/1000  seq_len=117 n_valid=100  26s  max||J||/sqrt(d)=1.365  max_d_mean=1.45e-03
[  5h55m + 26.60s]   prompt 822/1000  seq_len=128 n_valid=111  27s  max||J||/sqrt(d)=1.346  max_d_mean=1.39e-03
[  5h55m + 24.70s]   prompt 823/1000  seq_len=128 n_valid=111  25s  max||J||/sqrt(d)=1.349  max_d_mean=1.39e-03
[  5h56m + 25.60s]   prompt 824/1000  seq_len=128 n_valid=111  26s  max||J||/sqrt(d)=1.429  max_d_mean=1.57e-03
[  5h56m + 26.00s]   prompt 825/1000  seq_len=128 n_valid=111  26s  max||J||/sqrt(d)=1.502  max_d_mean=1.83e-03
[  5h57m + 25.70s]   prompt 826/1000  seq_len=128 n_valid=111  26s  max||J||/sqrt(d)=1.460  max_d_mean=1.75e-03
[  5h57m + 25.80s]   prompt 827/1000  seq_len=108 n_valid=91  26s  max||J||/sqrt(d)=1.352  max_d_mean=1.61e-03
[  5h57m + 25.80s]   prompt 828/1000  seq_len=102 n_valid=85  26s  max||J||/sqrt(d)=1.340  max_d_mean=1.52e-03
[  5h58m + 25.80s]   prompt 829/1000  seq_len=98 n_valid=81  26s  max||J||/sqrt(d)=1.306  max_d_mean=1.27e-03
[  5h58m + 25.50s]   prompt 830/1000  seq_len=128 n_valid=111  26s  max||J||/sqrt(d)=1.451  max_d_mean=1.86e-03
[  5h59m + 26.80s]   prompt 831/1000  seq_len=128 n_valid=111  27s  max||J||/sqrt(d)=1.372  max_d_mean=1.62e-03
[  5h59m + 26.00s]   prompt 832/1000  seq_len=120 n_valid=103  26s  max||J||/sqrt(d)=1.530  max_d_mean=2.57e-03
[  6h00m + 25.80s]   prompt 833/1000  seq_len=128 n_valid=111  26s  max||J||/sqrt(d)=1.445  max_d_mean=2.53e-03
[  6h00m + 25.90s]   prompt 834/1000  seq_len=108 n_valid=91  26s  max||J||/sqrt(d)=1.349  max_d_mean=1.47e-03
[  6h00m + 26.60s]   prompt 835/1000  seq_len=92 n_valid=75  27s  max||J||/sqrt(d)=1.451  max_d_mean=1.90e-03
[  6h01m + 28.10s]   prompt 836/1000  seq_len=120 n_valid=103  28s  max||J||/sqrt(d)=1.298  max_d_mean=1.30e-03
[  6h01m + 28.90s]   prompt 837/1000  seq_len=128 n_valid=111  29s  max||J||/sqrt(d)=1.401  max_d_mean=1.86e-03
[  6h02m + 26.70s]   prompt 838/1000  seq_len=128 n_valid=111  27s  max||J||/sqrt(d)=1.449  max_d_mean=1.72e-03
[  6h02m + 28.10s]   prompt 839/1000  seq_len=128 n_valid=111  28s  max||J||/sqrt(d)=1.317  max_d_mean=1.50e-03
[  6h03m + 28.30s]   prompt 840/1000  seq_len=89 n_valid=72  28s  max||J||/sqrt(d)=1.348  max_d_mean=2.43e-03
[  6h03m + 27.81s]   prompt 841/1000  seq_len=128 n_valid=111  28s  max||J||/sqrt(d)=1.330  max_d_mean=1.34e-03
[  6h04m + 28.49s]   prompt 842/1000  seq_len=128 n_valid=111  28s  max||J||/sqrt(d)=1.400  max_d_mean=1.56e-03
[  6h04m + 28.40s]   prompt 843/1000  seq_len=124 n_valid=107  28s  max||J||/sqrt(d)=1.368  max_d_mean=1.26e-03
[  6h05m + 27.70s]   prompt 844/1000  seq_len=128 n_valid=111  28s  max||J||/sqrt(d)=1.349  max_d_mean=1.54e-03
[  6h05m + 28.10s]   prompt 845/1000  seq_len=77 n_valid=60  28s  max||J||/sqrt(d)=1.446  max_d_mean=1.85e-03
[  6h06m + 26.21s]   prompt 846/1000  seq_len=128 n_valid=111  26s  max||J||/sqrt(d)=1.322  max_d_mean=1.14e-03
[  6h06m + 27.98s]   prompt 847/1000  seq_len=128 n_valid=111  28s  max||J||/sqrt(d)=1.332  max_d_mean=1.34e-03
[  6h07m + 26.70s]   prompt 848/1000  seq_len=128 n_valid=111  27s  max||J||/sqrt(d)=1.344  max_d_mean=1.17e-03
[  6h07m + 26.60s]   prompt 849/1000  seq_len=128 n_valid=111  27s  max||J||/sqrt(d)=1.339  max_d_mean=1.19e-03
[  6h07m + 29.30s]   prompt 850/1000  seq_len=128 n_valid=111  29s  max||J||/sqrt(d)=1.328  max_d_mean=1.68e-03
[  6h08m + 29.10s]   prompt 851/1000  seq_len=128 n_valid=111  29s  max||J||/sqrt(d)=1.312  max_d_mean=1.01e-03
[  6h08m + 27.71s]   prompt 852/1000  seq_len=128 n_valid=111  28s  max||J||/sqrt(d)=1.388  max_d_mean=1.36e-03
[  6h09m + 28.70s]   prompt 853/1000  seq_len=128 n_valid=111  29s  max||J||/sqrt(d)=1.271  max_d_mean=9.42e-04
[  6h09m + 27.99s]   prompt 854/1000  seq_len=128 n_valid=111  28s  max||J||/sqrt(d)=1.349  max_d_mean=1.23e-03
[  6h10m + 27.60s]   prompt 855/1000  seq_len=128 n_valid=111  28s  max||J||/sqrt(d)=1.286  max_d_mean=1.26e-03
[  6h10m + 29.50s]   prompt 856/1000  seq_len=128 n_valid=111  29s  max||J||/sqrt(d)=1.299  max_d_mean=1.16e-03
[  6h11m + 27.91s]   prompt 857/1000  seq_len=128 n_valid=111  28s  max||J||/sqrt(d)=1.527  max_d_mean=1.92e-03
[  6h11m + 29.40s]   prompt 858/1000  seq_len=57 n_valid=40  29s  max||J||/sqrt(d)=1.234  max_d_mean=1.25e-03
[  6h12m + 29.49s]   prompt 859/1000  seq_len=128 n_valid=111  29s  max||J||/sqrt(d)=1.684  max_d_mean=2.91e-03
[  6h12m + 28.50s]   prompt 860/1000  seq_len=128 n_valid=111  28s  max||J||/sqrt(d)=1.346  max_d_mean=1.61e-03
[  6h13m + 26.31s]   prompt 861/1000  seq_len=128 n_valid=111  26s  max||J||/sqrt(d)=1.353  max_d_mean=1.37e-03
[  6h13m + 28.30s]   prompt 862/1000  seq_len=128 n_valid=111  28s  max||J||/sqrt(d)=1.506  max_d_mean=2.23e-03
[  6h14m + 27.10s]   prompt 863/1000  seq_len=51 n_valid=34  27s  max||J||/sqrt(d)=1.367  max_d_mean=2.01e-03
[  6h14m + 27.80s]   prompt 864/1000  seq_len=128 n_valid=111  28s  max||J||/sqrt(d)=1.368  max_d_mean=1.58e-03
[  6h14m + 27.10s]   prompt 865/1000  seq_len=128 n_valid=111  27s  max||J||/sqrt(d)=1.422  max_d_mean=1.52e-03
[  6h15m + 26.70s]   prompt 866/1000  seq_len=128 n_valid=111  27s  max||J||/sqrt(d)=1.453  max_d_mean=1.71e-03
[  6h15m + 27.99s]   prompt 867/1000  seq_len=128 n_valid=111  28s  max||J||/sqrt(d)=1.423  max_d_mean=1.57e-03
[  6h16m + 27.00s]   prompt 868/1000  seq_len=128 n_valid=111  27s  max||J||/sqrt(d)=1.455  max_d_mean=1.67e-03
[  6h16m + 28.00s]   prompt 869/1000  seq_len=104 n_valid=87  28s  max||J||/sqrt(d)=1.325  max_d_mean=1.44e-03
[  6h17m + 26.90s]   prompt 870/1000  seq_len=128 n_valid=111  27s  max||J||/sqrt(d)=1.352  max_d_mean=1.39e-03
[  6h17m + 27.10s]   prompt 871/1000  seq_len=128 n_valid=111  27s  max||J||/sqrt(d)=1.433  max_d_mean=1.53e-03
[  6h18m + 26.50s]   prompt 872/1000  seq_len=128 n_valid=111  26s  max||J||/sqrt(d)=1.327  max_d_mean=1.20e-03
[  6h18m + 28.81s]   prompt 873/1000  seq_len=97 n_valid=80  29s  max||J||/sqrt(d)=1.333  max_d_mean=1.61e-03
[  6h19m + 26.69s]   prompt 874/1000  seq_len=115 n_valid=98  27s  max||J||/sqrt(d)=1.412  max_d_mean=1.54e-03
[  6h19m + 26.20s]   prompt 875/1000  seq_len=128 n_valid=111  26s  max||J||/sqrt(d)=1.445  max_d_mean=1.46e-03
[  6h19m + 25.30s]   prompt 876/1000  seq_len=128 n_valid=111  25s  max||J||/sqrt(d)=1.365  max_d_mean=1.17e-03
[  6h20m + 25.70s]   prompt 877/1000  seq_len=59 n_valid=42  26s  max||J||/sqrt(d)=1.316  max_d_mean=1.73e-03
[  6h20m + 26.89s]   prompt 878/1000  seq_len=100 n_valid=83  27s  max||J||/sqrt(d)=1.283  max_d_mean=1.07e-03
[  6h21m + 25.81s]   prompt 879/1000  seq_len=92 n_valid=75  26s  max||J||/sqrt(d)=1.311  max_d_mean=1.15e-03
[  6h21m + 27.80s]   prompt 880/1000  seq_len=90 n_valid=73  28s  max||J||/sqrt(d)=1.278  max_d_mean=1.30e-03
[  6h22m + 25.20s]   prompt 881/1000  seq_len=46 n_valid=29  25s  max||J||/sqrt(d)=1.300  max_d_mean=2.07e-03
[  6h22m + 24.10s]   prompt 882/1000  seq_len=128 n_valid=111  24s  max||J||/sqrt(d)=1.694  max_d_mean=2.94e-03
[  6h22m + 24.40s]   prompt 883/1000  seq_len=121 n_valid=104  24s  max||J||/sqrt(d)=1.328  max_d_mean=1.15e-03
[  6h23m + 24.50s]   prompt 884/1000  seq_len=61 n_valid=44  24s  max||J||/sqrt(d)=1.229  max_d_mean=1.40e-03
[  6h23m + 26.11s]   prompt 885/1000  seq_len=79 n_valid=62  26s  max||J||/sqrt(d)=1.319  max_d_mean=1.44e-03
[  6h24m + 25.50s]   prompt 886/1000  seq_len=128 n_valid=111  25s  max||J||/sqrt(d)=1.315  max_d_mean=1.26e-03
[  6h24m + 25.90s]   prompt 887/1000  seq_len=128 n_valid=111  26s  max||J||/sqrt(d)=1.359  max_d_mean=1.04e-03
[  6h25m + 28.40s]   prompt 888/1000  seq_len=128 n_valid=111  28s  max||J||/sqrt(d)=1.297  max_d_mean=1.51e-03
[  6h25m + 29.10s]   prompt 889/1000  seq_len=83 n_valid=66  29s  max||J||/sqrt(d)=1.384  max_d_mean=1.58e-03
[  6h26m + 28.71s]   prompt 890/1000  seq_len=70 n_valid=53  29s  max||J||/sqrt(d)=1.254  max_d_mean=1.52e-03
[  6h26m + 30.30s]   prompt 891/1000  seq_len=128 n_valid=111  30s  max||J||/sqrt(d)=1.441  max_d_mean=1.43e-03
[  6h27m + 30.50s]   prompt 892/1000  seq_len=128 n_valid=111  30s  max||J||/sqrt(d)=1.408  max_d_mean=1.51e-03
[  6h27m + 31.60s]   prompt 893/1000  seq_len=128 n_valid=111  32s  max||J||/sqrt(d)=1.398  max_d_mean=1.54e-03
[  6h28m + 29.70s]   prompt 894/1000  seq_len=97 n_valid=80  30s  max||J||/sqrt(d)=1.368  max_d_mean=1.47e-03
[  6h28m + 27.10s]   prompt 895/1000  seq_len=90 n_valid=73  27s  max||J||/sqrt(d)=1.305  max_d_mean=1.38e-03
[  6h29m + 26.21s]   prompt 896/1000  seq_len=121 n_valid=104  26s  max||J||/sqrt(d)=1.348  max_d_mean=1.37e-03
[  6h29m + 28.79s]   prompt 897/1000  seq_len=125 n_valid=108  29s  max||J||/sqrt(d)=1.394  max_d_mean=1.40e-03
[  6h29m + 27.80s]   prompt 898/1000  seq_len=128 n_valid=111  28s  max||J||/sqrt(d)=1.337  max_d_mean=1.35e-03
[  6h30m + 26.71s]   prompt 899/1000  seq_len=128 n_valid=111  27s  max||J||/sqrt(d)=1.294  max_d_mean=1.22e-03
[  6h30m + 26.10s]   prompt 900/1000  seq_len=128 n_valid=111  26s  max||J||/sqrt(d)=1.420  max_d_mean=1.51e-03
[  6h31m + 26.10s]   prompt 901/1000  seq_len=128 n_valid=111  26s  max||J||/sqrt(d)=1.284  max_d_mean=1.14e-03
[  6h31m + 27.69s]   prompt 902/1000  seq_len=128 n_valid=111  28s  max||J||/sqrt(d)=1.348  max_d_mean=1.16e-03
[  6h32m + 26.80s]   prompt 903/1000  seq_len=128 n_valid=111  27s  max||J||/sqrt(d)=1.329  max_d_mean=1.12e-03
[  6h32m + 28.51s]   prompt 904/1000  seq_len=128 n_valid=111  29s  max||J||/sqrt(d)=1.323  max_d_mean=1.47e-03
[  6h33m + 29.49s]   prompt 905/1000  seq_len=128 n_valid=111  29s  max||J||/sqrt(d)=1.378  max_d_mean=1.31e-03
[  6h33m + 28.10s]   prompt 906/1000  seq_len=128 n_valid=111  28s  max||J||/sqrt(d)=1.267  max_d_mean=1.25e-03
[  6h34m + 28.50s]   prompt 907/1000  seq_len=128 n_valid=111  28s  max||J||/sqrt(d)=1.299  max_d_mean=1.15e-03
[  6h34m + 28.20s]   prompt 908/1000  seq_len=128 n_valid=111  28s  max||J||/sqrt(d)=1.323  max_d_mean=1.34e-03
[  6h34m + 25.40s]   prompt 909/1000  seq_len=128 n_valid=111  25s  max||J||/sqrt(d)=1.359  max_d_mean=1.95e-03
[  6h35m + 28.10s]   prompt 910/1000  seq_len=128 n_valid=111  28s  max||J||/sqrt(d)=1.326  max_d_mean=1.19e-03
[  6h35m + 27.40s]   prompt 911/1000  seq_len=128 n_valid=111  27s  max||J||/sqrt(d)=1.330  max_d_mean=1.48e-03
[  6h36m + 28.40s]   prompt 912/1000  seq_len=128 n_valid=111  28s  max||J||/sqrt(d)=1.373  max_d_mean=1.52e-03
[  6h36m + 26.60s]   prompt 913/1000  seq_len=128 n_valid=111  27s  max||J||/sqrt(d)=1.304  max_d_mean=1.39e-03
[  6h37m + 27.09s]   prompt 914/1000  seq_len=128 n_valid=111  27s  max||J||/sqrt(d)=1.334  max_d_mean=1.44e-03
[  6h37m + 27.40s]   prompt 915/1000  seq_len=128 n_valid=111  27s  max||J||/sqrt(d)=1.267  max_d_mean=1.42e-03
[  6h38m + 25.80s]   prompt 916/1000  seq_len=128 n_valid=111  26s  max||J||/sqrt(d)=1.547  max_d_mean=1.83e-03
[  6h38m + 26.00s]   prompt 917/1000  seq_len=128 n_valid=111  26s  max||J||/sqrt(d)=1.383  max_d_mean=1.35e-03
[  6h39m + 25.30s]   prompt 918/1000  seq_len=128 n_valid=111  25s  max||J||/sqrt(d)=1.436  max_d_mean=1.54e-03
[  6h39m + 28.30s]   prompt 919/1000  seq_len=128 n_valid=111  28s  max||J||/sqrt(d)=1.957  max_d_mean=3.00e-03
[  6h39m + 27.90s]   prompt 920/1000  seq_len=128 n_valid=111  28s  max||J||/sqrt(d)=1.321  max_d_mean=1.22e-03
[  6h40m + 26.90s]   prompt 921/1000  seq_len=128 n_valid=111  27s  max||J||/sqrt(d)=2.241  max_d_mean=3.59e-03
[  6h40m + 26.60s]   prompt 922/1000  seq_len=128 n_valid=111  27s  max||J||/sqrt(d)=1.330  max_d_mean=1.48e-03
[  6h41m + 27.40s]   prompt 923/1000  seq_len=128 n_valid=111  27s  max||J||/sqrt(d)=1.852  max_d_mean=2.62e-03
[  6h41m + 25.71s]   prompt 924/1000  seq_len=96 n_valid=79  26s  max||J||/sqrt(d)=1.289  max_d_mean=1.51e-03
[  6h42m + 22.89s]   prompt 925/1000  seq_len=128 n_valid=111  23s  max||J||/sqrt(d)=1.309  max_d_mean=1.36e-03
[  6h42m + 24.10s]   prompt 926/1000  seq_len=63 n_valid=46  24s  max||J||/sqrt(d)=1.353  max_d_mean=1.52e-03
[  6h42m + 23.80s]   prompt 927/1000  seq_len=128 n_valid=111  24s  max||J||/sqrt(d)=1.290  max_d_mean=1.20e-03
[  6h43m + 25.20s]   prompt 928/1000  seq_len=128 n_valid=111  25s  max||J||/sqrt(d)=1.510  max_d_mean=1.94e-03
[  6h43m + 24.40s]   prompt 929/1000  seq_len=128 n_valid=111  24s  max||J||/sqrt(d)=1.327  max_d_mean=1.28e-03
[  6h44m + 25.70s]   prompt 930/1000  seq_len=128 n_valid=111  26s  max||J||/sqrt(d)=1.403  max_d_mean=1.72e-03
[  6h44m + 27.70s]   prompt 931/1000  seq_len=128 n_valid=111  28s  max||J||/sqrt(d)=1.267  max_d_mean=1.27e-03
[  6h45m + 27.60s]   prompt 932/1000  seq_len=128 n_valid=111  28s  max||J||/sqrt(d)=1.323  max_d_mean=1.47e-03
[  6h45m + 27.70s]   prompt 933/1000  seq_len=128 n_valid=111  28s  max||J||/sqrt(d)=1.386  max_d_mean=1.96e-03
[  6h46m + 27.90s]   prompt 934/1000  seq_len=128 n_valid=111  28s  max||J||/sqrt(d)=1.305  max_d_mean=1.32e-03
[  6h46m + 26.51s]   prompt 935/1000  seq_len=128 n_valid=111  27s  max||J||/sqrt(d)=1.403  max_d_mean=1.49e-03
[  6h46m + 26.90s]   prompt 936/1000  seq_len=105 n_valid=88  27s  max||J||/sqrt(d)=1.279  max_d_mean=1.28e-03
[  6h47m + 28.20s]   prompt 937/1000  seq_len=128 n_valid=111  28s  max||J||/sqrt(d)=1.367  max_d_mean=1.35e-03
[  6h47m + 28.29s]   prompt 938/1000  seq_len=125 n_valid=108  28s  max||J||/sqrt(d)=1.468  max_d_mean=2.43e-03
[  6h48m + 27.60s]   prompt 939/1000  seq_len=128 n_valid=111  28s  max||J||/sqrt(d)=1.385  max_d_mean=1.35e-03
[  6h48m + 27.51s]   prompt 940/1000  seq_len=128 n_valid=111  28s  max||J||/sqrt(d)=1.245  max_d_mean=1.25e-03
[  6h49m + 28.39s]   prompt 941/1000  seq_len=128 n_valid=111  28s  max||J||/sqrt(d)=1.301  max_d_mean=1.38e-03
[  6h49m + 27.00s]   prompt 942/1000  seq_len=128 n_valid=111  27s  max||J||/sqrt(d)=1.280  max_d_mean=1.19e-03
[  6h50m + 26.49s]   prompt 943/1000  seq_len=128 n_valid=111  26s  max||J||/sqrt(d)=1.295  max_d_mean=1.03e-03
[  6h50m + 26.10s]   prompt 944/1000  seq_len=128 n_valid=111  26s  max||J||/sqrt(d)=1.358  max_d_mean=1.14e-03
[  6h51m + 27.30s]   prompt 945/1000  seq_len=128 n_valid=111  27s  max||J||/sqrt(d)=1.331  max_d_mean=1.20e-03
[  6h51m + 30.20s]   prompt 946/1000  seq_len=128 n_valid=111  30s  max||J||/sqrt(d)=1.380  max_d_mean=1.18e-03
[  6h51m + 27.00s]   prompt 947/1000  seq_len=128 n_valid=111  27s  max||J||/sqrt(d)=1.314  max_d_mean=1.50e-03
[  6h52m + 26.10s]   prompt 948/1000  seq_len=51 n_valid=34  26s  max||J||/sqrt(d)=1.236  max_d_mean=1.68e-03
[  6h52m + 27.01s]   prompt 949/1000  seq_len=128 n_valid=111  27s  max||J||/sqrt(d)=1.285  max_d_mean=1.45e-03
[  6h53m + 26.41s]   prompt 950/1000  seq_len=128 n_valid=111  26s  max||J||/sqrt(d)=1.339  max_d_mean=1.16e-03
[  6h53m + 28.49s]   prompt 951/1000  seq_len=128 n_valid=111  28s  max||J||/sqrt(d)=1.323  max_d_mean=1.01e-03
[  6h54m + 28.41s]   prompt 952/1000  seq_len=97 n_valid=80  28s  max||J||/sqrt(d)=1.309  max_d_mean=1.03e-03
[  6h54m + 27.59s]   prompt 953/1000  seq_len=113 n_valid=96  28s  max||J||/sqrt(d)=1.305  max_d_mean=1.13e-03
[  6h55m + 27.31s]   prompt 954/1000  seq_len=128 n_valid=111  27s  max||J||/sqrt(d)=1.267  max_d_mean=1.31e-03
[  6h55m + 26.99s]   prompt 955/1000  seq_len=128 n_valid=111  27s  max||J||/sqrt(d)=1.360  max_d_mean=1.49e-03
[  6h56m + 27.90s]   prompt 956/1000  seq_len=128 n_valid=111  28s  max||J||/sqrt(d)=1.289  max_d_mean=8.82e-04
[  6h56m + 27.21s]   prompt 957/1000  seq_len=128 n_valid=111  27s  max||J||/sqrt(d)=1.326  max_d_mean=1.16e-03
[  6h56m + 27.19s]   prompt 958/1000  seq_len=94 n_valid=77  27s  max||J||/sqrt(d)=1.290  max_d_mean=1.46e-03
[  6h57m + 27.80s]   prompt 959/1000  seq_len=128 n_valid=111  28s  max||J||/sqrt(d)=1.399  max_d_mean=1.45e-03
[  6h57m + 27.80s]   prompt 960/1000  seq_len=128 n_valid=111  28s  max||J||/sqrt(d)=1.334  max_d_mean=1.26e-03
[  6h58m + 26.20s]   prompt 961/1000  seq_len=128 n_valid=111  26s  max||J||/sqrt(d)=1.337  max_d_mean=1.05e-03
[  6h58m + 25.91s]   prompt 962/1000  seq_len=117 n_valid=100  26s  max||J||/sqrt(d)=1.279  max_d_mean=1.07e-03
[  6h59m + 25.60s]   prompt 963/1000  seq_len=115 n_valid=98  26s  max||J||/sqrt(d)=1.459  max_d_mean=1.35e-03
[  6h59m + 27.20s]   prompt 964/1000  seq_len=104 n_valid=87  27s  max||J||/sqrt(d)=1.403  max_d_mean=1.24e-03
[  7h00m + 26.11s]   prompt 965/1000  seq_len=128 n_valid=111  26s  max||J||/sqrt(d)=1.335  max_d_mean=1.48e-03
[  7h00m + 27.59s]   prompt 966/1000  seq_len=128 n_valid=111  28s  max||J||/sqrt(d)=1.298  max_d_mean=1.05e-03
[  7h00m + 27.40s]   prompt 967/1000  seq_len=128 n_valid=111  27s  max||J||/sqrt(d)=1.280  max_d_mean=9.48e-04
[  7h01m + 27.90s]   prompt 968/1000  seq_len=99 n_valid=82  28s  max||J||/sqrt(d)=1.282  max_d_mean=1.36e-03
[  7h01m + 27.10s]   prompt 969/1000  seq_len=128 n_valid=111  27s  max||J||/sqrt(d)=1.313  max_d_mean=1.09e-03
[  7h02m + 26.40s]   prompt 970/1000  seq_len=128 n_valid=111  26s  max||J||/sqrt(d)=1.386  max_d_mean=1.78e-03
[  7h02m + 28.90s]   prompt 971/1000  seq_len=128 n_valid=111  29s  max||J||/sqrt(d)=1.430  max_d_mean=1.42e-03
[  7h03m + 27.71s]   prompt 972/1000  seq_len=103 n_valid=86  28s  max||J||/sqrt(d)=1.318  max_d_mean=1.34e-03
[  7h03m + 28.79s]   prompt 973/1000  seq_len=58 n_valid=41  29s  max||J||/sqrt(d)=1.290  max_d_mean=1.31e-03
[  7h04m + 26.70s]   prompt 974/1000  seq_len=128 n_valid=111  27s  max||J||/sqrt(d)=1.328  max_d_mean=1.28e-03
[  7h04m + 27.60s]   prompt 975/1000  seq_len=82 n_valid=65  28s  max||J||/sqrt(d)=1.247  max_d_mean=1.42e-03
[  7h05m + 28.71s]   prompt 976/1000  seq_len=114 n_valid=97  29s  max||J||/sqrt(d)=1.329  max_d_mean=1.07e-03
[  7h05m + 28.69s]   prompt 977/1000  seq_len=128 n_valid=111  29s  max||J||/sqrt(d)=1.304  max_d_mean=1.33e-03
[  7h06m + 28.81s]   prompt 978/1000  seq_len=128 n_valid=111  29s  max||J||/sqrt(d)=1.278  max_d_mean=1.28e-03
[  7h06m + 28.70s]   prompt 979/1000  seq_len=88 n_valid=71  29s  max||J||/sqrt(d)=1.247  max_d_mean=1.55e-03
[  7h07m + 29.30s]   prompt 980/1000  seq_len=114 n_valid=97  29s  max||J||/sqrt(d)=1.308  max_d_mean=1.47e-03
[  7h07m + 28.50s]   prompt 981/1000  seq_len=128 n_valid=111  28s  max||J||/sqrt(d)=1.301  max_d_mean=1.48e-03
[  7h08m + 27.70s]   prompt 982/1000  seq_len=56 n_valid=39  28s  max||J||/sqrt(d)=1.261  max_d_mean=1.28e-03
[  7h08m + 27.70s]   prompt 983/1000  seq_len=128 n_valid=111  28s  max||J||/sqrt(d)=1.342  max_d_mean=1.86e-03
[  7h08m + 26.41s]   prompt 984/1000  seq_len=69 n_valid=52  26s  max||J||/sqrt(d)=1.296  max_d_mean=1.76e-03
[  7h09m + 27.09s]   prompt 985/1000  seq_len=101 n_valid=84  27s  max||J||/sqrt(d)=1.266  max_d_mean=1.23e-03
[  7h09m + 27.30s]   prompt 986/1000  seq_len=128 n_valid=111  27s  max||J||/sqrt(d)=1.329  max_d_mean=1.43e-03
[  7h10m + 26.80s]   prompt 987/1000  seq_len=106 n_valid=89  27s  max||J||/sqrt(d)=1.275  max_d_mean=1.35e-03
[  7h10m + 28.60s]   prompt 988/1000  seq_len=103 n_valid=86  29s  max||J||/sqrt(d)=1.281  max_d_mean=1.27e-03
[  7h11m + 28.71s]   prompt 989/1000  seq_len=93 n_valid=76  29s  max||J||/sqrt(d)=1.307  max_d_mean=1.17e-03
[  7h11m + 26.99s]   prompt 990/1000  seq_len=63 n_valid=46  27s  max||J||/sqrt(d)=1.232  max_d_mean=1.37e-03
[  7h12m + 27.90s]   prompt 991/1000  seq_len=77 n_valid=60  28s  max||J||/sqrt(d)=1.326  max_d_mean=1.51e-03
[  7h12m + 28.70s]   prompt 992/1000  seq_len=128 n_valid=111  29s  max||J||/sqrt(d)=1.316  max_d_mean=1.97e-03
[  7h13m + 28.70s]   prompt 993/1000  seq_len=95 n_valid=78  29s  max||J||/sqrt(d)=1.278  max_d_mean=1.52e-03
[  7h13m + 28.50s]   prompt 994/1000  seq_len=128 n_valid=111  28s  max||J||/sqrt(d)=1.324  max_d_mean=1.23e-03
[  7h14m + 30.01s]   prompt 995/1000  seq_len=91 n_valid=74  30s  max||J||/sqrt(d)=1.356  max_d_mean=1.70e-03
[  7h14m + 31.20s]   prompt 996/1000  seq_len=128 n_valid=111  31s  max||J||/sqrt(d)=1.316  max_d_mean=1.19e-03
[  7h15m + 31.39s]   prompt 997/1000  seq_len=44 n_valid=27  31s  max||J||/sqrt(d)=1.249  max_d_mean=1.34e-03
[  7h15m + 32.20s]   prompt 998/1000  seq_len=74 n_valid=57  32s  max||J||/sqrt(d)=1.367  max_d_mean=1.74e-03
[  7h16m + 31.70s]   prompt 999/1000  seq_len=55 n_valid=38  32s  max||J||/sqrt(d)=1.290  max_d_mean=1.64e-03
[  7h16m + 31.40s]   prompt 1000/1000  seq_len=128 n_valid=111  31s  max||J||/sqrt(d)=1.291  max_d_mean=9.83e-04
[  7h16m +  2.40s] fit: done, 1000 prompts
saved ../lenses/gpt2-medium/lens.pt {'model': 'gpt2-medium', 'n_prompts': 1000, 'dim_batch': 128, 'target_layer': None, 'skip_first': 16, 'corpus': 'Salesforce/wikitext:wikitext-103-raw-v1:train (min200/max2000 chars, non-header)', 'dtype': 'bfloat16', 'wall_seconds': 26193.4}
